CASE_ID,ACCIDENT_YEAR,PROC_DATE,JURIS,COLLISION_DATE,COLLISION_TIME,OFFICER_ID,REPORTING_DISTRICT,DAY_OF_WEEK,CHP_SHIFT,POPULATION,CNTY_CITY_LOC,SPECIAL_COND,BEAT_TYPE,CHP_BEAT_TYPE,CITY_DIVISION_LAPD,CHP_BEAT_CLASS,BEAT_NUMBER,PRIMARY_RD,SECONDARY_RD,DISTANCE,DIRECTION,INTERSECTION,WEATHER_1,WEATHER_2,STATE_HWY_IND,CALTRANS_COUNTY,CALTRANS_DISTRICT,STATE_ROUTE,ROUTE_SUFFIX,POSTMILE_PREFIX,POSTMILE,LOCATION_TYPE,RAMP_INTERSECTION,SIDE_OF_HWY,TOW_AWAY,COLLISION_SEVERITY,NUMBER_KILLED,NUMBER_INJURED,PARTY_COUNT,PRIMARY_COLL_FACTOR,PCF_CODE_OF_VIOL,PCF_VIOL_CATEGORY,PCF_VIOLATION,PCF_VIOL_SUBSECTION,HIT_AND_RUN,TYPE_OF_COLLISION,MVIW,PED_ACTION,ROAD_SURFACE,ROAD_COND_1,ROAD_COND_2,LIGHTING,CONTROL_DEVICE,CHP_ROAD_TYPE,PEDESTRIAN_ACCIDENT,BICYCLE_ACCIDENT,MOTORCYCLE_ACCIDENT,TRUCK_ACCIDENT,NOT_PRIVATE_PROPERTY,ALCOHOL_INVOLVED,STWD_VEHTYPE_AT_FAULT,CHP_VEHTYPE_AT_FAULT,COUNT_SEVERE_INJ,COUNT_VISIBLE_INJ,COUNT_COMPLAINT_PAIN,COUNT_PED_KILLED,COUNT_PED_INJURED,COUNT_BICYCLIST_KILLED,COUNT_BICYCLIST_INJURED,COUNT_MC_KILLED,COUNT_MC_INJURED,PRIMARY_RAMP,SECONDARY_RAMP,LATITUDE,LONGITUDE,COUNTY,CITY,POINT_X,POINT_Y
9238500,2021,2021-04-16,3105,2021-03-07,1802,1155,,7,5,5,3105,0,0,0,,0,005,"PLEASANT GROVE BL","HIGHALND POINTE DR",0.00,,Y,A,-,N,,,,,,,,,,Y,4,0,3,2,A,-,09,21453,C,N,A,C,A,A,H,-,A,A,0,,,,,Y,,A,01,0,0,3,0,0,0,0,0,0,"- ","- ",38.782730102539062,-121.28556060791016,PLACER,ROSEVILLE,-121.2867431640625,38.783275604248047
9316399,2021,2021-10-05,3100,2021-08-17,1155,82,,2,5,2,3106,0,0,0,,0,,"SWETZER RD","KEY CT",160.00,N,N,A,-,N,,,,,,,,,,N,3,0,1,2,A,-,03,22350,,N,G,B,E,A,H,-,A,D,0,Y,,,,Y,,A,07,0,1,0,0,1,0,0,0,0,"- ","- ",,,PLACER,LOOMIS,-121.19174194335938,38.831600189208984
91387011,2021,2021-01-13,9220,2021-01-05,1835,15060,,2,2,5,3105,0,1,1,,2,281,"I-80 W/B","DOUGLAS BLVD.",1800.00,E,N,A,-,Y,,,80,,,,,,W,Y,3,0,1,2,A,-,07,21658,A,F,E,I,A,A,H,-,C,D,0,,,,,Y,,A,01,0,1,0,0,0,0,0,0,0,"- ","- ",38.748111724853516,-121.26828002929688,PLACER,ROSEVILLE,-121.26824188232422,38.748088836669922
91395333,2021,2021-01-27,9221,2021-01-22,0930,017125,,5,1,9,3100,0,1,3,,1,320,SR-20,"BEAR VALLEY ROAD",2112.00,E,N,B,D,Y,,,20,,,,,,,Y,4,0,2,1,A,-,03,22350,,N,F,A,A,C,H,-,A,D,0,,,,,Y,,A,07,0,0,2,0,0,0,0,0,0,"- ","- ",39.307891845703125,-120.65702819824219,PLACER,UNINCORPORATED,-120.65699005126953,39.307804107666016
91424063,2021,2021-03-10,9220,2021-03-08,0225,016657,,1,3,4,3104,0,1,1,,2,281,"I-80 E/B","ROCKLIN RD",50.00,W,N,A,-,Y,,,80,,,,,,E,Y,3,0,2,2,A,-,03,22350,,N,C,C,A,A,H,-,C,D,0,,,,Y,Y,,A,07,0,1,1,0,0,0,0,0,0,"- ","- ",38.788280487060547,-121.22279357910156,PLACER,ROCKLIN,-121.2227783203125,38.78826904296875
91429035,2021,2021-03-17,9220,2021-03-11,1716,019586,,4,2,9,3100,0,2,4,,2,058,"DRY CREEK RD","WINDSONG PL",600.00,E,N,B,-,N,,,,,,,,,,Y,3,0,1,1,A,-,08,22107,,N,E,I,A,A,H,-,A,D,0,,,,,Y,Y,D,22,0,1,0,0,0,0,0,0,0,"- ","- ",38.961269378662109,-121.08152008056641,PLACER,UNINCORPORATED,-121.08222961425781,38.961185455322266
91496425,2021,2021-06-14,9222,2021-06-12,1340,019233,,6,1,9,3100,0,1,3,,1,011,"SR-89 (W. LAKE BLVD.)","SEQUOIA AVE.",1584.00,S,N,A,-,Y,,,89,,,,,,,N,3,0,1,2,A,-,09,21804,A,N,D,G,A,A,H,-,A,D,0,,Y,,,Y,,L,04,0,1,0,0,0,0,1,0,0,"- ","- ",39.147289276123047,-120.14765930175781,PLACER,UNINCORPORATED,-120.14766693115234,39.147300720214844
91434199,2021,2021-06-18,9220,2021-03-20,0530,016685,,6,3,5,3105,0,1,3,,1,265,"SR-65 N/B","BLUE OAKS BLVD",1015.00,S,N,B,-,Y,,,65,,,,,,N,Y,4,0,1,1,A,-,01,23152,A,N,E,I,A,A,H,-,C,D,0,,,,,Y,Y,A,01,0,0,1,0,0,0,0,0,0,"- ","- ",38.790859222412109,-121.29194641113281,PLACER,ROSEVILLE,-121.29200744628906,38.790767669677734
91482009,2021,2021-05-27,9220,2021-05-19,0030,018768,,3,3,5,3105,0,1,1,,2,281,"INTERSTATE 80 (WESTBOUND)","ROSEVILLE PARKWAY",127.00,E,N,A,-,Y,,,80,,,,,,,Y,4,0,1,1,A,-,08,22107,,N,E,I,A,A,H,-,C,D,0,,,,,Y,,A,01,0,0,1,0,0,0,0,0,0,"- ","- ",38.763408660888672,-121.25849151611328,PLACER,ROSEVILLE,-121.25836181640625,38.763317108154297
91491074,2021,2021-06-07,9220,2021-05-30,1045,017534,,7,1,9,3100,0,3,5,,2,040,"JOEGER ROAD","STATE ROUTE 49",0.00,,Y,A,-,N,,,,,,,,,,Y,4,0,1,2,A,-,09,21802,A,N,D,C,A,A,H,-,A,A,0,,,,,Y,,D,22,0,0,1,0,0,0,0,0,0,"- ","- ",38.963871002197266,-121.10415649414062,PLACER,UNINCORPORATED,-121.10407257080078,38.963851928710938
91546136,2021,2021-08-16,9220,2021-08-02,2245,019148,,1,3,9,3100,0,1,1,,2,281,"I-80 E/B FROM EUREKA ROAD S/B","EUREKA RD",400.00,W,N,A,-,Y,,,,,,,,,,Y,3,0,2,3,A,-,01,23152,A,N,D,C,A,A,D,-,C,D,0,,,,,Y,Y,A,07,0,2,0,0,0,0,0,0,0,"- ","- ",38.756980895996094,-121.26216125488281,PLACER,UNINCORPORATED,-121.26216888427734,38.757049560546875
9208909,2021,2021-03-15,3105,2021-01-13,0406,1138,,3,5,5,3105,0,0,0,,0,006,"PLEASANT GROVE BL","WASHINGTON BL",0.00,,Y,A,-,N,,,,,,,,,,Y,4,0,1,2,A,-,12,21453,A,N,D,C,A,A,H,-,C,A,0,,,,,Y,,A,01,0,0,1,0,0,0,0,0,0,"- ","- ",38.773880004882812,-121.30377960205078,PLACER,ROSEVILLE,-121.30375671386719,38.773899078369141
9250971,2021,2021-05-06,3105,2021-04-05,1042,1159,,1,5,5,3105,0,0,0,,0,003,"CIRBY WY","RIVERSIDE AV",0.00,,Y,A,-,N,,,,,,,,,,Y,3,0,4,3,A,-,12,21453,A,N,D,C,A,A,H,-,A,A,0,,,,,Y,,A,01,0,1,3,0,0,0,0,0,0,"- ","- ",38.729339599609375,-121.29048156738281,PLACER,ROSEVILLE,-121.29045867919922,38.729347229003906
9370162,2021,2022-02-07,3104,2021-11-02,1809,277,37,2,5,4,3104,0,0,0,,0,002,"SPRINGVIEW DR","SPRINGVIEW MEADOWS DR",0.00,,Y,A,-,N,,,,,,,,,,Y,2,0,1,2,A,-,01,23152,F,N,-,-,A,A,H,-,A,-,0,,,,,Y,,A,01,1,0,0,0,0,0,0,0,0,"- ","- ",38.777030944824219,-121.24928283691406,PLACER,ROCKLIN,-121.24924468994141,38.777050018310547
9380897,2021,2022-01-24,3104,2021-12-26,0640,2846,46,7,5,4,3104,0,0,0,,0,002,"PACIFIC ST","SUNSET BL",178.00,S,N,B,-,N,,,,,,,,,,Y,3,0,1,1,A,-,03,22350,,N,E,I,A,B,H,-,C,D,0,,,,,Y,,D,22,0,1,0,0,0,0,0,0,0,"- ","- ",38.781379699707031,-121.24220275878906,PLACER,ROCKLIN,-121.24266052246094,38.781055450439453
9386086,2021,2022-01-04,3105,2021-11-18,0807,1059,,4,5,5,3105,0,0,0,,0,002,"EUREKA RD","LEAD HILL BL",85.00,N,N,B,-,N,,,,,,,,,,N,4,0,1,2,A,-,04,21703,,N,C,C,A,A,H,-,A,A,0,,,,,Y,,A,01,0,0,1,0,0,0,0,0,0,"- ","- ",38.748409271240234,-121.24759674072266,PLACER,ROSEVILLE,-121.24793243408203,38.748546600341797
9388662,2021,2022-01-14,3105,2021-12-29,0010,1159,,3,5,5,3105,0,0,0,,0,002,"DOUGLAS BL","EAST ROSEVILLE PKWY",0.00,,Y,C,-,N,,,,,,,,,,,3,0,1,2,A,-,01,23153,A,N,B,C,A,B,H,-,C,A,0,,,,,Y,Y,A,01,0,1,0,0,0,0,0,0,0,"- ","- ",38.744029998779297,-121.23594665527344,PLACER,ROSEVILLE,-121.23595428466797,38.744045257568359
91575870,2021,2021-09-21,9221,2021-09-16,1115,014763,,4,1,9,3100,0,1,1,,2,386,"I-80 EASTBOUND","DRUM FOREBAY RD",6336.00,E,N,A,-,Y,,,80,,,,,,E,Y,4,0,1,2,A,-,07,21658,A,N,B,2,A,A,H,-,A,D,0,,,,,Y,,A,01,0,0,1,0,0,0,0,0,0,"- ","- ",39.249629974365234,-120.74054718017578,PLACER,UNINCORPORATED,-120.74063110351562,39.249713897705078
91588058,2021,2021-10-05,9220,2021-09-26,1743,017375,,7,2,9,3100,0,3,5,,2,050,"SHADY TREE LANE","WINCHESTER CLUB DR",528.00,N,N,A,-,N,,,,,,,,,,Y,4,0,1,2,A,-,08,22107,,N,A,C,A,A,H,-,A,D,0,,,,,Y,,A,07,0,0,1,0,0,0,0,0,0,"- ","- ",38.989429473876953,-121.04038238525391,PLACER,UNINCORPORATED,-121.04380035400391,38.992767333984375
9211666,2021,2023-06-17,3104,2021-02-04,2247,311,42,4,5,4,3104,0,0,0,,0,001,"SIERRA COLLEGE BL","ROCKLIN RD",0.00,,Y,A,-,N,,,,,,,,,,N,1,1,0,2,D,-,00,,,F,G,B,E,A,H,-,D,D,0,Y,,,,Y,Y,-,"- ",0,0,0,1,0,0,0,0,0,"- ","- ",38.7994384765625,-121.20542144775391,PLACER,ROCKLIN,-121.20607757568359,38.788623809814453
9238825,2021,2021-04-14,3105,2021-03-13,1120,1139,,6,5,5,3105,0,0,0,,0,006,"FOOTHILL BL","PLEASANT GROVE BL",0.00,,Y,A,-,N,,,,,,,,,,Y,4,0,1,2,A,-,16,24002,A,N,H,B,B,A,H,-,A,A,0,Y,,,,Y,,A,01,0,0,1,0,1,0,0,0,0,"- ","- ",38.772609710693359,-121.31285858154297,PLACER,ROSEVILLE,-121.31288146972656,38.772449493408203
9243385,2021,2021-04-19,3105,2021-03-24,1936,1009,,3,5,5,3105,0,0,0,,0,005,"FAIRWAY DR","PLEASANT GROVE BL",55.00,W,N,A,-,N,,,,,,,,,,N,4,0,1,2,A,-,03,22350,,N,C,C,A,A,H,-,C,A,0,,,,,Y,,A,07,0,0,1,0,0,0,0,0,0,"- ","- ",38.789520263671875,-121.28170013427734,PLACER,ROSEVILLE,-121.281982421875,38.789608001708984
9282190,2021,2021-09-01,3105,2021-06-16,2241,1147,,3,5,5,3105,0,0,0,,0,004,"FOOTHILLS BL","DENIO LP",147.00,S,N,A,-,N,,,,,,,,,,Y,4,0,1,2,A,-,08,22107,,N,B,C,A,A,H,-,C,D,0,,,,,Y,Y,-,,0,0,1,0,0,0,0,0,0,"- ","- ",38.738449096679688,-121.30673217773438,PLACER,ROSEVILLE,-121.30580139160156,38.737689971923828
9323913,2021,2021-09-15,3105,2021-08-27,1827,1150,,5,5,5,3105,0,0,0,,0,007,"BLUE OAKS BL","ORCHARD VIEW DR",108.00,W,N,A,-,N,,,,,,,,,,Y,4,0,1,2,A,-,07,21658,A,N,B,C,A,A,H,-,A,A,0,,,,,Y,,A,01,0,0,1,0,0,0,0,0,0,"- ","- ",38.791801452636719,-121.35199737548828,PLACER,ROSEVILLE,-121.35237121582031,38.791656494140625
9379586,2021,2022-01-28,3101,2021-11-26,1825,A711,AU12,5,5,3,3101,0,0,0,,0,0A1,"GRASS VALLEY HWY","GRASS VALLEY HWY 475",0.00,,Y,A,-,Y,PLA,3,49,-,-,3.690,H,-,S,Y,4,0,2,3,A,-,03,22350,,N,C,C,A,A,H,-,D,A,0,,,,,Y,,A,07,0,0,2,0,0,0,0,0,0,"- ","- ",38.906650543212891,-121.07704162597656,PLACER,AUBURN,-121.07676696777344,38.907108306884766
91646537,2021,2021-12-08,9222,2021-12-01,1215,017091,,3,1,9,3100,0,1,3,,1,015,"STATE ROUTE 28","FOX STREET",277.00,E,N,A,-,Y,,,28,,,,,,,Y,3,0,2,2,A,-,09,21804,A,N,D,C,A,A,H,-,A,D,0,,,,,Y,,D,22,0,2,0,0,0,0,0,0,0,"- ","- ",39.234798431396484,-120.01840209960938,PLACER,UNINCORPORATED,-120.01842498779297,39.234729766845703
91453649,2021,2021-05-27,9220,2021-04-08,1709,017383,,4,2,9,3100,0,1,3,,1,265,"SR-65 (N/B)","WHITNEY RANCH PARKWAY",1584.00,S,N,A,-,Y,,,65,,,,,,,Y,3,0,1,1,A,-,08,22107,,N,F,A,A,A,H,-,A,D,0,,,,,Y,,A,07,0,1,0,0,0,0,0,0,0,"- ","- ",38.826839447021484,-121.29981994628906,PLACER,UNINCORPORATED,-121.29986572265625,38.826839447021484
91470130,2021,2021-05-27,9221,2021-05-05,1615,017881,,3,2,9,3100,0,1,1,,2,384,"I-80 E/B","174 OFF",6336.00,E,N,A,-,Y,,,80,,,,,,E,Y,3,0,1,1,A,-,08,22107,,N,E,I,A,A,H,-,A,D,0,,,,,Y,,A,01,0,1,0,0,0,0,0,0,0,"- ","- ",39.112888336181641,-120.94464874267578,PLACER,UNINCORPORATED,-120.94472503662109,39.112918853759766
91479730,2021,2021-05-27,9222,2021-05-18,1705,017550,,2,2,9,3100,0,1,3,,1,015,SR-28,"CENTER ST.",2000.00,W,N,A,-,N,,,28,,,,,,,Y,3,0,1,2,A,-,03,22350,,N,C,C,A,A,D,H,A,D,0,,,,,Y,,A,07,0,1,0,0,0,0,0,0,0,"- ","- ",39.221420288085938,-120.08688354492188,PLACER,UNINCORPORATED,-120.08689117431641,39.221420288085938
91521709,2021,2021-07-16,9222,2021-07-07,1315,017091,,3,1,9,3100,0,1,3,,1,015,"STATE ROUTE 28","SAHARA DRIVE",350.00,W,N,A,-,Y,,,28,,,,,,,Y,3,0,1,1,A,-,08,22107,,N,E,I,A,A,H,-,A,D,0,,,,,Y,,D,23,0,1,0,0,0,0,0,0,0,"- ","- ",39.228000640869141,-120.07140350341797,PLACER,UNINCORPORATED,-120.07143402099609,39.228054046630859
91589808,2021,2021-10-06,9222,2021-10-04,1700,015913,,1,2,9,3100,0,3,5,,2,010,"SR-89 SOUTH","SQUAW VALLEY RD.",1056.00,S,N,A,-,Y,,,89,,,,,,,Y,2,0,1,1,A,-,08,22107,,N,E,I,A,A,H,-,A,D,0,,,,,Y,,D,22,1,0,0,0,0,0,0,0,0,"- ","- ",39.201171875,-120.20147705078125,PLACER,UNINCORPORATED,-120.201416015625,39.201148986816406
91606383,2021,2021-10-26,9220,2021-10-19,1655,017762,,2,2,5,3105,0,1,3,,1,265,"SR-65 S/B","PLEASANT GROVE BLVD. O/C",170.00,N,N,A,-,Y,,,,,,,,,,Y,4,0,2,2,A,-,03,22350,,N,C,C,A,A,H,-,A,A,0,,,,Y,Y,,F,26,0,0,2,0,0,0,0,0,0,"- ","- ",38.819801330566406,-121.02760314941406,PLACER,ROSEVILLE,-121.28462219238281,38.786701202392578
9281294,2021,2021-08-16,3103,2021-07-23,1406,AELLI,L3,5,5,2,3103,0,0,0,,0,0L1,"7TH ST","LINCOLN BL",0.00,,Y,A,-,N,,,,,,,,,,Y,3,0,1,2,A,-,17,21451,A,N,D,C,A,A,H,-,A,A,0,,,,,Y,,D,22,0,1,0,0,0,0,0,0,0,"- ","- ",38.894458770751953,-121.29295349121094,PLACER,LINCOLN,-121.29298400878906,38.894435882568359
9325589,2021,2021-10-23,3105,2021-09-11,2500,1133,,6,5,5,3105,0,0,0,,0,003,"RIVERSIDE AV","CIRBY WY",74.00,S,N,A,-,N,,,,,,,,,,Y,4,0,2,2,A,-,12,21453,A,N,D,C,A,A,H,-,C,A,0,,,,,Y,,A,01,0,0,2,0,0,0,0,0,0,"- ","- ",38.729339599609375,-121.29048156738281,PLACER,ROSEVILLE,-121.29045867919922,38.729145050048828
9360853,2021,2021-11-23,3103,2021-10-09,0835,BSCHN,L5,6,5,2,3103,0,0,0,,0,0L3,"LINCOLN BL","7TH ST",0.00,,Y,A,-,N,,,,,,,,,,Y,3,0,2,2,A,-,12,21453,A,N,D,C,A,A,H,-,A,A,0,,,,,Y,,A,07,0,1,1,0,0,0,0,0,0,"- ","- ",38.894458770751953,-121.29295349121094,PLACER,LINCOLN,-121.29298400878906,38.894435882568359
9369863,2021,2021-12-28,3105,2021-11-19,1807,1108,,5,5,5,3105,0,0,0,,0,007,"BLUE OAKS BL","FIDDYMENT RD",0.00,,Y,A,-,N,,,,,,,,,,Y,4,0,2,2,A,-,09,21453,C,N,D,C,A,A,H,-,A,A,0,,,,,Y,,A,07,0,0,2,0,0,0,0,0,0,"- ","- ",,,PLACER,ROSEVILLE,-121.35868835449219,38.791603088378906
9389653,2021,2022-01-19,3105,2021-12-17,1439,137,,5,5,5,3105,0,0,0,,0,006,"WOODCREEK OAKS BL","TRAILEE CT",28.00,N,N,A,-,N,,,,,,,,,,N,3,0,1,2,A,-,08,22107,,N,D,G,A,A,H,-,A,A,0,,Y,,,Y,,L,04,0,1,0,0,0,0,1,0,0,"- ","- ",38.760921478271484,-121.33247375488281,PLACER,ROSEVILLE,-121.33245086669922,38.761005401611328
91544741,2021,2021-08-13,9220,2021-08-07,1815,017375,,6,2,9,3100,0,2,4,,2,064,"FORESTHILL RD","UPPER LAKE CLEMENTINE ROAD",2640.00,E,N,B,-,N,,,,,,,,,,Y,3,0,1,1,A,-,08,22107,,N,E,I,A,A,H,-,A,D,0,,,Y,,Y,,C,02,0,1,0,0,0,0,0,0,1,"- ","- ",38.952598571777344,-120.95977783203125,PLACER,UNINCORPORATED,-120.99468231201172,38.937263488769531
91663456,2021,2021-12-28,9221,2021-12-18,1555,019869,,6,2,9,3100,0,1,1,,2,385,"INTERSTATE 80 WESTBOUND","CRYSTAL SPRINGS ROAD",80.00,E,N,A,-,Y,,,80,,,,,,W,N,3,0,2,2,A,-,03,22350,,N,E,J,A,B,D,-,A,A,0,,,,Y,Y,,A,07,0,2,0,0,0,0,0,0,0,"- ","- ",39.209629058837891,-120.78578186035156,PLACER,UNINCORPORATED,-120.78577423095703,39.209625244140625
9221691,2021,2021-03-04,3105,2021-01-23,1810,1115,,6,5,5,3105,0,0,0,,0,003,"DOUGLAS BL","RT 80",0.00,,Y,A,-,Y,PLA,3,80,-,-,2.188,R,4,W,Y,3,0,4,4,A,-,12,21453,A,N,D,C,A,A,H,-,C,A,0,,,,,Y,,A,07,0,1,3,0,0,0,0,0,0,"- ",WF,38.743968963623047,-121.27250671386719,PLACER,ROSEVILLE,-121.26901245117188,38.746902465820312
9278335,2021,2021-07-02,3105,2021-06-03,2113,1134,,4,5,5,3105,0,0,0,,0,004,"JUNCTION BL","BARBARA WY",136.00,E,N,A,-,N,,,,,,,,,,Y,4,0,2,2,A,-,05,21650,,N,A,C,A,A,H,-,C,A,0,,,,,Y,,A,01,0,0,2,0,0,0,0,0,0,"- ","- ",38.759170532226562,-121.29949951171875,PLACER,ROSEVILLE,-121.29902648925781,38.75921630859375
9280627,2021,2021-07-22,3104,2021-06-19,0000,301,16,6,5,4,3104,0,0,0,,0,003,"SWINDON RD","SHELTON ST",296.00,W,N,A,-,N,,,,,,,,,,N,2,0,2,3,D,-,00,,,F,G,B,F,A,H,-,A,D,0,Y,,,,Y,,-,"- ",1,1,0,0,2,0,0,0,0,"- ","- ",38.812511444091797,-121.25129699707031,PLACER,ROCKLIN,-121.25910949707031,38.819541931152344
9282627,2021,2021-07-15,3105,2021-06-17,0005,1100,,4,5,5,3105,0,0,0,,0,002,"SIERRA COLLEGE BL","EUREKA RD",450.00,S,N,A,-,N,,,,,,,,,,Y,3,0,1,1,A,-,01,23152,F,N,A,I,A,A,H,-,C,D,0,,,,,Y,,A,01,0,1,0,0,0,0,0,0,0,"- ","- ",38.736610412597656,-121.22596740722656,PLACER,ROSEVILLE,-121.22578430175781,38.735443115234375
9289671,2021,2021-07-27,3105,2021-06-18,1436,1129,,5,5,5,3105,0,0,0,,0,003,"CIRBY WAY","LINDSAY DR",0.00,,Y,A,-,N,,,,,,,,,,Y,4,0,3,3,A,-,03,22350,,N,C,D,A,A,H,-,A,A,0,,,,,Y,,A,01,0,0,3,0,0,0,0,0,0,"- ","- ",38.729328155517578,-121.29470062255859,PLACER,ROSEVILLE,-121.29470062255859,38.729358673095703
9327133,2021,2021-10-06,3105,2021-09-02,1341,1127,,4,5,5,3105,0,0,0,,0,004,"FOOTHILLS BL","SWITCHMAN DR",0.00,,Y,A,-,N,,,,,,,,,,Y,4,0,1,2,A,-,08,22107,,N,D,C,A,A,H,-,A,D,0,,,,,Y,,A,01,0,0,1,0,0,0,0,0,0,"- ","- ",38.749969482421875,-121.30946350097656,PLACER,ROSEVILLE,-121.30939483642578,38.749958038330078
9343561,2021,2021-10-23,3104,2021-09-07,1415,283,42,2,5,4,3104,0,0,0,,0,001,"SIERRA COLLEGE BL","SCHRIBER WAY",15.00,N,N,A,-,N,,,,,,,,,,N,3,0,2,3,A,-,03,22350,,N,C,C,A,A,H,-,A,A,0,,,,,Y,,A,01,0,2,0,0,0,0,0,0,0,"- ","- ",38.7994384765625,-121.20542144775391,PLACER,ROCKLIN,-121.20552062988281,38.799480438232422
91542431,2021,2021-08-11,9220,2021-07-29,0800,016685,,4,1,9,3100,0,3,5,,2,040,"BALD HILL ROAD","MOUNT VERNON ROAD",130.00,S,N,A,-,N,,,,,,,,,,Y,4,0,1,1,A,-,08,22107,,N,E,I,A,A,H,-,A,D,0,,,,,Y,,A,07,0,0,1,0,0,0,0,0,0,"- ","- ",38.920021057128906,-121.11370849609375,PLACER,UNINCORPORATED,-121.11366271972656,38.920066833496094
9243188,2021,2021-04-16,3100,2021-03-04,1449,206,,4,5,2,3106,0,0,0,,0,LOP,"SWETZER RD","KEY CT",259.00,S,N,A,-,N,,,,,,,,,,Y,2,0,2,2,A,-,05,21651,B,N,A,C,A,A,H,-,A,D,0,,,Y,,Y,,C,02,1,0,1,0,0,0,0,0,1,"- ","- ",,,PLACER,LOOMIS,-121.19173431396484,38.830448150634766
9244599,2021,2021-04-13,3105,2021-03-07,2118,1155,,7,5,5,3105,0,0,0,,0,005,"FAIRWAY DR","PLEASANT GROVE BL",0.00,,Y,A,-,N,,,,,,,,,,Y,4,0,1,2,A,-,12,21453,A,N,D,C,A,A,H,-,C,A,0,,,,,Y,,A,01,0,0,1,0,0,0,0,0,0,"- ","- ",38.789520263671875,-121.28179168701172,PLACER,ROSEVILLE,-121.28182220458984,38.789531707763672
91477941,2021,2021-07-08,9220,2021-05-13,2044,013465,,4,2,9,3100,0,1,3,,1,265,"SR-65 N/B","BLUE OAKS BLVD",1742.00,N,N,A,-,Y,,,65,,,,,,N,Y,4,0,1,1,A,-,01,23152,A,N,E,I,A,A,H,-,D,D,0,,,,,Y,Y,A,01,0,0,1,0,0,0,0,0,0,"- ","- ",38.800270080566406,-121.29965209960938,PLACER,UNINCORPORATED,-121.29958343505859,38.800289154052734
91490439,2021,2021-06-07,9220,2021-05-30,1300,015272,,7,1,9,3100,0,1,3,,1,265,"SR-65 N/B FROM GALLERIA BLVD","GALLERIA BLVD",490.00,N,N,A,-,Y,,,,,,,,,,Y,4,0,3,2,A,-,08,22107,,N,C,C,A,A,H,-,A,D,0,,,,,Y,,A,01,0,0,3,0,0,0,0,0,0,"- ","- ",38.123458862304688,-121.12345886230469,PLACER,UNINCORPORATED,-121.26722717285156,38.778244018554688
91521249,2021,2021-07-15,9220,2021-07-07,1125,015961,,3,1,9,3100,0,1,3,,1,249,SR-49,"MARGUERITE MINE RD",50.00,S,N,A,-,Y,,,49,,,,,,,Y,4,0,1,2,A,-,03,22350,,N,C,C,A,A,D,-,A,A,0,,,,,Y,,A,07,0,0,1,0,0,0,0,0,0,"- ","- ",38.918701171875,-121.08170318603516,PLACER,UNINCORPORATED,-121.08130645751953,38.918922424316406
9231870,2021,2021-04-28,3104,2021-04-04,1654,204,42,7,5,4,3104,0,0,0,,0,001,"SIERRA COLLEGE BL","CROSSINGS DR",0.00,,Y,A,-,N,,,,,,,,,,N,3,0,1,2,D,-,00,,,N,C,G,A,A,H,-,A,D,0,,Y,,,Y,,-,"- ",0,1,0,0,0,0,1,0,0,"- ","- ",38.800521850585938,-121.20538330078125,PLACER,ROCKLIN,-121.20548248291016,38.800556182861328
9295283,2021,2021-08-11,3105,2021-06-21,1634,1154,,1,5,5,3105,0,0,0,,0,004,"PLEASANT GROVE BL","ELMWOOD DR",400.00,W,N,A,-,N,,,,,,,,,,Y,4,0,1,2,A,-,03,22350,,N,C,C,A,A,H,-,A,A,0,,,,Y,Y,,F,26,0,0,1,0,0,0,0,0,0,"- ","- ",38.773590087890625,-121.30519104003906,PLACER,ROSEVILLE,-121.30644989013672,38.773078918457031
9343671,2021,2021-10-20,3104,2021-08-31,2010,291,15,2,5,4,3104,0,0,0,,0,004,"WILDCAT BL","IROQUOIS RD",92.00,W,N,A,-,N,,,,,,,,,,Y,3,0,2,2,A,-,03,22350,,N,C,C,A,A,H,-,C,A,0,,,,,Y,,A,01,0,2,0,0,0,0,0,0,0,"- ","- ",38.822139739990234,-121.28244018554688,PLACER,ROCKLIN,-121.28270721435547,38.822357177734375
9346515,2021,2021-11-02,3101,2021-09-06,1620,A503,AU16,1,5,3,3101,0,0,0,,0,0A1,"LUTHER RD","DAIRY RD",1320.00,E,N,A,-,N,,,,,,,,,,Y,3,0,1,1,A,-,07,21658,A,M,E,J,A,A,H,-,A,D,0,,,,,Y,,A,07,0,1,0,0,0,0,0,0,0,"- ","- ",38.927700042724609,-121.07411956787109,PLACER,AUBURN,-121.06943511962891,38.927822113037109
91406739,2021,2021-02-11,9222,2021-02-06,1150,019452,,6,1,9,3100,0,1,3,,1,016,"SR-267 S/B","DOLLY VARDEN",35.00,S,N,A,-,Y,,,,,,,,,,Y,4,0,1,1,A,-,08,22107,,N,E,I,A,A,H,-,A,D,0,,,,,Y,,A,01,0,0,1,0,0,0,0,0,0,"- ","- ",39.241519927978516,-120.03067779541016,PLACER,UNINCORPORATED,-120.03072357177734,39.241603851318359