CASE_ID,ACCIDENT_YEAR,PROC_DATE,JURIS,COLLISION_DATE,COLLISION_TIME,OFFICER_ID,REPORTING_DISTRICT,DAY_OF_WEEK,CHP_SHIFT,POPULATION,CNTY_CITY_LOC,SPECIAL_COND,BEAT_TYPE,CHP_BEAT_TYPE,CITY_DIVISION_LAPD,CHP_BEAT_CLASS,BEAT_NUMBER,PRIMARY_RD,SECONDARY_RD,DISTANCE,DIRECTION,INTERSECTION,WEATHER_1,WEATHER_2,STATE_HWY_IND,CALTRANS_COUNTY,CALTRANS_DISTRICT,STATE_ROUTE,ROUTE_SUFFIX,POSTMILE_PREFIX,POSTMILE,LOCATION_TYPE,RAMP_INTERSECTION,SIDE_OF_HWY,TOW_AWAY,COLLISION_SEVERITY,NUMBER_KILLED,NUMBER_INJURED,PARTY_COUNT,PRIMARY_COLL_FACTOR,PCF_CODE_OF_VIOL,PCF_VIOL_CATEGORY,PCF_VIOLATION,PCF_VIOL_SUBSECTION,HIT_AND_RUN,TYPE_OF_COLLISION,MVIW,PED_ACTION,ROAD_SURFACE,ROAD_COND_1,ROAD_COND_2,LIGHTING,CONTROL_DEVICE,CHP_ROAD_TYPE,PEDESTRIAN_ACCIDENT,BICYCLE_ACCIDENT,MOTORCYCLE_ACCIDENT,TRUCK_ACCIDENT,NOT_PRIVATE_PROPERTY,ALCOHOL_INVOLVED,STWD_VEHTYPE_AT_FAULT,CHP_VEHTYPE_AT_FAULT,COUNT_SEVERE_INJ,COUNT_VISIBLE_INJ,COUNT_COMPLAINT_PAIN,COUNT_PED_KILLED,COUNT_PED_INJURED,COUNT_BICYCLIST_KILLED,COUNT_BICYCLIST_INJURED,COUNT_MC_KILLED,COUNT_MC_INJURED,PRIMARY_RAMP,SECONDARY_RAMP,LATITUDE,LONGITUDE,COUNTY,CITY,POINT_X,POINT_Y
91547960,2021,2021-08-18,9221,2021-08-11,1640,017669,,3,2,9,3100,0,1,1,,2,385,"I-80 W/B","CRYSTAL SPRINGS OVER CROSSING",100.00,E,N,A,-,Y,,,80,,,,,,W,Y,3,0,1,1,A,-,08,22107,,N,E,8,A,A,D,-,A,A,0,,,,,Y,,A,01,0,1,0,0,0,0,0,0,0,"- ","- ",39.210731506347656,-120.78379058837891,PLACER,UNINCORPORATED,-120.78379821777344,39.210746765136719
91574162,2021,2021-09-20,9220,2021-09-11,2344,019040,,6,3,9,3100,0,2,4,,2,032,"W. WISE RD.","LINCOLN SHERIDAN RD.",4.00,W,N,A,-,N,,,,,,,,,,Y,3,0,1,1,A,-,01,23152,A,N,F,A,A,A,H,-,D,D,0,,,,,Y,Y,A,07,0,1,0,0,0,0,0,0,0,"- ","- ",38.819801330566406,-121.02760314941406,PLACER,UNINCORPORATED,-121.36838531494141,38.926361083984375
91638739,2021,2021-11-30,9221,2021-11-19,1640,019869,,5,2,9,3100,0,3,5,,2,070,"ALTA POWER HOUSE ROAD","ALTA BONNYNOOK ROAD",135.00,W,N,A,-,N,,,,,,,,,,N,4,0,1,2,A,-,11,21956,A,M,G,B,E,A,H,-,D,D,0,Y,,,,Y,,N,60,0,0,1,0,1,0,0,0,0,"- ","- ",39.207931518554688,-120.80970764160156,PLACER,UNINCORPORATED,-120.8096923828125,39.207859039306641
91644994,2021,2021-12-07,9220,2021-12-05,1150,015869,,7,1,9,3100,0,2,4,,2,054,"LUTHER ROAD","TAYLOR LANE",45.00,W,N,A,-,N,,,,,,,,,,Y,4,0,3,2,A,-,03,22350,,N,C,C,A,A,H,-,A,A,0,,,,,Y,,A,01,0,0,3,0,0,0,0,0,0,"- ","- ",38.927528381347656,-121.08039855957031,PLACER,UNINCORPORATED,-121.08024597167969,38.92755126953125
9261176,2021,2021-05-06,3101,2021-04-06,0857,A716,AU12,2,5,3,3101,0,0,0,,0,0A1,"ELM AV","RT 80",0.00,,Y,A,-,Y,PLA,3,80,-,-,17.884,R,4,W,N,3,0,1,2,A,-,03,22350,,N,C,C,A,A,H,-,A,D,0,,,,,Y,,A,01,0,1,0,0,0,0,0,0,0,"- ",WF,38.903961181640625,-121.07615661621094,PLACER,AUBURN,-121.07147979736328,38.904186248779297
9323702,2021,2021-09-24,3105,2021-08-12,1054,1099,,4,5,5,3105,0,0,0,,0,003,"RIVERSIDE AV","CIRBY WY",0.00,,Y,A,-,N,,,,,,,,,,Y,2,0,3,4,A,-,12,21453,A,N,D,C,A,A,H,-,A,A,0,,,,,Y,,A,01,1,1,1,0,0,0,0,0,0,"- ","- ",,,PLACER,ROSEVILLE,-121.29045867919922,38.729347229003906
9327338,2021,2021-10-29,3104,2021-09-07,1230,617,71,2,5,4,3104,0,0,0,,0,001,"ROCKLIN RD","LIGHT POLE #1644",163.00,W,N,A,-,N,,,,,,,,,,Y,4,0,1,4,A,-,03,22350,,N,C,C,A,A,H,-,A,D,0,,,,,Y,,D,22,0,0,1,0,0,0,0,0,0,"- ","- ",38.788490295410156,-121.21970367431641,PLACER,ROCKLIN,,
9369495,2021,2021-12-30,3105,2021-11-09,1029,180,,2,5,5,3105,0,0,0,,0,002,"DOUGLAS BL","SIERRA GARDENS DR",387.00,E,N,C,-,N,,,,,,,,,,Y,4,0,1,2,A,-,03,22350,,N,C,C,A,B,H,-,A,A,0,,,,,Y,,D,22,0,0,1,0,0,0,0,0,0,"- ","- ",38.74420166015625,-121.26219940185547,PLACER,ROSEVILLE,-121.25787353515625,38.744186401367188
91594457,2021,2021-10-12,9221,2021-10-09,1203,015950,,6,1,9,3100,0,1,1,,2,385,"I-80 WESTBOUND","CRYSTAL SPRINGS ROAD",1690.00,E,N,A,-,Y,,,80,,,,,,W,Y,3,0,1,2,A,-,08,22107,,N,B,E,A,A,H,-,A,D,0,,,,,Y,,A,07,0,1,0,0,0,0,0,0,0,"- ","- ",39.212009429931641,-120.78186798095703,PLACER,UNINCORPORATED,-120.78179931640625,39.211887359619141
91600538,2021,2021-10-19,9220,2021-10-14,1957,017027,,4,2,9,3100,0,3,5,,2,040,"BALD HILL RD","GIN MILL ROAD",435.00,W,N,A,-,N,,,,,,,,,,Y,3,0,1,2,A,-,03,22350,,N,B,C,A,A,H,-,D,D,0,,,,,Y,,A,01,0,1,0,0,0,0,0,0,0,"- ","- ",38.906089782714844,-121.11963653564453,PLACER,UNINCORPORATED,-121.11962890625,38.906089782714844
9272116,2021,2021-06-11,3105,2021-05-23,1308,1135,,7,5,5,3105,0,0,0,,0,004,"DIAMOND OAKS DR","VICTORIA CT",238.00,W,N,A,-,N,,,,,,,,,,Y,3,0,2,2,A,-,08,22107,,N,B,C,A,A,H,-,A,D,0,,,,,Y,,A,01,0,1,1,0,0,0,0,0,0,"- ","- ",38.766948699951172,-121.29045104980469,PLACER,ROSEVILLE,-121.29093170166016,38.767311096191406
9319417,2021,2021-09-10,3104,2021-07-27,1426,236,42,2,5,4,3104,0,0,0,,0,001,"SIERRA COLLEGE BL","SCHRIBER WY",15.00,S,N,A,-,N,,,,,,,,,,N,4,0,2,2,A,-,03,22350,,N,C,C,A,A,H,-,A,A,0,,,,,Y,,A,01,0,0,2,0,0,0,0,0,0,"- ","- ",38.800521850585938,-121.20538330078125,PLACER,ROCKLIN,-121.20552062988281,38.799400329589844
9219392,2021,2021-03-18,3103,2021-01-09,2137,JMORR,L5,6,5,2,3103,0,0,0,,0,0L3,"LINCOLN BL","GATEWAY DR",0.00,,Y,A,-,N,,,,,,,,,,Y,3,0,2,2,A,-,01,23153,A,N,F,C,A,A,H,-,C,A,0,,,,,Y,Y,A,01,0,2,0,0,0,0,0,0,0,"- ","- ",38.884380340576172,-121.29344177246094,PLACER,LINCOLN,-121.29347991943359,38.8843994140625
9392464,2021,2022-01-27,3105,2021-12-01,1339,1168,,3,5,5,3105,0,0,0,,0,006,"BASELINE RD","WOODCREEK OAKS BL",134.00,W,N,A,-,N,,,,,,,,,,Y,3,0,1,2,A,-,03,22350,,N,C,C,A,A,H,-,A,A,0,,,Y,,Y,,C,02,0,1,0,0,0,0,0,0,1,"- ","- ",38.751850128173828,-121.33702087402344,PLACER,ROSEVILLE,-121.33770751953125,38.751869201660156
91495041,2021,2021-06-11,9221,2021-06-01,1440,019869,,2,2,9,3100,0,3,5,,2,070,"ROLLINS LAKE ROAD","YOU BET ROAD",370.00,E,N,A,-,N,,,,,,,,,,Y,3,0,1,1,A,-,08,22107,,N,F,I,A,A,H,-,A,D,0,,,,,Y,,A,08,0,1,0,0,0,0,0,0,0,"- ","- ",39.144329071044922,-120.92861175537109,PLACER,UNINCORPORATED,-120.93608093261719,39.137813568115234
91505836,2021,2021-06-24,9220,2021-06-11,1350,016682,,5,1,9,3100,0,3,5,,2,020,"DOUGLAS BLVD","CAVITT STALLMAN RD",0.00,,Y,A,-,N,,,,,,,,,,Y,3,0,1,2,A,-,05,21650,,N,D,G,A,A,H,-,A,D,0,,Y,,,Y,,L,04,0,1,0,0,0,0,1,0,0,"- ","- ",38.743698120117188,-121.22328948974609,PLACER,UNINCORPORATED,-121.22325134277344,38.743740081787109
91543663,2021,2021-08-12,9220,2021-08-05,1036,019621,,4,1,9,3100,0,1,3,,2,193,"SR-193 S/B","SIERRA COLLEGE BLVD",528.00,S,N,A,-,Y,,,,,,,,,,Y,3,0,2,2,A,-,03,22350,,N,C,C,A,A,H,-,A,A,0,,,,,Y,,D,22,0,2,0,0,0,0,0,0,0,"- ","- ",38.886520385742188,-121.24034118652344,PLACER,UNINCORPORATED,-121.23800659179688,38.886531829833984
91589868,2021,2021-10-06,9221,2021-10-04,0710,017777,,1,1,9,3100,0,1,1,,2,386,"I-80 E/B","CARPENTER FLAT ROAD",2112.00,E,N,A,-,Y,,,80,,,,,,E,Y,2,0,1,1,A,-,08,22107,,N,E,I,A,A,H,-,A,D,0,,,,,Y,,D,22,1,0,0,0,0,0,0,0,0,"- ","- ",39.304039001464844,-120.65265655517578,PLACER,UNINCORPORATED,-120.65266418457031,39.304050445556641
91639844,2021,2021-12-01,9220,2021-11-28,1910,017375,,7,2,9,3100,0,3,5,,2,070,"SWETZER RD","LA TIERRA COURT",483.00,S,N,A,-,N,,,,,,,,,,Y,4,0,1,1,A,-,08,22107,,N,E,I,A,A,H,-,D,D,0,,,Y,,Y,,C,02,0,0,1,0,0,0,0,0,1,"- ","- ",38.850688934326172,-121.17974090576172,PLACER,UNINCORPORATED,-121.17969512939453,38.850658416748047
91415461,2021,2021-02-25,9220,2021-02-18,0720,013975,,4,1,5,3105,0,1,1,,2,281,"INTERSTATE 80 E/B","ROSEVILLE PKY",185.00,E,N,A,-,Y,,,80,,,,,,E,Y,3,0,1,3,A,-,07,21658,A,N,B,C,A,A,H,-,A,D,0,,,,,Y,,A,01,0,1,0,0,0,0,0,0,0,"- ","- ",38.76300048828125,-121.25800323486328,PLACER,ROSEVILLE,-121.25815582275391,38.763111114501953
91523645,2021,2021-07-19,9220,2021-07-15,1355,017375,,4,1,9,3100,0,1,3,,1,249,"SR-49(GRASS VALLEY HIGHWAY)","LUTHER RD",578.00,S,N,A,-,Y,,,49,,,,,,,N,4,0,1,2,A,-,03,22350,,N,C,C,A,A,H,-,A,D,0,,,,,Y,,D,22,0,0,1,0,0,0,0,0,0,"- ","- ",38.925930023193359,-121.08541870117188,PLACER,UNINCORPORATED,-121.08543395996094,38.925918579101562
91617164,2021,2021-11-05,9221,2021-10-31,0820,017777,,7,1,9,3100,0,1,1,,2,388,"I-80 W/B","CISCO GROVE O/C",3168.00,W,N,B,-,Y,,,80,,,,,,W,Y,3,0,1,1,A,-,01,23152,A,N,E,I,A,A,H,-,A,D,0,,,,,Y,Y,A,01,0,1,0,0,0,0,0,0,0,"- ","- ",39.316158294677734,-120.55622100830078,PLACER,UNINCORPORATED,-120.55623626708984,39.316135406494141
91765643,2021,2022-05-05,9220,2021-12-28,2145,019040,,2,2,9,3100,0,3,5,,2,010,"MOORE ROAD","NELSON LN",2400.00,E,N,A,-,N,,,,,,,,,,Y,1,1,0,1,A,-,01,23152,F,N,F,A,A,A,H,-,D,D,0,,,,,Y,,A,07,0,0,0,0,0,0,0,0,0,"- ","- ",38.868850708007812,-121.33061981201172,PLACER,UNINCORPORATED,-121.33168792724609,38.868129730224609
9240135,2021,2021-04-23,3105,2021-03-12,1716,1123,,5,5,5,3105,0,0,0,,0,003,"DOUGLAS BL","HARDING BL",985.00,E,N,A,-,Y,PLA,3,80,-,-,2.009,R,4,W,Y,4,0,1,2,A,-,01,23152,A,N,C,C,A,A,H,-,A,A,0,,,,,Y,Y,A,01,0,0,1,0,0,0,0,0,0,"- ","- ",,,PLACER,ROSEVILLE,-121.27056121826172,38.744533538818359
9245565,2021,2021-04-07,3105,2021-03-05,2312,1148,,5,5,5,3105,0,0,0,,0,005,"BLUE OAKS BL","RT 65 N",0.00,,Y,A,-,Y,PLA,3,65,-,M,8.011,R,4,N,Y,4,0,2,2,A,-,03,22350,,N,C,C,A,A,H,-,C,A,0,,,,,Y,,A,01,0,0,2,0,0,0,0,0,0,"- ","- ",38.795291900634766,-121.30029296875,PLACER,ROSEVILLE,-121.29669189453125,38.794918060302734
91387997,2021,2021-01-15,9220,2021-01-01,0235,017375,,5,3,9,3100,0,3,5,,2,060,"BLACKHAWK ROAD","FORESTHILL ROAD",2112.00,N,N,A,-,N,,,,,,,,,,Y,2,0,1,1,A,-,01,23152,A,N,E,I,A,A,H,-,A,D,0,,,,,Y,Y,A,01,1,0,0,0,0,0,0,0,0,"- ","- ",39.042179107666016,-120.79956817626953,PLACER,UNINCORPORATED,-120.79874420166016,39.041328430175781
91388083,2021,2021-01-15,9220,2021-01-07,2330,015961,,4,3,5,3105,0,1,3,,1,265,"SR-65 (N/B)","STANFORD RANCH RD O/C",1059.00,S,N,A,-,Y,,,65,,,,,,,Y,2,0,1,1,A,-,01,23152,G,N,E,I,A,A,H,-,C,D,0,,,,,Y,Y,A,01,1,0,0,0,0,0,0,0,0,"- ","- ",38.776298522949219,-121.26260375976562,PLACER,ROSEVILLE,-121.26274871826172,38.775997161865234
91399837,2021,2021-02-01,9221,2021-01-23,1458,017669,,6,2,9,3100,0,1,1,,2,384,"I-80 E/B","ALPINE OVER CROSSING",800.00,W,N,A,-,Y,,,80,,,,,,E,Y,4,0,1,1,A,-,01,23152,A,N,E,I,A,A,H,-,A,D,0,,,,,Y,Y,A,01,0,0,1,0,0,0,0,0,0,"- ","- ",39.148090362548828,-120.90203094482422,PLACER,UNINCORPORATED,-120.90201568603516,39.148063659667969
91453272,2021,2021-04-19,9220,2021-04-03,1225,015272,,6,1,9,3100,0,3,5,,2,030,"MCCOURTNEY RD","TODD LN",1186.00,N,N,A,-,N,,,,,,,,,,Y,3,0,1,1,A,-,08,22107,,N,H,A,A,A,H,-,A,D,0,,,Y,,Y,,C,02,0,1,0,0,0,0,0,0,1,"- ","- ",38.123451232910156,-121.12345123291016,PLACER,UNINCORPORATED,-121.27899169921875,38.908847808837891
91568947,2021,2021-09-13,9220,2021-08-16,0850,015272,,1,1,5,3105,1,4,S,,2,901,"HALLISSY DR","CRESTFIELD CIR",0.00,,Y,B,-,N,,,,,,,,,,Y,4,0,6,2,A,-,08,22103,,N,D,C,A,A,H,-,A,D,0,,,,,Y,,A,01,0,0,6,0,0,0,0,0,0,"- ","- ",38.778579711914062,-121.29586791992188,PLACER,ROSEVILLE,-121.29593658447266,38.778598785400391
91672101,2021,2022-01-06,9220,2021-11-18,1655,016682,,4,2,5,3105,0,1,1,,2,281,"I-80 W/B","TAYLOR RD",20.00,E,N,A,-,Y,,,80,,,,,,W,Y,3,0,1,4,A,-,03,22350,,N,C,C,A,A,H,-,D,D,0,,,,,Y,,A,07,0,1,0,0,0,0,0,0,0,"- ","- ",38.765781402587891,-121.25567626953125,PLACER,ROSEVILLE,-121.25563812255859,38.765716552734375
9369868,2021,2021-12-28,3105,2021-11-01,1412,1117,,1,5,5,3105,0,0,0,,0,005,"ROSEVILLE PKWY","PLEASANT GROVE BL",75.00,E,N,C,-,N,,,,,,,,,,N,4,0,1,2,A,-,03,22350,,N,C,C,A,B,H,-,A,D,0,,,,,Y,,A,08,0,0,1,0,0,0,0,0,0,"- ","- ",38.778190612792969,-121.28810119628906,PLACER,ROSEVILLE,-121.28805541992188,38.778144836425781
9386689,2021,2022-01-13,3105,2021-12-19,2500,1133,,7,5,5,3105,0,0,0,,0,003,"HARDING BL","ESTATES DR",23.00,N,N,A,-,N,,,,,,,,,,Y,3,0,2,2,A,-,12,21453,A,N,D,C,A,A,H,-,C,A,0,,,,,Y,,A,01,0,1,1,0,0,0,0,0,0,"- ","- ",38.746891021728516,-121.27182769775391,PLACER,ROSEVILLE,-121.27178192138672,38.746925354003906
91573550,2021,2021-09-17,9221,2021-09-10,1125,017669,,5,1,9,3100,0,1,1,,2,386,"I-80 W/B","LAING ROAD",5280.00,E,N,B,C,Y,,,80,,,,,,W,Y,4,0,1,1,A,-,03,22350,,N,E,I,A,B,H,-,A,D,0,,,,Y,Y,,G,25,0,0,1,0,0,0,0,0,0,"- ","- ",39.310539245605469,-120.63913726806641,PLACER,UNINCORPORATED,-120.63909149169922,39.31036376953125
9262894,2021,2021-05-13,3104,2021-04-24,2231,301,22,6,5,4,3104,0,0,0,,0,003,"WHITNEY RANCH PKWY","STERLING DR",270.00,W,N,A,-,N,,,,,,,,,,Y,3,0,2,1,A,-,03,22350,,N,E,I,A,A,H,-,C,D,0,,,,,Y,,A,01,0,2,0,0,0,0,0,0,0,"- ","- ",38.838539123535156,-121.24514770507812,PLACER,ROCKLIN,-121.24422454833984,38.839126586914062
9303748,2021,2021-08-27,3104,2021-07-27,1833,268,43,2,5,4,3104,0,0,0,,0,001,"GRANITE DR","SIERRA MEADOWS DR",0.00,,Y,A,-,N,,,,,,,,,,Y,3,0,2,2,A,-,00,22453,,N,D,C,A,A,H,-,A,A,0,,,,,Y,,A,01,0,1,1,0,0,0,0,0,0,"- ","- ",38.806549072265625,-121.20555114746094,PLACER,ROCKLIN,-121.22232055664062,38.791458129882812
9322156,2021,2021-10-18,3105,2021-09-08,0938,1165,,3,5,5,3105,0,0,0,,0,004,"JUNCTION BL","PORTER DR",0.00,,Y,A,-,N,,,,,,,,,,Y,3,0,2,3,A,-,17,21461,A,N,D,C,A,A,H,-,A,A,0,,,,,Y,,A,01,0,1,1,0,0,0,0,0,0,"- ","- ",38.759170532226562,-121.30290222167969,PLACER,ROSEVILLE,-121.30297088623047,38.759193420410156
91465459,2021,2021-05-04,9220,2021-04-23,1705,014877,,5,2,9,3100,0,1,3,,1,249,SR-49,"DRY CREEK RD",655.00,S,N,A,-,Y,,,49,,,,,,,Y,4,0,1,3,A,-,09,21804,A,N,A,C,A,A,H,-,A,D,0,,,,,Y,,A,01,0,0,1,0,0,0,0,0,0,"- ","- ",38.954708099365234,-121.10089874267578,PLACER,UNINCORPORATED,-121.10091400146484,38.954708099365234
91581403,2021,2021-09-28,9222,2021-09-23,1813,015913,,4,2,9,3100,0,1,3,,2,012,"SR-89 SOUTH","HAZEL AVE.",150.00,S,N,A,-,Y,,,89,,,,,,,Y,4,0,1,2,A,-,03,22350,,N,C,C,A,A,H,-,A,A,0,,,,,Y,,D,22,0,0,1,0,0,0,0,0,0,"- ","- ",39.102481842041016,-120.16336059570312,PLACER,UNINCORPORATED,-120.163330078125,39.102474212646484
9260021,2021,2021-05-20,3105,2021-05-02,2219,1138,,7,5,5,3105,0,0,0,,0,005,"HIGHLAND POINTE DR","PLEASANT GROVE BL",0.00,,Y,A,-,N,,,,,,,,,,Y,3,0,2,2,A,-,09,21453,C,N,D,C,A,A,H,-,-,A,0,,,,,Y,,A,01,0,1,1,0,0,0,0,0,0,"- ","- ",38.783298492431641,-121.28671264648438,PLACER,ROSEVILLE,-121.2867431640625,38.783275604248047
91401698,2021,2021-02-03,9220,2021-01-04,1508,016657,,1,2,5,3105,0,1,1,,2,281,"I-80 W/B","DOUGLAS BLVD",2700.00,W,N,A,-,Y,,,80,,,,,,W,Y,3,0,3,7,A,-,03,22350,,N,C,C,A,A,H,-,A,D,0,,,,Y,Y,,G,27,0,1,2,0,0,0,0,0,0,"- ","- ",38.737850189208984,-121.27617645263672,PLACER,ROSEVILLE,-121.27620697021484,38.737876892089844
91408889,2021,2021-02-16,9220,2021-02-08,0902,016555,,1,1,9,3100,0,1,3,,1,267,"SR-65 S/B","NELSON LN",30.00,N,N,A,-,Y,,,65,,,,,,S,N,4,0,1,3,A,-,03,22350,,N,C,C,A,A,H,-,A,A,0,,,,,Y,,A,01,0,0,1,0,0,0,0,0,0,"- ","- ",38.886039733886719,-121.34136962890625,PLACER,UNINCORPORATED,-121.34136962890625,38.885913848876953
91410158,2021,2021-02-17,9220,2021-02-10,2350,018768,,3,3,9,3100,0,2,4,,2,054,"LUTHER RD","GARTH LN",109.00,W,N,A,-,N,,,,,,,,,,Y,2,0,1,1,A,-,01,23152,A,N,E,I,A,A,H,-,D,D,0,,,,,Y,Y,A,01,1,0,0,0,0,0,0,0,0,"- ","- ",38.928169250488281,-121.05905914306641,PLACER,UNINCORPORATED,-121.05901336669922,38.928127288818359
91424615,2021,2021-03-10,9221,2021-03-05,2225,019565,,5,3,9,3100,0,1,1,,2,384,"I-80 W/B","CAPE HORN RD",4000.00,W,N,B,-,Y,,,80,,,,,,W,Y,3,0,1,1,A,-,01,23152,A,N,E,I,A,A,H,-,D,D,0,,,,,Y,Y,A,07,0,1,0,0,0,0,0,0,0,"- ","- ",39.134101867675781,-120.93190765380859,PLACER,UNINCORPORATED,-120.93195343017578,39.134166717529297
91600302,2021,2021-10-19,9220,2021-10-03,1530,017762,,7,2,5,3105,0,1,3,,1,265,"SR-65 S/B","PLEASANT GROVE BLVD.",205.00,N,N,A,-,Y,,,,,,,,,,Y,4,0,1,2,A,-,03,22350,,N,C,C,A,A,H,-,A,A,0,,,,,Y,,A,01,0,0,1,0,0,0,0,0,0,"- ","- ",38.819801330566406,-121.02760314941406,PLACER,ROSEVILLE,-121.28472900390625,38.786750793457031
9201560,2021,2021-03-11,3105,2021-01-05,1814,196,,2,5,5,3105,0,0,0,,0,006,"BASELINE RD","BALCKWOOD LN",0.00,,Y,A,-,N,,,,,,,,,,Y,4,0,2,2,A,-,09,21801,A,N,D,C,A,A,H,-,C,A,0,,,,,Y,,D,22,0,0,2,0,0,0,0,0,0,"- ","- ",38.751808166503906,-121.34834289550781,PLACER,ROSEVILLE,-121.34832000732422,38.751811981201172
9220025,2021,2021-03-17,3105,2021-01-09,2150,1137,,6,5,5,3105,0,0,0,,0,006,"BASELINE RD","WOODCREEK OAKS BL",0.00,,Y,A,-,N,,,,,,,,,,Y,3,0,3,2,A,-,12,21453,A,N,D,C,A,A,H,-,C,A,0,,,,,Y,,A,07,0,1,2,0,0,0,0,0,0,"- ","- ",38.751850128173828,-121.33702087402344,PLACER,ROSEVILLE,-121.33724212646484,38.751865386962891
9238497,2021,2021-04-16,3105,2021-03-01,1821,143,,1,5,5,3105,0,0,0,,0,006,"PLEASANT GROVE BL","FOOTHILLS BL",200.00,E,N,A,-,N,,,,,,,,,,N,4,0,2,2,A,-,03,22350,,N,C,C,A,A,H,-,C,A,0,,,,,Y,,A,01,0,0,2,0,0,0,0,0,0,"- ","- ",38.772609710693359,-121.31285858154297,PLACER,ROSEVILLE,-121.31217956542969,38.772449493408203
9250968,2021,2021-05-06,3105,2021-04-20,1340,3034,,2,5,5,3105,0,0,0,,0,005,"TREHOWELL DR","AVILA DR",347.00,W,N,A,-,N,,,,,,,,,,Y,4,0,1,3,A,-,09,21801,A,N,E,C,A,A,H,-,A,A,0,,,,,Y,,A,08,0,0,1,0,0,0,0,0,0,"- ","- ",38.775539398193359,-121.28309631347656,PLACER,ROSEVILLE,-121.28271484375,38.775997161865234
9295428,2021,2021-07-28,3105,2021-06-24,1214,1159,,4,5,5,3105,0,0,0,,0,003,"SUNRISE AV","MADDEN LN",45.00,S,N,A,-,N,,,,,,,,,,N,4,0,1,2,A,-,08,22107,,N,B,C,A,A,H,-,A,A,0,,,,,Y,,A,01,0,0,1,0,0,0,0,0,0,"- ","- ",38.731319427490234,-121.27288818359375,PLACER,ROSEVILLE,-121.27205657958984,38.731616973876953
9302775,2021,2021-08-27,3105,2021-05-03,1303,1140,,1,5,5,3105,0,0,0,,0,006,"FOOTHILLS BL","FOOTHILLS BL 5121",0.00,,-,A,-,N,,,,,,,,,,N,4,0,1,2,-,-,"- ",,,N,G,G,A,A,H,-,A,A,0,,Y,,,Y,,-,"- ",0,0,1,0,0,0,1,0,0,"- ","- ",38.759128570556641,-121.31002044677734,PLACER,ROSEVILLE,-123.26078033447266,39.795192718505859
9385413,2021,2022-01-12,3103,2021-12-11,2200,DALEE,L1,6,5,2,3103,0,0,0,,0,0L1,"NICOLAUS RD","AVIATION BL",0.00,,Y,A,-,N,,,,,,,,,,Y,3,0,3,2,A,-,12,22450,,N,A,C,A,A,H,-,C,D,0,,,,,Y,,A,08,0,3,0,0,0,0,0,0,0,"- ","- ",38.897281646728516,-121.34010314941406,PLACER,LINCOLN,-121.34014892578125,38.897407531738281
91390842,2021,2021-01-19,9220,2021-01-15,2245,017027,,5,3,9,3100,0,1,1,,2,283,"I-80 W/B","RUSSELL ROAD",1000.00,E,N,A,-,Y,,,80,,,,,,W,Y,4,0,1,1,A,-,08,22107,,N,E,I,A,A,H,-,D,D,0,,,,,Y,,A,07,0,0,1,0,0,0,0,0,0,"- ","- ",38.918350219726562,-121.060546875,PLACER,UNINCORPORATED,-121.06063842773438,38.918422698974609
91406035,2021,2021-02-10,9220,2021-01-31,2230,016657,,7,3,9,3100,0,3,5,,2,010,"GLADDING RD","FLEMING RD",1500.00,N,N,A,-,N,,,,,,,,,,Y,3,0,1,2,A,-,08,22100,B,N,D,C,A,A,H,-,D,D,0,,,Y,,Y,,A,01,0,1,0,0,0,0,0,0,1,"- ","- ",38.971111297607422,-121.29351806640625,PLACER,UNINCORPORATED,-121.29339599609375,38.967140197753906
91557320,2021,2021-08-27,9221,2021-08-21,2500,017979,,6,4,9,3100,0,3,5,,2,070,"HAMPSHIRE ROCKS RD","S. YUBA RIVER / BIG BEND BRIDGE",530.00,W,N,A,-,N,,,,,,,,,,N,2,0,1,1,A,-,08,22107,,N,E,J,A,A,H,-,D,D,0,,,,,Y,,D,22,1,0,0,0,0,0,0,0,0,"- ","- ",39.305900573730469,-120.52774810791016,PLACER,UNINCORPORATED,,
91399960,2021,2021-02-01,9221,2021-01-25,1505,018579,,1,2,9,3100,0,1,1,,2,386,"I-80 W/B","CARPENTER FLAT U/C",1440.00,E,N,D,-,Y,,,,,,,,,,Y,4,0,2,2,D,-,00,,,N,C,C,A,C,H,-,A,D,0,,,,Y,Y,,-,"- ",0,0,2,0,0,0,0,0,0,"- ","- ",39.181381225585938,-120.39206695556641,PLACER,UNINCORPORATED,-120.94026184082031,39.123348236083984