CASE_ID,ACCIDENT_YEAR,PROC_DATE,JURIS,COLLISION_DATE,COLLISION_TIME,OFFICER_ID,REPORTING_DISTRICT,DAY_OF_WEEK,CHP_SHIFT,POPULATION,CNTY_CITY_LOC,SPECIAL_COND,BEAT_TYPE,CHP_BEAT_TYPE,CITY_DIVISION_LAPD,CHP_BEAT_CLASS,BEAT_NUMBER,PRIMARY_RD,SECONDARY_RD,DISTANCE,DIRECTION,INTERSECTION,WEATHER_1,WEATHER_2,STATE_HWY_IND,CALTRANS_COUNTY,CALTRANS_DISTRICT,STATE_ROUTE,ROUTE_SUFFIX,POSTMILE_PREFIX,POSTMILE,LOCATION_TYPE,RAMP_INTERSECTION,SIDE_OF_HWY,TOW_AWAY,COLLISION_SEVERITY,NUMBER_KILLED,NUMBER_INJURED,PARTY_COUNT,PRIMARY_COLL_FACTOR,PCF_CODE_OF_VIOL,PCF_VIOL_CATEGORY,PCF_VIOLATION,PCF_VIOL_SUBSECTION,HIT_AND_RUN,TYPE_OF_COLLISION,MVIW,PED_ACTION,ROAD_SURFACE,ROAD_COND_1,ROAD_COND_2,LIGHTING,CONTROL_DEVICE,CHP_ROAD_TYPE,PEDESTRIAN_ACCIDENT,BICYCLE_ACCIDENT,MOTORCYCLE_ACCIDENT,TRUCK_ACCIDENT,NOT_PRIVATE_PROPERTY,ALCOHOL_INVOLVED,STWD_VEHTYPE_AT_FAULT,CHP_VEHTYPE_AT_FAULT,COUNT_SEVERE_INJ,COUNT_VISIBLE_INJ,COUNT_COMPLAINT_PAIN,COUNT_PED_KILLED,COUNT_PED_INJURED,COUNT_BICYCLIST_KILLED,COUNT_BICYCLIST_INJURED,COUNT_MC_KILLED,COUNT_MC_INJURED,PRIMARY_RAMP,SECONDARY_RAMP,LATITUDE,LONGITUDE,COUNTY,CITY,POINT_X,POINT_Y
91573160,2021,2021-09-17,9220,2021-09-12,2150,019148,,7,2,4,3104,0,1,3,,1,265,"SR-65 N/B","BLUE OAKS BLVD.",2112.00,S,N,A,-,Y,,,,,,,,,,Y,3,0,2,1,A,-,01,23152,A,N,E,I,A,A,H,-,C,D,0,,,,,Y,Y,A,01,0,1,1,0,0,0,0,0,0,"- ","- ",38.791278839111328,-121.29215240478516,PLACER,ROCKLIN,-121.29257965087891,38.791141510009766
91632011,2021,2021-11-22,9220,2021-11-14,1824,017863,,7,2,9,3100,0,2,4,,2,062,"FORESTHILL RD.","OLD AUBURN FORESTHILL RD.",4752.00,W,N,B,-,N,,,,,,,,,,Y,3,0,1,1,A,-,08,22107,,N,F,A,A,A,H,-,D,D,0,,,,,Y,,A,01,0,1,0,0,0,0,0,0,0,"- ","- ",38.926181793212891,-121.02548980712891,PLACER,UNINCORPORATED,-121.01568603515625,38.926021575927734
91661863,2021,2021-12-27,9220,2021-12-14,2225,018768,,2,3,9,3100,0,1,3,,1,249,"STATE ROUTE 49","ATWOOD RD",50.00,S,N,A,-,Y,,,49,,,,,,,Y,3,0,2,3,A,-,01,23152,A,N,C,C,A,A,H,-,C,A,0,,,,,Y,Y,A,01,0,1,1,0,0,0,0,0,0,"- ","- ",38.934951782226562,-121.09306335449219,PLACER,UNINCORPORATED,-121.09308624267578,38.934925079345703
9250355,2021,2021-04-30,3105,2021-04-01,2100,1130,,4,5,5,3105,0,0,0,,0,002,"DOUGLAS BL","ROCKY RIDGE DR",0.00,,Y,A,-,N,,,,,,,,,,Y,4,0,1,2,A,-,12,21457,A,N,D,C,A,A,A,-,C,A,0,,,,,Y,,A,01,0,0,1,0,0,0,0,0,0,"- ","- ",38.743888854980469,-121.25340270996094,PLACER,ROSEVILLE,-121.25302124023438,38.744163513183594
9286459,2021,2021-07-21,3103,2021-06-06,0216,AVIRG,L4,7,5,2,3103,0,0,0,,0,0L2,"MOORE RD","SORRENTO PKWY",0.00,,N,A,-,N,,,,,,,,,,Y,3,0,1,1,A,-,03,22350,,N,E,I,A,A,H,-,D,D,0,,,Y,,Y,,C,02,0,1,0,0,0,0,0,0,1,"- ","- ",38.873710632324219,-121.32215881347656,PLACER,LINCOLN,-121.32144927978516,38.873710632324219
9386502,2021,2022-01-07,3100,2021-12-14,0640,229,SPS,2,5,2,3106,0,0,0,,0,PAUL,"SIERRA COLLEGE BL","BRACE RD",0.00,,Y,B,-,N,,,,,,,,,,Y,4,0,1,2,A,-,00,21801,D,N,-,C,A,B,H,-,E,B,0,,,,,Y,,D,22,0,0,1,0,0,0,0,0,0,"- ","- ",,,PLACER,LOOMIS,-121.20542907714844,38.810314178466797
91450706,2021,2021-04-14,9220,2021-04-12,0845,014966,,1,1,9,3100,0,3,5,,2,070,"LOZANOS RD","WISE RD.",21.00,S,N,A,-,N,,,,,,,,,,Y,3,0,1,1,A,-,08,22107,,N,F,A,A,A,H,-,A,A,0,,,Y,,Y,,C,02,0,1,0,0,0,0,0,0,1,"- ","- ",38.898609161376953,-121.12647247314453,PLACER,UNINCORPORATED,-121.12644195556641,38.898555755615234
91465419,2021,2021-05-04,9220,2021-04-25,1340,015917,,7,1,5,3105,0,1,1,,2,281,"I-80 EASTBOUND","TAYLOR RD",200.00,E,N,B,-,Y,,,80,,,,,,E,N,4,0,2,3,A,-,03,22350,,N,C,C,A,A,H,-,A,D,0,,,,,Y,,A,07,0,0,2,0,0,0,0,0,0,"- ","- ",38.76593017578125,-121.25495147705078,PLACER,ROSEVILLE,-121.25493621826172,38.765907287597656
91559834,2021,2021-08-31,9220,2021-07-21,1050,013794,,3,1,9,3100,0,1,1,,2,283,"I-80 (E/B)","APPLEGATE O/C (CROTHER ROAD)",5280.00,W,N,A,-,Y,,,80,,,,,,,Y,1,1,0,1,A,-,08,22107,,N,E,8,A,A,H,-,A,D,0,,,,,Y,,A,01,0,0,0,0,0,0,0,0,0,"- ","- ",38.989368438720703,-121.00100708007812,PLACER,UNINCORPORATED,-121.00126647949219,38.9896240234375
9254986,2021,2021-05-05,3105,2021-04-21,1041,1135,,3,5,5,3105,0,0,0,,0,006,"WOODCREEK OAKS BL","PLEASANT GROVE BL",0.00,,Y,A,-,N,,,,,,,,,,Y,4,0,2,2,A,-,12,21453,A,N,D,C,A,A,H,-,A,A,0,,,,,Y,,D,22,0,0,2,0,0,0,0,0,0,"- ","- ",38.768741607666016,-121.33003234863281,PLACER,ROSEVILLE,-121.33007049560547,38.768562316894531
9269220,2021,2021-05-27,3101,2021-05-14,1600,A711,AU13,5,5,3,3101,0,0,0,,0,0A2,"LINCOLN WY","EL DORADO  ST",0.00,,Y,A,-,N,,,,,,,,,,N,4,0,1,2,A,-,00,20002,A,M,H,E,A,A,G,-,A,D,0,,,,,Y,,-,,0,0,1,0,0,0,0,0,0,"- ","- ",38.915569305419922,-121.06099700927734,PLACER,AUBURN,-121.06645965576172,38.903812408447266
9295286,2021,2021-09-28,3105,2021-07-07,1908,1148,,3,5,5,3105,0,0,0,,0,006,"HILMERTON CIR","AYLESBURY WY",0.00,,-,A,-,N,,,,,,,,,,Y,4,0,1,2,A,-,09,21801,A,N,D,C,A,A,H,-,B,D,0,,,,,Y,,A,01,0,0,1,0,0,0,0,0,0,"- ","- ",38.761699676513672,-121.3411865234375,PLACER,ROSEVILLE,-121.34119415283203,38.761703491210938
9346652,2021,2021-12-13,3105,2021-10-06,1113,137,,3,5,5,3105,0,0,0,,0,006,"BASELINE RD","WOODCREEK OAKS BL",0.00,,Y,A,-,N,,,,,,,,,,Y,3,0,3,2,A,-,12,21453,A,N,D,C,A,A,H,-,A,A,0,,,,,Y,,A,01,0,2,1,0,0,0,0,0,0,"- ","- ",38.751850128173828,-121.33702087402344,PLACER,ROSEVILLE,-121.33724212646484,38.751865386962891
9385542,2021,2022-01-11,3105,2021-11-25,1442,186,,4,5,5,3105,0,0,0,,0,003,"SUNRISE AV","SANDRINGHAM WY",400.00,N,N,A,-,N,,,,,,,,,,Y,3,0,1,1,A,-,07,21658,A,N,E,I,A,A,H,-,A,D,0,,,,,Y,,A,01,0,1,0,0,0,0,0,0,0,"- ","- ",38.727161407470703,-121.27207183837891,PLACER,ROSEVILLE,-121.27204895019531,38.723697662353516
91390709,2021,2021-01-19,9220,2021-01-13,2150,015197,,3,2,9,3100,0,1,1,,2,282,"I-80 E/B","WERNER RD",2112.00,W,N,A,-,Y,,,80,,,,,,E,Y,3,0,2,1,A,-,01,23152,,N,E,J,A,A,H,-,D,D,0,,,,,Y,Y,A,01,0,1,1,0,0,0,0,0,0,"- ","- ",38.882331848144531,-121.10516357421875,PLACER,UNINCORPORATED,-121.10516357421875,38.882339477539062
91415271,2021,2021-02-25,9220,2021-02-19,1845,015197,,5,2,9,3100,0,1,3,,2,293,"SR-193 E/B","TAYLOR RD",2112.00,W,N,B,-,Y,,,193,,,,,,E,Y,4,0,1,1,A,-,01,23152,A,N,E,I,A,A,H,-,D,D,0,,,,,Y,Y,D,22,0,0,1,0,0,0,0,0,0,"- ","- ",38.878631591796875,-121.14006805419922,PLACER,UNINCORPORATED,-121.14009857177734,38.878768920898438
91473775,2021,2021-05-27,9221,2021-05-09,1840,019869,,7,2,9,3100,0,1,1,,2,384,"INTERSTATE 80 WESTBOUND","CARPENTER ROAD",3696.00,E,N,A,-,Y,,,80,,,,,,W,Y,4,0,1,4,A,-,03,22350,,N,C,C,A,A,H,-,A,D,0,,,,Y,Y,,G,55,0,0,1,0,0,0,0,0,0,"- ","- ",39.13140869140625,-120.93636322021484,PLACER,UNINCORPORATED,-120.93633270263672,39.131401062011719
91605774,2021,2021-10-25,9220,2021-10-14,1616,016682,,4,2,5,3105,0,1,1,,2,281,"I-80 E/B FROM RIVERSIDE AVENUE","RIVERSIDE AVENUE",39.00,E,N,B,-,Y,,,80,,,,R,,E,Y,4,0,1,1,A,-,03,22350,,N,F,A,A,A,H,-,A,D,0,,,,,Y,,J,49,0,0,1,0,0,0,0,0,0,"- ","- ",38.723480224609375,-121.29022979736328,PLACER,ROSEVILLE,-121.29022979736328,38.723480224609375
91612074,2021,2021-11-01,9220,2021-10-24,0155,020072,,7,3,5,3105,0,1,3,,1,265,"SR-65 N/B","GALLERIA BLVD",2112.00,S,N,C,-,Y,,,65,,,,,,N,Y,3,0,2,1,A,-,01,23152,A,N,E,I,A,B,H,-,D,D,0,,,,,Y,Y,A,01,0,1,1,0,0,0,0,0,0,"- ","- ",38.774368286132812,-121.25888061523438,PLACER,ROSEVILLE,-121.25888824462891,38.77435302734375
91386996,2021,2021-01-13,9220,2021-01-04,1750,016031,,1,2,9,3100,0,3,5,,2,060,"FORESTHILL RD","LAKE CLEMTINE RD.",4224.00,N,N,B,-,N,,,,,,,,,,Y,4,0,1,1,A,-,03,22350,,N,E,I,A,B,H,-,E,D,0,,,,,Y,,A,01,0,0,1,0,0,0,0,0,0,"- ","- ",38.941398620605469,-120.99185180664062,PLACER,UNINCORPORATED,,
91515809,2021,2021-07-08,9220,2021-06-29,1135,015197,,2,1,9,3100,0,1,3,,1,249,"SR-49 N/B","MASTERS CT.",0.00,,Y,A,-,Y,,,49,,,,,,N,Y,3,0,1,2,A,-,09,21804,A,N,D,C,A,A,H,-,A,D,0,,,,,Y,,A,01,0,1,0,0,0,0,0,0,0,"- ","- ",38.937789916992188,-121.09536743164062,PLACER,UNINCORPORATED,-121.09549713134766,38.937709808349609
91519348,2021,2021-07-13,9220,2021-07-06,1435,015060,,2,2,5,3105,0,1,1,,2,281,"I-80 W/B FROM TAYLOR RD.","TAYLOR RD.",200.00,W,N,A,-,Y,,,80,,,,R,,W,Y,4,0,2,2,A,-,03,22350,,N,C,C,A,A,H,-,A,A,0,,,,,Y,,A,07,0,0,2,0,0,0,0,0,0,"- ","- ",38.76544189453125,-121.25639343261719,PLACER,ROSEVILLE,-121.25639343261719,38.76544189453125
91523556,2021,2021-07-19,9220,2021-07-13,2230,018768,,2,3,9,3100,0,2,4,,2,015,"INDUSTRIAL AVE","LON MCANALLY LOOP",410.00,N,N,A,-,N,,,,,,,,,,Y,2,0,2,3,A,-,01,23152,A,N,B,C,A,A,H,-,D,D,0,,,Y,,Y,Y,C,02,2,0,0,0,0,0,0,0,2,"- ","- ",38.831409454345703,-121.30711364746094,PLACER,UNINCORPORATED,,
9233683,2021,2021-04-12,3101,2021-02-10,1200,A741,AU04,3,5,3,3101,0,0,0,,0,0A2,"MAIDU DR","AUBURN FOLSOM RD",10.00,S,N,A,-,N,,,,,,,,,,N,3,0,1,2,A,-,03,22350,,N,C,C,A,A,H,-,A,A,0,,,,,Y,,-,,0,1,0,0,0,0,0,0,0,"- ","- ",38.879100799560547,-121.07940673828125,PLACER,AUBURN,-121.08103942871094,38.876350402832031
9254970,2021,2021-05-05,3105,2021-04-19,2500,1138,,1,5,5,3105,0,0,0,,0,004,"SIERRA BL","LINCOLN ST",0.00,,Y,A,-,N,,,,,,,,,,Y,3,0,1,1,A,-,03,22350,,N,F,I,A,A,H,-,C,D,0,,,,,Y,,D,22,0,1,0,0,0,0,0,0,0,"- ","- ",38.754299163818359,-121.28472900390625,PLACER,ROSEVILLE,-121.28527069091797,38.753227233886719
9369777,2021,2021-12-24,3104,2021-11-26,0751,254,44,5,5,4,3104,0,0,0,,0,001,"PACIFIC ST","ROCKLIN RD",0.00,,Y,A,-,N,,,,,,,,,,N,3,0,1,2,A,-,12,21453,A,N,D,C,A,A,H,-,A,A,0,,,Y,,Y,,A,01,0,1,0,0,0,0,0,0,1,"- ","- ",38.790679931640625,-121.23590850830078,PLACER,ROCKLIN,-121.23603820800781,38.790790557861328
91431798,2021,2021-03-22,9220,2021-03-15,1750,018488,,1,2,9,3100,0,2,4,,1,014,"PFE RD","COOK RIOLO RD",0.00,,Y,A,-,N,,,,,,,,,,N,3,0,1,2,A,-,09,21800,C,N,D,G,A,A,H,-,A,A,0,,Y,,,Y,,A,07,0,1,0,0,0,0,1,0,0,"- ","- ",38.728988647460938,-121.33689117431641,PLACER,UNINCORPORATED,-121.33689117431641,38.729015350341797
91501566,2021,2021-06-21,9220,2021-05-29,0225,019040,,6,3,9,3100,0,3,5,,2,050,"PLACER HILLS RD.","NEW VALLEY RD",100.00,N,N,A,-,N,,,,,,,,,,Y,3,0,1,1,A,-,01,23152,A,N,E,I,A,A,H,-,D,D,0,,,,,Y,Y,A,01,0,1,0,0,0,0,0,0,0,"- ","- ",39.052661895751953,-120.99854278564453,PLACER,UNINCORPORATED,-120.99847412109375,39.052524566650391
91550399,2021,2021-08-20,9220,2021-08-10,1650,013997,,2,2,9,3100,0,1,3,,1,249,"SR-49 N/B (GRASS VALLEY HIGHWAY)","DRY CREEK ROAD",420.00,N,N,A,-,Y,,,49,,,,,,N,N,3,0,3,3,A,-,03,22350,,N,C,C,A,A,H,-,A,D,0,,,,,Y,,D,22,0,3,0,0,0,0,0,0,0,"- ","- ",38.957839965820312,-121.10160064697266,PLACER,UNINCORPORATED,-121.10163116455078,38.957832336425781
91557101,2021,2021-08-27,9220,2021-08-26,1453,013997,,4,2,9,3100,0,1,3,,1,249,"SR-49 (NORTHBOUND)","HULBERT WAY",52.00,N,N,A,-,Y,,,49,,,,,,,Y,3,0,2,2,A,-,03,22350,,N,C,C,A,A,H,-,A,D,0,,,,,Y,,A,01,0,2,0,0,0,0,0,0,0,"- ","- ",38.930168151855469,-121.08882141113281,PLACER,UNINCORPORATED,-121.08891296386719,38.930095672607422
91587172,2021,2021-10-04,9220,2021-09-26,1520,017375,,7,2,9,3100,0,1,1,,2,282,"I-80 W/B","NEWCASTLE RD",2112.00,W,N,A,-,Y,,,80,,,,,,W,Y,3,0,1,2,A,-,07,21658,A,N,B,C,A,A,H,-,A,D,0,,,Y,,Y,,A,01,0,1,0,0,0,0,0,0,1,"- ","- ",38.866741180419922,-121.13272094726562,PLACER,UNINCORPORATED,-121.13272094726562,38.866741180419922
9355901,2021,2021-11-05,3105,2021-10-20,1658,1170,,3,5,5,3105,0,0,0,,0,002,"LEAD HILL BL","LEAD HILL BL 1380",7.00,E,N,A,-,N,,,,,,,,,,N,4,0,1,2,A,-,11,21954,A,N,G,B,D,A,H,-,A,D,0,Y,,,,Y,,N,60,0,0,1,0,1,0,0,0,0,"- ","- ",38.748371124267578,-121.25907135009766,PLACER,ROSEVILLE,,
91399002,2021,2021-01-29,9221,2021-01-25,1608,021216,,1,2,9,3100,0,1,1,,2,386,"I-80 W/B","KEARSARGE MILL RD",528.00,E,N,B,D,Y,,,80,,,,,,W,Y,4,0,2,3,A,-,03,22350,,N,C,C,A,C,G,-,A,D,0,,,,,Y,,A,01,0,0,2,0,0,0,0,0,0,"- ","- ",39.239879608154297,-120.75250244140625,PLACER,UNINCORPORATED,-120.75253295898438,39.239879608154297
91424246,2021,2021-03-10,9221,2021-02-28,1555,019020,,7,2,9,3100,0,1,1,,2,386,"I-80 E/B","BLUE CANYON RD",1150.00,W,N,A,-,Y,,,,,,,,,,Y,3,0,1,2,A,-,08,22107,,N,E,I,A,A,H,-,A,D,0,,,,,Y,,A,01,0,1,0,0,0,0,0,0,0,"- ","- ",39.165500640869141,-120.42262268066406,PLACER,UNINCORPORATED,-120.70606231689453,39.282600402832031
91523533,2021,2021-07-19,9220,2021-07-12,2145,019148,,1,2,4,3104,0,1,3,,1,265,"SR-65 N/B","SUNSET BLVD.",3400.00,S,N,A,-,Y,,,65,,,,,,N,N,3,0,1,2,A,-,01,23152,A,F,C,C,A,A,H,-,C,D,0,,,,,Y,Y,A,01,0,1,0,0,0,0,0,0,0,"- ","- ",38.808509826660156,-121.30005645751953,PLACER,ROCKLIN,-121.30007934570312,38.808509826660156
9208905,2021,2021-03-19,3105,2021-01-09,1306,1117,,6,5,5,3105,0,0,0,,0,005,"PLEASANT GROVE BL","RT 65",300.00,E,N,A,-,Y,PLA,3,65,-,R,6.877,R,4,S,Y,3,0,2,3,A,-,03,22350,,N,C,C,A,A,H,-,A,D,0,,,,,Y,,A,01,0,2,0,0,0,0,0,0,0,"- ",SF,38.785671234130859,-121.28648376464844,PLACER,ROSEVILLE,-121.28044128417969,38.78460693359375
9208910,2021,2021-03-15,3105,2021-01-17,1340,1015,,7,5,5,3105,0,0,0,,0,006,"PLEASANT GROVE BL","MISTY WOOD DR",31.00,E,N,A,-,N,,,,,,,,,,Y,4,0,1,2,A,-,03,22350,,N,C,C,A,A,H,-,A,D,0,,,,,Y,,A,01,0,0,1,0,0,0,0,0,0,"- ","- ",38.772201538085938,-121.31520080566406,PLACER,ROSEVILLE,-121.31537628173828,38.772396087646484
9317405,2021,2021-09-27,3105,2021-08-13,2500,3034,,5,5,5,3105,0,0,0,,0,003,"SUNRISE AV","MADDEN LN",15.00,S,N,A,-,N,,,,,,,,,,Y,4,0,2,4,A,-,03,22350,I,N,C,C,A,A,H,-,A,A,0,,,,,Y,,A,01,0,0,2,0,0,0,0,0,0,"- ","- ",38.73175048828125,-121.27205657958984,PLACER,ROSEVILLE,-121.27205657958984,38.731697082519531
9378475,2021,2021-12-14,3101,2021-11-04,1851,A737,AU12,4,5,3,3101,0,0,0,,0,0A1,"GRASS VALLEY HWY","FULWEILER AV",0.00,,N,A,-,Y,PLA,3,49,-,-,3.490,H,-,S,Y,4,0,2,2,A,-,03,22350,,N,C,C,A,A,H,-,D,A,0,,,,,Y,,A,07,0,0,2,0,0,0,0,0,0,"- ","- ",38.904708862304688,-121.07408142089844,PLACER,AUBURN,-121.07627868652344,38.904254913330078
91385153,2021,2021-01-11,9221,2021-01-04,1025,016634,,1,1,9,3100,0,1,1,,2,386,"I-80 W/B","YUBA GAP",6336.00,W,N,B,D,Y,,,80,,,,,,W,Y,3,0,1,1,A,-,03,22350,,N,E,I,A,C,H,-,A,D,0,,,,,Y,,A,07,0,1,0,0,0,0,0,0,0,"- ","- ",39.314800262451172,-120.6260986328125,PLACER,UNINCORPORATED,-120.62615203857422,39.314891815185547
91431933,2021,2021-03-22,9220,2021-03-12,1750,017863,,5,2,9,3100,0,3,5,,2,050,"LAKE ARTHUR RD","PINECREST DR",115.00,E,N,A,-,Y,,,,,,,,,,Y,3,0,1,1,A,-,03,22350,,N,E,I,A,A,H,-,A,D,0,,,,,Y,,A,01,0,1,0,0,0,0,0,0,0,"- ","- ",38.991230010986328,-121.00058746337891,PLACER,UNINCORPORATED,-121.00070190429688,38.991107940673828
91473764,2021,2021-05-27,9221,2021-05-08,1720,018530,,6,2,9,3100,0,3,5,,2,070,"BLUE CANYON ROAD","AIRPORT ROAD",0.00,,Y,A,-,N,,,,,,,,,,N,2,0,1,1,A,-,03,22350,,N,F,I,A,A,H,-,A,D,0,,,Y,,Y,,C,06,1,0,0,0,0,0,0,0,1,"- ","- ",39.277420043945312,-120.70736694335938,PLACER,UNINCORPORATED,-120.70735931396484,39.277565002441406
91503258,2021,2021-06-22,9221,2021-06-18,1908,019565,,5,2,9,3100,0,1,1,,2,388,"I-80 E/B","KINGVALE U/C",1000.00,W,N,A,-,Y,,,80,,,,,,E,Y,3,0,1,1,A,-,08,22107,,N,F,9,A,A,H,-,A,D,0,,,,,Y,,D,22,0,1,0,0,0,0,0,0,0,"- ","- ",39.313770294189453,-120.44876861572266,PLACER,UNINCORPORATED,-120.44876861572266,39.313667297363281
91522201,2021,2021-07-16,9220,2021-07-08,1225,013794,,4,1,9,3100,0,3,5,,2,050,"GATEWAY COURT","PLAZA WAY",239.00,E,N,A,-,N,,,,,,,,,,Y,3,0,1,2,A,-,08,22107,,N,B,C,A,A,H,-,A,D,0,,,,,Y,,A,01,0,1,0,0,0,0,0,0,0,"- ","- ",38.939300537109375,-121.09356689453125,PLACER,UNINCORPORATED,-121.09346008300781,38.939285278320312
91567589,2021,2021-09-10,9220,2021-09-05,2025,016657,,7,2,9,3100,0,2,4,,2,064,"ARROWHEAD DR","CRESTLINE DRIVE",528.00,S,N,A,-,N,,,,,,,,,,Y,2,0,1,1,A,-,01,23152,A,N,E,I,A,A,H,-,C,D,0,,,Y,,Y,Y,C,02,1,0,0,0,0,0,0,0,1,"- ","- ",38.984851837158203,-121.89034271240234,PLACER,UNINCORPORATED,-120.89012145996094,38.986034393310547
9277173,2021,2021-07-09,3105,2021-05-28,1518,1131,,5,5,5,3105,0,0,0,,0,001,"GALLERIA BL","ANTELOPE CREEK DR",434.00,S,N,A,-,N,,,,,,,,,,Y,3,0,2,2,A,-,09,21801,A,N,D,C,A,A,H,-,A,D,0,,,,,Y,,A,07,0,1,1,0,0,0,0,0,0,"- ","- ",38.770370483398438,-121.266357421875,PLACER,ROSEVILLE,-121.26589202880859,38.770927429199219
9290560,2021,2021-08-10,3105,2021-06-27,0940,1139,,7,5,5,3105,0,0,0,,0,006,"INDUSTRIAL AV","ALANTOWN  DR",0.00,,Y,A,-,N,,,,,,,,,,Y,4,0,2,2,A,-,09,21801,A,N,D,C,A,A,H,-,A,D,0,,,,,Y,,A,01,0,0,2,0,0,0,0,0,0,"- ","- ",38.797401428222656,-121.30789184570312,PLACER,ROSEVILLE,-121.30786895751953,38.797378540039062
9297487,2021,2021-08-27,3104,2021-07-06,1525,277,42,2,5,4,3104,0,0,0,,0,001,"SIERRA COLLEGE BL","SCHRIBER WY",0.00,,Y,A,-,N,,,,,,,,,,Y,3,0,2,2,A,-,12,21453,A,N,D,C,A,A,H,-,A,A,0,,,,,Y,,A,01,0,2,0,0,0,0,0,0,0,"- ","- ",38.7994384765625,-121.20542144775391,PLACER,ROCKLIN,-121.20552062988281,38.799442291259766
9307000,2021,2021-09-23,3103,2021-07-27,0755,BROGE,L6,2,5,2,3103,0,0,0,,0,0L4,LINCOLN,"FERRARI RANCH RD",865.00,S,N,A,-,N,,,,,,,,,,Y,3,0,2,3,A,-,03,22350,,N,C,C,A,A,H,-,A,A,0,,,,,Y,,A,07,0,2,0,0,0,0,0,0,0,"- ","- ",38.879631042480469,-121.29543304443359,PLACER,LINCOLN,-121.29633331298828,38.877365112304688
9369870,2021,2021-12-24,3105,2021-11-09,1739,1132,,2,5,5,3105,0,0,0,,0,003,"VERNON ST","ATLANTIC ST",0.00,,Y,B,-,N,,,,,,,,,,Y,4,0,3,2,A,-,08,22107,,N,D,C,A,B,H,-,C,D,0,,,,,Y,,A,01,0,0,3,0,0,0,0,0,0,"- ","- ",,,PLACER,ROSEVILLE,-121.28146362304688,38.751811981201172
9373941,2021,2021-12-14,3105,2021-10-18,0820,1107,,1,5,5,3105,0,0,0,,0,006,"PLEASANT GROVE BL","FIDDYMENT RD",144.00,E,N,A,-,N,,,,,,,,,,Y,4,0,1,2,A,-,09,21800,A,N,C,C,A,A,H,-,A,A,0,,,,,Y,,A,07,0,0,1,0,0,0,0,0,0,"- ","- ",38.765678405761719,-121.35772705078125,PLACER,ROSEVILLE,-121.35822296142578,38.766288757324219
91445962,2021,2021-04-08,9220,2021-03-25,2025,017375,,4,2,9,3100,0,1,3,,1,249,"SR-49 (GRASS VALLEY HIGHWAY)","BELL ROAD",0.00,,Y,A,-,Y,,,49,,,,,,,N,4,0,1,2,A,-,11,21950,B,N,G,B,B,A,H,-,D,A,0,Y,,,,Y,,N,60,0,0,1,0,1,0,0,0,0,"- ","- ",38.942211151123047,-121.09703826904297,PLACER,UNINCORPORATED,-121.09714508056641,38.942184448242188
91469063,2021,2021-05-27,9220,2021-05-07,0720,015272,,5,1,9,3100,0,1,3,,1,267,"SR-65 S/B","RIOSA RD",360.00,N,N,A,-,Y,,,,,,,,,,Y,4,0,1,2,A,-,08,22107,,N,C,C,A,A,H,-,A,D,0,,,,Y,Y,,A,01,0,0,1,0,0,0,0,0,0,"- ","- ",38.582401275634766,-121.49539947509766,PLACER,UNINCORPORATED,-121.38309478759766,38.979850769042969
91519213,2021,2021-07-13,9220,2021-06-28,1352,013997,,1,1,9,3100,0,2,4,,2,056,"BELL ROAD","QUARTZ DRIVE",0.00,,Y,A,-,N,,,,,,,,,,Y,3,0,1,2,A,-,12,21453,A,N,D,C,A,A,H,-,A,A,0,,,,,Y,,A,01,0,1,0,0,0,0,0,0,0,"- ","- ",38.942359924316406,-121.09426879882812,PLACER,UNINCORPORATED,-121.09429168701172,38.942386627197266
91550508,2021,2021-08-20,9222,2021-08-10,2330,015908,,2,3,9,3100,0,3,5,,2,010,"CATHEDRAL RD","SR-89 SOUTH",22.00,W,N,A,-,N,,,,,,,,,,N,3,0,1,2,A,-,09,21804,A,N,D,G,A,A,H,-,D,A,0,,Y,,,Y,,L,04,0,1,0,0,0,0,1,0,0,"- ","- ",39.155879974365234,-120.14614868164062,PLACER,UNINCORPORATED,-120.1461181640625,39.155799865722656
91662540,2021,2021-12-27,9220,2021-12-18,1715,015060,,6,2,3,3101,0,1,1,,2,282,"I-80 W/B FROM SR-49 S/B",SR-49,100.00,W,N,A,-,Y,,,80,,,,R,,W,Y,3,0,1,1,A,-,08,22107,,N,F,A,A,A,D,-,C,D,0,,,,,Y,,A,01,0,1,0,0,0,0,0,0,0,"- ","- ",38.900600433349609,-121.07601165771484,PLACER,AUBURN,-121.07601165771484,38.900600433349609
9236042,2021,2021-03-29,3104,2021-02-25,1224,283,38,4,5,4,3104,0,0,0,,0,003,"STANFORD RANCH RD","SUNSET BL",0.00,,Y,A,-,N,,,,,,,,,,Y,3,0,2,2,A,-,09,21453,C,N,D,C,A,A,H,-,A,A,0,,,,,Y,,A,01,0,1,1,0,0,0,0,0,0,"- ","- ",38.796249389648438,-121.26497650146484,PLACER,ROCKLIN,-121.26510620117188,38.796138763427734