CASE_ID,ACCIDENT_YEAR,PROC_DATE,JURIS,COLLISION_DATE,COLLISION_TIME,OFFICER_ID,REPORTING_DISTRICT,DAY_OF_WEEK,CHP_SHIFT,POPULATION,CNTY_CITY_LOC,SPECIAL_COND,BEAT_TYPE,CHP_BEAT_TYPE,CITY_DIVISION_LAPD,CHP_BEAT_CLASS,BEAT_NUMBER,PRIMARY_RD,SECONDARY_RD,DISTANCE,DIRECTION,INTERSECTION,WEATHER_1,WEATHER_2,STATE_HWY_IND,CALTRANS_COUNTY,CALTRANS_DISTRICT,STATE_ROUTE,ROUTE_SUFFIX,POSTMILE_PREFIX,POSTMILE,LOCATION_TYPE,RAMP_INTERSECTION,SIDE_OF_HWY,TOW_AWAY,COLLISION_SEVERITY,NUMBER_KILLED,NUMBER_INJURED,PARTY_COUNT,PRIMARY_COLL_FACTOR,PCF_CODE_OF_VIOL,PCF_VIOL_CATEGORY,PCF_VIOLATION,PCF_VIOL_SUBSECTION,HIT_AND_RUN,TYPE_OF_COLLISION,MVIW,PED_ACTION,ROAD_SURFACE,ROAD_COND_1,ROAD_COND_2,LIGHTING,CONTROL_DEVICE,CHP_ROAD_TYPE,PEDESTRIAN_ACCIDENT,BICYCLE_ACCIDENT,MOTORCYCLE_ACCIDENT,TRUCK_ACCIDENT,NOT_PRIVATE_PROPERTY,ALCOHOL_INVOLVED,STWD_VEHTYPE_AT_FAULT,CHP_VEHTYPE_AT_FAULT,COUNT_SEVERE_INJ,COUNT_VISIBLE_INJ,COUNT_COMPLAINT_PAIN,COUNT_PED_KILLED,COUNT_PED_INJURED,COUNT_BICYCLIST_KILLED,COUNT_BICYCLIST_INJURED,COUNT_MC_KILLED,COUNT_MC_INJURED,PRIMARY_RAMP,SECONDARY_RAMP,LATITUDE,LONGITUDE,COUNTY,CITY,POINT_X,POINT_Y
9352465,2021,2021-11-23,3105,2021-10-14,2500,1128,,4,5,5,3105,0,0,0,,0,001,"SIERRA COLLEGE BL","POLO RANCH PL",620.00,N,N,A,-,N,,,,,,,,,,Y,4,0,1,1,A,-,01,23152,B,N,F,J,A,A,H,-,C,D,0,,,,,Y,Y,A,01,0,0,1,0,0,0,0,0,0,"- ","- ",,,PLACER,ROSEVILLE,-121.22372436523438,38.761276245117188
91458618,2021,2021-04-26,9222,2021-04-13,1422,016576,,2,2,9,3100,0,3,5,,2,010,"LANNY LANE","RUSSELL ROAD",695.00,E,N,B,-,N,,,,,,,,,,Y,1,1,0,2,A,-,03,22350,,N,F,A,A,A,H,-,A,D,0,,,Y,,Y,,C,02,0,0,0,0,0,0,0,1,0,"- ","- ",39.206790924072266,-120.21859741210938,PLACER,UNINCORPORATED,-120.21829223632812,39.2069091796875
91520373,2021,2021-07-14,9220,2021-07-01,1120,015838,,4,1,9,3100,0,3,5,,2,070,"ENGLISH COLONY WAY","FLINT WAY",80.00,E,N,A,-,N,,,,,,,,,,N,3,0,1,2,A,-,08,22107,,F,B,G,A,A,H,-,A,D,0,,Y,,,Y,,E,22,0,1,0,0,0,0,1,0,0,"- ","- ",38.852630615234375,-121.17017364501953,PLACER,UNINCORPORATED,-121.16997528076172,38.85247802734375
91596429,2021,2021-10-14,9220,2021-10-09,1621,017375,,6,2,9,3100,0,1,3,,1,267,SR-65,"WHEATLAND ROAD",200.00,S,N,A,-,Y,,,65,,,,,,,N,4,0,2,2,A,-,03,22350,,N,C,C,A,A,H,-,A,D,0,,,,,Y,,A,01,0,0,2,0,0,0,0,0,0,"- ","- ",38.995891571044922,-121.39951324462891,PLACER,UNINCORPORATED,-121.39952087402344,38.995864868164062
91618881,2021,2021-11-08,9220,2021-11-05,1819,015961,,5,2,5,3105,0,1,1,,2,281,"I-80 (E/B)","SR-65 SB TO I-80 EB O/C",202.00,W,N,B,-,Y,,,80,,,,,,,N,4,0,1,3,A,-,07,21658,A,N,C,C,A,A,H,-,C,D,0,,,,,Y,,A,08,0,0,1,0,0,0,0,0,0,"- ","- ",38.769309997558594,-121.24922943115234,PLACER,ROSEVILLE,-121.24930572509766,38.769432067871094
9218851,2021,2021-03-22,3105,2021-01-22,1811,1152,,5,5,5,3105,0,0,0,,0,006,"BASELINE RD","BASELINE RD 1251",0.00,,Y,B,-,N,,,,,,,,,,Y,4,0,1,2,A,-,09,21801,A,F,D,C,A,B,H,-,C,D,0,,,,Y,Y,,F,26,0,0,1,0,0,0,0,0,0,"- ","- ",38.750141143798828,-121.30097961425781,PLACER,ROSEVILLE,-121.36064147949219,38.751766204833984
9322925,2021,2021-10-18,3105,2021-09-11,1426,1115,,6,5,5,3105,0,0,0,,0,002,"EAST ROSEVILLE PKWY","N CIRBY WY",0.00,,Y,A,-,N,,,,,,,,,,Y,4,0,2,2,A,-,12,21453,A,N,A,C,A,A,H,-,A,A,0,,,,,Y,,A,07,0,0,2,0,0,0,0,0,0,"- ","- ",38.731491088867188,-121.23153686523438,PLACER,ROSEVILLE,-121.23155975341797,38.731498718261719
9404800,2021,2022-02-28,3105,2021-12-31,1753,1059,,5,5,5,3105,0,0,0,,0,006,"PLEASANT GROVE BL","WOODCREEK OAKS BL",0.00,,Y,A,-,N,,,,,,,,,,Y,4,0,1,3,A,-,12,21453,A,N,D,C,A,A,H,-,C,A,0,,,,,Y,,J,48,0,0,1,0,0,0,0,0,0,"- ","- ",38.759670257568359,-121.29548645019531,PLACER,ROSEVILLE,-121.33007049560547,38.768562316894531
91446324,2021,2021-04-08,9220,2021-04-01,1740,016682,,4,2,9,3100,0,1,1,,2,281,"I-80 E/B","ROSEVILLE PKWY",288.00,E,N,A,-,Y,,,,,,,,,,N,4,0,1,2,A,-,03,22350,,N,C,C,A,A,H,-,A,D,0,,,,,Y,,A,01,0,0,1,0,0,0,0,0,0,"- ","- ",38.763599395751953,-121.25776672363281,PLACER,UNINCORPORATED,-121.25791168212891,38.763389587402344
91539901,2021,2021-08-09,9222,2021-07-31,1022,017288,,6,1,9,3100,0,3,5,,2,010,SR-28,"COON STREET",285.00,E,N,A,-,Y,,,28,,,,,,,Y,2,0,1,2,A,-,05,21202,A,N,D,G,A,A,H,-,A,D,0,,Y,,,Y,Y,L,04,1,0,0,0,0,0,1,0,0,"- ","- ",39.235679626464844,-120.02094268798828,PLACER,UNINCORPORATED,-120.02097320556641,39.235557556152344
91551239,2021,2021-08-23,9220,2021-05-30,2235,015624,,7,3,9,3100,0,2,4,,2,064,"FORESTHILL ROAD","BALTIMORE MINE ROAD",1320.00,W,N,A,-,N,,,,,,,,,,Y,4,0,1,1,A,-,08,22107,,N,F,I,A,A,H,-,D,D,0,,,,,Y,Y,D,22,0,0,1,0,0,0,0,0,0,"- ","- ",39.015480041503906,-120.83638000488281,PLACER,UNINCORPORATED,-120.83721160888672,39.0147705078125
91551317,2021,2021-08-23,9220,2021-08-14,2330,018315,,6,3,9,3100,0,1,S,,2,904,"I-80 (E/B)","WEST PAOLI LANE",386.00,S,N,A,-,Y,,,80,,,,,,,Y,2,0,1,1,A,-,03,22350,,N,E,I,A,A,H,-,C,D,0,,,Y,,Y,,C,02,1,0,0,0,0,0,0,0,1,"- ","- ",39.033901214599609,-120.97612762451172,PLACER,UNINCORPORATED,-120.97574615478516,39.033721923828125
91597593,2021,2021-10-15,9220,2021-10-03,0440,020072,,7,3,9,3100,0,2,4,,2,077,"AUBURN FOLSOM RD","POWERHOUSE RD",59.00,N,N,A,-,N,,,,,,,,,,Y,2,0,2,1,A,-,08,22107,,N,E,I,A,A,H,-,D,D,0,,,,,Y,,A,01,2,0,0,0,0,0,0,0,0,"- ","- ",38.854759216308594,-121.10690307617188,PLACER,UNINCORPORATED,-121.10722351074219,38.854465484619141
9259450,2021,2021-05-12,3103,2021-04-21,2344,TPARS,L8,3,5,2,3103,0,0,0,,0,0L4,"TWELVE BRIDGES DR","EASTRIDGE DR",60.00,W,N,A,-,N,,,,,,,,,,Y,3,0,1,1,A,-,08,22107,,N,E,I,A,A,H,-,C,D,0,,,,,Y,,A,01,0,1,0,0,0,0,0,0,0,"- ","- ",38.848140716552734,-121.26888275146484,PLACER,LINCOLN,-121.26907348632812,38.848117828369141
9373875,2021,2022-01-12,3105,2021-11-16,1022,1107,,2,5,5,3105,0,0,0,,0,007,"PLEASANT GROVE BL","FIDDYMENT RD",0.00,,Y,B,-,N,,,,,,,,,,N,4,0,1,2,A,-,10,21950,A,N,G,B,B,-,H,-,A,A,0,Y,,,,Y,,A,01,0,0,1,0,1,0,0,0,0,"- ","- ",38.766159057617188,-121.35871124267578,PLACER,ROSEVILLE,-121.35873413085938,38.766292572021484
91394489,2021,2021-01-26,9220,2021-01-18,1225,013997,,1,1,9,3100,0,2,4,,2,056,"BELL ROAD","OLD AIRPORT ROAD",0.00,,Y,A,-,N,,,,,,,,,,Y,3,0,3,3,A,-,03,22350,,N,C,C,A,A,H,-,A,D,0,,,,,Y,,A,07,0,2,1,0,0,0,0,0,0,"- ","- ",38.994701385498047,-121.06424713134766,PLACER,UNINCORPORATED,-121.06462860107422,38.944648742675781
91429315,2021,2021-03-17,9220,2021-03-16,1822,017027,,2,2,9,3100,0,1,3,,1,249,SR-49,"WILLOW CREEK DR",135.00,N,N,B,-,Y,,,49,,,,,,,Y,4,0,1,3,A,-,08,22107,,N,B,C,A,A,H,-,A,D,0,,,,,Y,,A,01,0,0,1,0,0,0,0,0,0,"- ","- ",38.939018249511719,-121.09620666503906,PLACER,UNINCORPORATED,-121.09614562988281,38.939044952392578
91558835,2021,2021-08-30,9222,2021-08-19,1320,016852,,4,1,9,3100,0,1,3,,1,011,"STATE ROUTE 89 SOUTH (WEST LAKE BOULEVARD)","SEQUOIA AVENUE - NORTH",549.00,N,N,A,-,Y,,,89,,,,,,,Y,3,0,2,2,A,-,09,21804,A,N,D,C,A,A,H,-,A,D,0,,,,Y,Y,,F,26,0,2,0,0,0,0,0,0,0,"- ","- ",39.152580261230469,-120.14613342285156,PLACER,UNINCORPORATED,-120.14607238769531,39.152580261230469
91570027,2021,2021-09-14,9220,2021-09-11,1235,015869,,6,1,9,3100,0,2,4,,2,062,"FORESTHILL RD","PONDEROSA WAY",528.00,W,N,A,-,Y,,,,,,,,,,Y,2,0,1,2,A,-,08,22100,B,N,D,C,A,A,H,-,A,D,0,,,Y,,Y,,D,22,1,0,0,0,0,0,0,0,1,"- ","- ",38.995880126953125,-120.92102813720703,PLACER,UNINCORPORATED,-120.92076873779297,38.996349334716797
91611921,2021,2021-11-01,9220,2021-10-22,1948,017863,,5,2,9,3100,0,3,5,,2,070,"ROCK SPRINGS RD.","TAYLOR RD.",650.00,S,N,B,-,N,,,,,,,,,,Y,3,0,1,1,A,-,01,23152,A,N,E,J,A,A,H,-,D,D,0,,,Y,,Y,Y,C,02,0,1,0,0,0,0,0,0,1,"- ","- ",,,PLACER,UNINCORPORATED,-121.16239929199219,38.850959777832031
91618578,2021,2021-11-08,9220,2021-10-20,1544,016467,,3,2,5,3105,0,1,3,,1,265,"STATE ROUTE 65 SOUTHBOUND","PLEASANT GROVE BOULEVARD",10.00,S,N,A,-,Y,,,65,,,,,,S,Y,4,0,1,3,A,-,03,22350,,N,C,C,A,A,H,-,A,A,0,,,,,Y,,A,01,0,0,1,0,0,0,0,0,0,"- ","- ",38.786388397216797,-121.28404235839844,PLACER,ROSEVILLE,-121.28403472900391,38.786399841308594
91618934,2021,2021-11-08,9220,2021-11-06,0005,020072,,6,3,9,3100,0,2,4,,2,022,"DOUGLAS BLVD","SIERRA COLLEGE BLVD",0.00,,Y,A,-,N,,,,,,,,,,Y,3,0,2,2,A,-,09,21453,C,N,A,C,A,A,H,-,C,A,0,,,,,Y,,A,01,0,2,0,0,0,0,0,0,0,"- ","- ",38.743728637695312,-121.22624969482422,PLACER,UNINCORPORATED,-121.22621917724609,38.743938446044922
9373049,2021,2021-12-09,3104,2021-10-26,1440,283,7,2,5,4,3104,0,0,0,,0,004,"WILDCAT BL","RANCH VIEW DR",1125.00,S,N,A,-,N,,,,,,,,,,Y,4,0,2,2,A,-,03,22350,,N,C,C,A,A,H,-,A,A,0,,,,,Y,,A,01,0,0,2,0,0,0,0,0,0,"- ","- ",38.832721710205078,-121.28618621826172,PLACER,ROCKLIN,-121.28932952880859,38.834579467773438
9386084,2021,2022-01-04,3105,2021-11-27,1909,1108,,6,5,5,3105,0,0,0,,0,003,"DOUGLAS BL","S LINCOLN ST",85.00,E,N,A,-,N,,,,,,,,,,N,3,0,1,2,A,-,08,22107,,M,D,G,A,A,H,-,C,A,0,,Y,,,Y,Y,L,04,0,1,0,0,0,0,1,0,0,"- ","- ",,,PLACER,ROSEVILLE,-121.28034973144531,38.743961334228516
91411580,2021,2021-02-19,9220,2021-02-12,1603,017863,,5,2,9,3100,0,1,3,,1,265,SR-65,"STANFORD RANCH RD. OVERCROSSING",1584.00,N,N,B,-,Y,,,,,,,,,,Y,4,0,1,3,A,-,03,22350,,N,C,C,A,A,H,-,C,D,0,,,,,Y,,A,01,0,0,1,0,0,0,0,0,0,"- ","- ",38.780681610107422,-121.27201843261719,PLACER,UNINCORPORATED,-121.27044677734375,38.779624938964844
91485105,2021,2021-05-28,9220,2021-05-26,1309,016581,,3,1,5,3105,0,1,3,,1,265,"SR-65 S/B",I-80,300.00,N,N,A,-,Y,,,65,,,,,,S,N,3,0,1,1,A,-,08,22107,,N,F,I,A,A,H,-,A,D,0,,,Y,,Y,,C,02,0,1,0,0,0,0,0,0,1,"- ","- ",38.771709442138672,-121.25193786621094,PLACER,ROSEVILLE,-121.25189208984375,38.771804809570312
91659137,2021,2021-12-22,9220,2021-12-12,0144,020072,,7,3,9,3100,0,2,4,,2,027,"BRIDGE CREEK LANE","AUBURN FOLSOM RD",400.00,W,N,A,-,N,,,,,,,,,,Y,3,0,1,1,A,-,01,23152,A,N,A,I,A,A,H,-,D,D,0,,,,,Y,Y,A,01,0,1,0,0,0,0,0,0,0,"- ","- ",38.83367919921875,-121.12230682373047,PLACER,UNINCORPORATED,-121.12245178222656,38.833747863769531
9322154,2021,2021-10-18,3105,2021-09-03,0916,1072,,5,5,5,3105,0,0,0,,0,005,"FAIRWAY DR","PLEASANT GROVE BL",0.00,,Y,A,-,N,,,,,,,,,,,4,0,1,2,A,-,03,22350,,N,C,C,A,A,H,-,A,A,0,,,,,Y,,A,07,0,0,1,0,0,0,0,0,0,"- ","- ",38.788921356201172,-121.28141021728516,PLACER,ROSEVILLE,-121.28182220458984,38.789531707763672
9323160,2021,2021-09-30,3105,2021-08-27,1549,1162,,5,5,5,3105,0,0,0,,0,006,"PLEASANT GROVE BL","FOOTHILLS BL",60.00,W,N,A,-,N,,,,,,,,,,Y,4,0,1,3,A,-,03,22350,,N,C,C,A,A,H,-,A,A,0,,,,,Y,,D,22,0,0,1,0,0,0,0,0,0,"- ","- ",38.772609710693359,-121.31285858154297,PLACER,ROSEVILLE,-121.31308746337891,38.772445678710938
9336073,2021,2021-10-06,3103,2021-08-25,0714,AELLI,L4,3,5,2,3103,0,0,0,,0,0L2,"FERRARI RANCH RD","RT 65",0.00,,Y,A,-,Y,PLA,3,65,-,R,13.160,R,4,N,N,3,0,1,2,A,-,12,21453,A,N,H,G,A,A,H,-,A,A,0,,Y,,,Y,,A,07,0,1,0,0,0,0,1,0,0,"- ","- ",38.879631042480469,-121.29543304443359,PLACER,LINCOLN,-121.30495452880859,38.868034362792969
91508557,2021,2021-06-29,9221,2021-06-19,1025,017125,,6,1,9,3100,0,1,3,,1,321,SR-20,I-80,2112.00,W,N,A,-,Y,,,,,,,,,,Y,3,0,1,1,A,-,08,22107,,N,E,I,A,A,H,-,A,D,0,,,,,Y,,A,07,0,1,0,0,0,0,0,0,0,"- ","- ",39.321060180664062,-120.61354827880859,PLACER,UNINCORPORATED,-120.60572052001953,39.322410583496094
91458645,2021,2021-04-26,9220,2021-04-21,2130,15060,,3,2,5,3105,0,1,1,,2,281,"I-80 E/B TO DOUGLAS BLVD.","DOUGLAS BLVD.",160.00,W,N,A,-,Y,,,80,,,,R,,E,Y,4,0,1,1,A,-,08,22107,,N,E,I,A,A,H,-,C,D,0,,,,,Y,,A,07,0,0,1,0,0,0,0,0,0,"- ","- ",38.743419647216797,-121.27082061767578,PLACER,ROSEVILLE,-121.27082061767578,38.743419647216797
91485212,2021,2021-05-28,9220,2021-05-25,0730,015961,,2,1,9,3100,0,1,3,,1,265,"SR-65 (N/B)","PLAEASANT GROVE BLVD. O/C",1056.00,N,N,A,-,Y,,,,,,,,,,Y,4,0,1,2,A,-,03,22350,,N,C,C,A,A,H,-,A,D,0,,,,,Y,,A,08,0,0,1,0,0,0,0,0,0,"- ","- ",38.789028167724609,-121.28949737548828,PLACER,UNINCORPORATED,-121.28724670410156,38.788009643554688
91531670,2021,2021-07-29,9220,2021-07-19,1736,013997,,1,2,9,3100,0,1,1,,2,283,"I-80 E/B","CROTHER ROAD (APPLEGATE) OVER-CROSSING",528.00,W,N,A,-,Y,,,80,,,,,,E,Y,3,0,1,2,A,-,03,22350,,N,C,2,A,A,H,-,A,D,0,,,,Y,Y,,A,07,0,1,0,0,0,0,0,0,0,"- ","- ",38.990180969238281,-121.00087738037109,PLACER,UNINCORPORATED,-121.00081634521484,38.990131378173828
91551527,2021,2021-08-23,9220,2021-06-26,0550,015917,,6,3,9,3100,0,3,5,,2,070,"MOUNT VERNON RD","MCFALL DR",1.00,S,N,A,-,N,,,,,,,,,,Y,3,0,1,1,A,-,01,23152,A,N,E,J,A,A,H,-,B,D,0,,,,,Y,Y,A,01,0,1,0,0,0,0,0,0,0,"- ","- ",38.937191009521484,-121.17510223388672,PLACER,UNINCORPORATED,-121.17510986328125,38.937229156494141
9299944,2021,2021-09-30,3105,2021-08-04,0805,197,,3,5,5,3105,0,0,0,,0,002,"OLD AUBURN RD","SPAHN RANCH RD",300.00,E,N,A,-,N,,,,,,,,,,Y,3,0,2,2,A,-,08,22107,,N,D,C,A,-,H,-,-,A,0,,,Y,,Y,,D,22,0,1,1,0,0,0,0,0,1,"- ","- ",38.72222900390625,-121.24073028564453,PLACER,ROSEVILLE,-121.23966217041016,38.722255706787109
91419896,2021,2021-03-03,9220,2021-02-26,1225,015272,,5,1,9,3100,0,1,3,,1,267,"SR-65 N/B","BEAR RIVER",30.00,S,N,A,-,Y,,,,,,,,,,Y,3,0,1,4,A,-,03,22350,,N,C,C,A,A,H,-,A,D,0,,,,,Y,,D,22,0,1,0,0,0,0,0,0,0,"- ","- ",38.123451232910156,-121.12345123291016,PLACER,UNINCORPORATED,,
91420568,2021,2021-03-04,9220,2021-03-01,1850,018488,,1,2,9,3100,0,2,4,,2,021,"SIERRA COLLEGE BLVD","INDIGO CREEK",0.00,,Y,A,-,N,,,,,,,,,,N,3,0,1,2,A,-,12,21453,A,N,D,G,A,A,H,-,C,A,0,,Y,,,Y,,L,04,0,1,0,0,0,0,1,0,0,"- ","- ",38.740299224853516,-121.2259521484375,PLACER,UNINCORPORATED,,
91428023,2021,2021-03-16,9220,2021-03-06,0422,017482,,6,3,5,3105,0,1,1,,2,281,"I-80 E/B","RIVERSIDE AVE",886.00,E,N,B,-,Y,,,80,,,,,,E,Y,3,0,1,2,A,-,01,23152,A,N,C,C,A,B,H,-,C,D,0,,,,Y,Y,Y,A,07,0,1,0,0,0,0,0,0,0,"- ","- ",38.726390838623047,-121.28823089599609,PLACER,ROSEVILLE,-121.28829956054688,38.726470947265625
91429471,2021,2021-03-17,9220,2021-03-16,1625,013465,,2,2,9,3100,0,3,5,,2,010,"SR-65 S/B OFF TO SUNSET BLVD","SUNSET BLVD",0.00,,Y,A,-,Y,,,65,,,,R,,S,Y,2,0,1,2,A,-,12,21453,A,N,D,C,A,A,H,-,A,A,0,,,Y,,Y,,C,02,1,0,0,0,0,0,0,0,1,"- ","- ",38.817371368408203,-121.30197143554688,PLACER,UNINCORPORATED,-121.30197143554688,38.817371368408203
91473459,2021,2021-05-28,9220,2021-05-04,0545,015961,,2,3,9,3100,0,3,5,,2,010,"FIDDYMENT RD","ATHENS AVE",2640.00,S,N,A,-,N,,,,,,,,,,Y,2,0,3,3,A,-,05,21752,A,N,A,C,A,A,H,-,B,D,0,,,,,Y,,A,01,2,1,0,0,0,0,0,0,0,"- ","- ",38.831901550292969,-121.34909820556641,PLACER,UNINCORPORATED,-121.349365234375,38.831642150878906
91605848,2021,2021-10-25,9220,2021-10-21,0651,013975,,4,1,9,3100,0,2,4,,2,062,"FORESTHILL ROAD","GRIZZLEY BEAR RANGE ROAD",360.00,W,N,C,-,N,,,,,,,,,,N,4,0,1,1,A,-,03,22350,,N,F,I,A,B,H,-,B,D,0,,,,,Y,,A,07,0,0,1,0,0,0,0,0,0,"- ","- ",38.941490173339844,-121.98854827880859,PLACER,UNINCORPORATED,,
91616093,2021,2021-11-04,9220,2021-11-02,1645,017375,,2,2,5,3105,0,1,1,,2,281,"I-80 W/B","DOUGLAS BLVD",1584.00,E,N,A,-,Y,,,80,,,,,,W,N,4,0,2,3,A,-,03,22350,,N,C,C,A,A,H,-,A,D,0,,,,,Y,,D,22,0,0,2,0,0,0,0,0,0,"- ","- ",38.748348236083984,-121.26811218261719,PLACER,ROSEVILLE,-121.26808929443359,38.748336791992188
91650671,2021,2021-12-13,9220,2021-12-10,0835,016685,,5,1,9,3100,0,1,3,,1,249,"SR-49 N/B","LUTHER RD",500.00,S,N,A,-,Y,,,49,,,,,,N,Y,4,0,1,2,A,-,04,21703,,N,C,C,A,A,H,-,A,D,0,,,,,Y,,A,07,0,0,1,0,0,0,0,0,0,"- ","- ",38.925998687744141,-121.08544158935547,PLACER,UNINCORPORATED,-121.08547973632812,38.925968170166016
91668217,2021,2022-03-07,9220,2021-12-22,1740,017397,,3,2,5,3105,0,1,1,,2,281,"I-80 E/B","LEAD HILL BLVD.",600.00,E,N,C,-,Y,,,80,,,,,,E,Y,4,0,2,4,A,-,03,22350,,N,C,C,A,B,H,-,D,D,0,,,,,Y,Y,A,01,0,0,2,0,0,0,0,0,0,"- ","- ",38.753349304199219,-121.26451873779297,PLACER,ROSEVILLE,-121.26460266113281,38.753398895263672
9220036,2021,2021-03-18,3105,2021-01-06,1734,1131,,3,5,5,3105,0,0,0,,0,002,"DOUGLAS BL","SIERRA COLLEGE BL",30.00,E,N,A,-,N,,,,,,,,,,N,4,0,1,2,A,-,21,22106,,N,C,C,A,A,H,-,B,A,0,,,,,Y,,A,01,0,0,1,0,0,0,0,0,0,"- ","- ",38.743858337402344,-121.22617340087891,PLACER,ROSEVILLE,-121.22611236572266,38.743934631347656
9272113,2021,2021-06-11,3105,2021-05-21,1952,1134,,5,5,5,3105,0,0,0,,0,004,"WASHINGTON BL","ELEFA ST",0.00,,Y,A,-,N,,,,,,,,,,Y,4,0,2,2,A,-,09,21804,A,N,D,C,A,A,H,-,A,A,0,,,,,Y,Y,A,07,0,0,2,0,0,0,0,0,0,"- ","- ",38.754779815673828,-121.28798675537109,PLACER,ROSEVILLE,-121.28791046142578,38.754756927490234
9275724,2021,2021-06-16,3105,2021-06-02,0601,1159,,3,5,5,3105,0,0,0,,0,002,"EUREKA RD","DOUGLAS BL",0.00,,Y,A,-,N,,,,,,,,,,Y,3,0,2,2,A,-,03,22350,,N,E,I,A,A,H,-,A,A,0,,,,,Y,,A,01,0,1,1,0,0,0,0,0,0,"- ","- ",38.746810913085938,-121.25051879882812,PLACER,ROSEVILLE,-121.24710083007812,38.744197845458984
9321565,2021,2021-10-05,3101,2021-08-31,1345,A503,AU14,2,5,3,3101,0,0,0,,0,0A2,"LINCOLN WY","FORREST HILL AV",0.00,,Y,A,-,N,,,,,,,,,,N,3,0,2,2,A,-,09,21804,A,N,D,D,A,A,H,-,A,D,0,,,,,Y,,A,01,0,1,1,0,0,0,0,0,0,"- ","- ",38.905490875244141,-121.06616973876953,PLACER,AUBURN,-121.06619262695312,38.905487060546875
9367644,2021,2021-12-22,3105,2021-11-01,1308,1141,,1,5,5,3105,0,0,0,,0,005,"FAIRWAY DR","CENTRAL PARK DR",0.00,,Y,C,-,N,,,,,,,,,,Y,2,0,1,2,A,-,12,21453,A,N,D,C,A,B,H,-,A,A,0,,,Y,,Y,,C,02,1,0,0,0,0,0,0,0,1,"- ","- ",38.78662109375,-121.27778625488281,PLACER,ROSEVILLE,-121.27778625488281,38.786605834960938
9369867,2021,2021-12-24,3105,2021-11-08,0640,1041,,1,5,5,3105,0,0,0,,0,007,"BASELINE RD","WESTBROOK BL",6336.00,E,N,A,-,N,,,,,,,,,,Y,4,0,1,1,A,-,03,22350,,N,E,I,A,A,H,-,B,D,0,,,,,Y,,A,01,0,0,1,0,0,0,0,0,0,"- ","- ",38.751701354980469,-121.37294769287109,PLACER,ROSEVILLE,,
91414375,2021,2021-02-24,9220,2021-02-18,1540,013465,,4,2,9,3100,0,1,3,,1,267,SR-65,"WHEATLAND RD",365.00,S,N,A,-,Y,,,65,,,,,,,Y,4,0,3,2,A,-,03,22350,,N,C,C,A,A,H,-,A,D,0,,,,,Y,,A,01,0,0,3,0,0,0,0,0,0,"- ","- ",38.995670318603516,-121.39900207519531,PLACER,UNINCORPORATED,-121.3990478515625,38.995590209960938
91599514,2021,2021-10-18,9221,2021-10-15,1244,015950,,5,1,9,3100,0,1,1,,2,385,"I-80 WESTBOUND","ALTA BONNYNOOK ROAD",1000.00,W,N,A,-,Y,,,80,,,,,,W,Y,4,0,1,2,A,-,03,22350,,N,C,C,A,A,D,-,A,A,0,,,,Y,Y,,G,25,0,0,1,0,0,0,0,0,0,"- ","- ",39.199390411376953,-120.81410217285156,PLACER,UNINCORPORATED,-120.81412506103516,39.19940185546875
91654130,2021,2021-12-16,9220,2021-12-07,0015,019454,,2,3,5,3105,0,1,3,,1,265,"SR-65 SOUTHBOUND","BLUE OAKS BOULEVARD",2090.00,S,N,C,-,Y,,,65,,,,,,S,Y,3,0,1,1,A,-,08,22107,,N,E,I,A,B,H,-,C,D,0,,,,,Y,,A,01,0,1,0,0,0,0,0,0,0,"- ","- ",38.791088104248047,-121.29264068603516,PLACER,ROSEVILLE,-121.292724609375,38.790962219238281
9250723,2021,2021-04-30,3105,2021-04-13,1646,1114,,2,5,5,3105,0,0,0,,0,003,"E ATLANIC ST","WILLS RD",262.00,W,N,A,-,N,,,,,,,,,,N,3,0,1,2,A,-,03,22350,,N,C,C,A,A,H,-,A,A,0,,,Y,,Y,,C,02,0,1,0,0,0,0,0,0,1,"- ","- ",38.758148193359375,-121.26792907714844,PLACER,ROSEVILLE,-121.26882171630859,38.757968902587891
9275556,2021,2021-08-17,3104,2021-06-30,1333,279,46,3,5,4,3104,0,0,0,,0,002,"PACIFIC ST","WOODSIDE DR",15.00,S,N,A,-,N,,,,,,,,,,N,3,0,1,2,A,-,03,22350,A,N,C,C,A,A,H,-,A,A,0,,,,,Y,,D,22,0,1,0,0,0,0,0,0,0,"- ","- ",38.777679443359375,-121.24680328369141,PLACER,ROCKLIN,-121.24685668945312,38.777645111083984