CASE_ID,ACCIDENT_YEAR,PROC_DATE,JURIS,COLLISION_DATE,COLLISION_TIME,OFFICER_ID,REPORTING_DISTRICT,DAY_OF_WEEK,CHP_SHIFT,POPULATION,CNTY_CITY_LOC,SPECIAL_COND,BEAT_TYPE,CHP_BEAT_TYPE,CITY_DIVISION_LAPD,CHP_BEAT_CLASS,BEAT_NUMBER,PRIMARY_RD,SECONDARY_RD,DISTANCE,DIRECTION,INTERSECTION,WEATHER_1,WEATHER_2,STATE_HWY_IND,CALTRANS_COUNTY,CALTRANS_DISTRICT,STATE_ROUTE,ROUTE_SUFFIX,POSTMILE_PREFIX,POSTMILE,LOCATION_TYPE,RAMP_INTERSECTION,SIDE_OF_HWY,TOW_AWAY,COLLISION_SEVERITY,NUMBER_KILLED,NUMBER_INJURED,PARTY_COUNT,PRIMARY_COLL_FACTOR,PCF_CODE_OF_VIOL,PCF_VIOL_CATEGORY,PCF_VIOLATION,PCF_VIOL_SUBSECTION,HIT_AND_RUN,TYPE_OF_COLLISION,MVIW,PED_ACTION,ROAD_SURFACE,ROAD_COND_1,ROAD_COND_2,LIGHTING,CONTROL_DEVICE,CHP_ROAD_TYPE,PEDESTRIAN_ACCIDENT,BICYCLE_ACCIDENT,MOTORCYCLE_ACCIDENT,TRUCK_ACCIDENT,NOT_PRIVATE_PROPERTY,ALCOHOL_INVOLVED,STWD_VEHTYPE_AT_FAULT,CHP_VEHTYPE_AT_FAULT,COUNT_SEVERE_INJ,COUNT_VISIBLE_INJ,COUNT_COMPLAINT_PAIN,COUNT_PED_KILLED,COUNT_PED_INJURED,COUNT_BICYCLIST_KILLED,COUNT_BICYCLIST_INJURED,COUNT_MC_KILLED,COUNT_MC_INJURED,PRIMARY_RAMP,SECONDARY_RAMP,LATITUDE,LONGITUDE,COUNTY,CITY,POINT_X,POINT_Y
9299935,2021,2021-09-03,3105,2021-01-28,1130,1055,,4,5,5,3105,0,0,0,,0,003,"DOUGLAS BL W","RT 80 W",0.00,,Y,C,-,N,,,,,,,,,,Y,4,0,1,2,A,-,12,21453,A,F,D,C,A,B,H,-,A,A,0,,,,,Y,Y,A,01,0,0,1,0,0,0,0,0,0,"- ",WF,38.747898101806641,-121.26834106445312,PLACER,ROSEVILLE,-121.27085876464844,38.744037628173828
9341364,2021,2021-11-17,3105,2021-09-17,1838,1128,,5,5,5,3105,0,0,0,,0,003,"DOUGLAS BL","PARK DR",16.00,W,N,A,-,N,,,,,,,,,,Y,2,0,1,1,C,-,18,,,N,E,I,A,A,H,-,B,A,0,,,,,Y,,-,"- ",1,0,0,0,0,0,0,0,0,"- ","- ",,,PLACER,ROSEVILLE,-121.28248596191406,38.743938446044922
91448659,2021,2021-05-11,9220,2021-04-07,1835,013465,,3,2,9,3100,0,3,5,,2,010,"PLACER CORPORATE DR.","INDUSTRIAL AVE",435.00,E,N,A,-,N,,,,,,,,,,Y,4,0,1,2,A,-,08,22107,,N,B,C,A,A,H,-,A,D,0,,,,,Y,,A,01,0,0,1,0,0,0,0,0,0,"- ","- ",38.819389343261719,-121.30554962158203,PLACER,UNINCORPORATED,-121.30568695068359,38.819412231445312
91449173,2021,2021-04-13,9220,2021-04-05,2230,016657,,1,3,5,3105,0,1,1,,2,281,"I-80 E/B","ROSEVILLE PKY",190.00,E,N,A,-,Y,,,80,,,,,,E,Y,3,0,1,1,A,-,08,22107,,N,F,A,A,A,H,-,C,D,0,,,,,Y,,A,07,0,1,0,0,0,0,0,0,0,"- ","- ",38.762989044189453,-121.25820922851562,PLACER,ROSEVILLE,-121.25823211669922,38.763004302978516
91566168,2021,2021-09-09,9220,2021-09-05,0020,017762,,7,3,9,3100,0,2,4,,2,027,"AUBURN-FOLSOM RD.","POWERHOUSE RD",36.00,N,N,A,-,N,,,,,,,,,,Y,2,0,1,1,A,-,08,22107,,N,F,A,A,A,H,-,C,D,0,,,Y,,Y,,C,02,1,0,0,0,0,0,0,0,1,"- ","- ",38.854450225830078,-121.10733795166016,PLACER,UNINCORPORATED,-121.10728454589844,38.854423522949219
91613230,2021,2021-11-02,9220,2021-10-29,0705,016685,,5,1,9,3100,0,1,3,,1,249,"SR-49 S/B","DRY CREEK ROAD",125.00,N,N,B,-,Y,,,49,,,,,,S,Y,3,0,2,4,A,-,01,23152,A,N,C,C,A,A,H,-,B,A,0,,,,,Y,Y,A,08,0,2,0,0,0,0,0,0,0,"- ","- ",38.957050323486328,-121.10148620605469,PLACER,UNINCORPORATED,-121.10142517089844,38.957069396972656
9272114,2021,2021-06-11,3105,2021-05-29,1224,1151,,6,5,5,3105,0,0,0,,0,002,"MALLARD LN","ROCKY RIDGE DR",0.00,,Y,A,-,N,,,,,,,,,,,4,0,1,2,A,-,05,21650,1,N,D,G,A,A,H,-,A,D,0,,Y,,,Y,,L,04,0,0,1,0,0,0,1,0,0,"- ","- ",38.731498718261719,-121.2547607421875,PLACER,ROSEVILLE,-121.25473785400391,38.731510162353516
9294529,2021,2021-08-04,3105,2021-06-26,1030,184,,6,5,5,3105,0,0,0,,0,001,"EUREKA RD","ROCKY RIDGE DR",0.00,,Y,A,-,N,,,,,,,,,,N,4,0,1,2,A,-,21,22106,,M,C,C,A,A,H,-,A,A,0,,,,,Y,,A,01,0,0,1,0,0,0,0,0,0,"- ","- ",38.754650115966797,-121.24983215332031,PLACER,ROSEVILLE,-121.25135803222656,38.751686096191406
9323180,2021,2021-09-30,3105,2021-08-23,0631,1107,,1,5,5,3105,0,0,0,,0,006,"BLUE OAKS BL","WOODCREEK OAKS BL",0.00,,Y,A,-,N,,,,,,,,,,Y,3,0,1,2,A,-,12,21453,A,N,D,C,A,A,H,-,A,A,0,,,,,Y,,D,22,0,1,0,0,0,0,0,0,0,"- ","- ",38.79547119140625,-121.32868957519531,PLACER,ROSEVILLE,-121.32872772216797,38.795238494873047
9362766,2021,2021-11-29,3105,2021-09-27,1456,1167,,1,5,5,3105,0,0,0,,0,006,"PLEASANT GROVE BL",ELMWOOD,267.00,W,N,A,-,N,,,,,,,,,,Y,4,0,2,2,A,-,03,22350,,N,C,C,A,A,H,-,A,A,0,,,,,Y,,A,01,0,0,2,0,0,0,0,0,0,"- ","- ",,,PLACER,ROSEVILLE,-121.30601501464844,38.773204803466797
9380893,2021,2022-01-25,3105,2021-12-22,1526,1121,,3,5,5,3105,0,0,0,,0,001,"GALLERIA BL","ANTELOPE CREEK DR",449.00,N,N,B,C,N,,,,,,,,,,Y,4,0,1,2,A,-,09,21804,A,N,D,C,A,B,H,-,A,A,0,,,,,Y,,D,22,0,0,1,0,0,0,0,0,0,"- ","- ",38.772129058837891,-121.26587677001953,PLACER,ROSEVILLE,-121.26586151123047,38.773353576660156
91388702,2021,2021-01-18,9221,2021-01-08,0250,017979,,5,3,9,3100,0,1,1,,2,386,"I-80 W/B","DRUM FOREBAY RD. O/C",2640.00,E,N,A,-,Y,,,80,,,,,,W,Y,2,0,1,1,A,-,08,22107,,N,E,I,A,A,H,-,D,D,0,,,,,Y,,A,01,1,0,0,0,0,0,0,0,0,"- ","- ",39.243038177490234,-120.75102233886719,PLACER,UNINCORPORATED,-120.75105285644531,39.243091583251953
91403169,2021,2021-02-05,9220,2021-01-28,1820,015961,,4,2,9,3100,0,1,3,,1,267,"SR-65 (N/B)","NELSON LN",45.00,S,N,B,C,Y,,,65,,,,,,,Y,4,0,2,2,A,-,03,22350,,N,C,C,A,B,H,-,C,A,0,,,,,Y,,A,01,0,0,2,0,0,0,0,0,0,"- ","- ",38.886001586914062,-121.33979797363281,PLACER,UNINCORPORATED,-121.33979797363281,38.886051177978516
91415311,2021,2021-02-25,9220,2021-02-23,2200,016657,,2,3,9,3100,0,1,1,,2,282,"I-80 W/B","NEWCASTLE RD",280.00,E,N,A,-,Y,,,80,,,,,,W,Y,4,0,1,1,A,-,08,22107,,N,E,I,A,A,H,-,C,D,0,,,,,Y,,D,22,0,0,1,0,0,0,0,0,0,"- ","- ",38.873409271240234,-121.13165283203125,PLACER,UNINCORPORATED,-121.13161468505859,38.873405456542969
91442133,2021,2021-04-02,9220,2021-03-25,1700,017375,,4,2,9,3100,0,1,3,,1,249,"SR-49 (GRASS VALLEY HIGHWAY)","LOCKSLEY LN",0.00,,Y,A,-,Y,,,49,,,,,,,Y,4,0,1,2,A,-,09,21802,A,N,D,C,A,A,H,-,A,A,0,,,,,Y,,D,22,0,0,1,0,0,0,0,0,0,"- ","- ",38.950271606445312,-121.09982299804688,PLACER,UNINCORPORATED,-121.09992218017578,38.950229644775391
91468934,2021,2021-05-10,9220,2021-05-02,1325,015917,,7,1,9,3100,0,1,1,,2,281,"I-80 EASTBOUND","LEAD HILL BLVD",384.00,W,N,A,-,Y,,,,,,,,,,Y,4,0,1,3,A,-,03,22350,,N,C,C,A,A,H,-,A,D,0,,,,,Y,,A,01,0,0,1,0,0,0,0,0,0,"- ","- ",38.750949859619141,-121.26611328125,PLACER,UNINCORPORATED,-121.26651763916016,38.750358581542969
91501528,2021,2021-06-21,9222,2021-06-15,1056,019233,,2,1,9,3100,0,3,5,,2,010,"GROVE ST",SR-28,245.00,S,N,A,-,N,,,,,,,,,,N,2,0,1,1,A,-,03,22350,,N,E,I,A,A,H,-,A,D,0,,Y,,,Y,,L,04,1,0,0,0,0,0,1,0,0,"- ","- ",39.171588897705078,-120.13896179199219,PLACER,UNINCORPORATED,-120.13899993896484,39.171604156494141
9347038,2021,2021-10-20,3101,2021-08-21,2118,A727,AU08,6,5,3,3101,0,0,0,,0,0A2,"VALLEY VIEW DR","VALLEY VIEW DR 151",0.00,,-,A,-,N,,,,,,,,,,N,2,0,1,2,A,-,05,21650,,F,G,B,E,A,H,-,B,D,0,Y,,,,Y,,A,07,1,0,0,0,1,0,0,0,0,"- ","- ",38.880500793457031,-121.0740966796875,PLACER,AUBURN,-122.10369110107422,37.361068725585938
9385226,2021,2022-01-12,3104,2021-12-26,1420,301,44,7,5,4,3104,0,0,0,,0,001,"ROCKLIN RD","PACIFIC ST",0.00,,Y,B,-,N,,,,,,,,,,N,3,0,1,2,A,-,12,21453,A,N,H,G,A,B,H,-,A,A,0,,Y,,,Y,,L,04,0,1,0,0,0,0,1,0,0,"- ","- ",38.790679931640625,-121.23590850830078,PLACER,ROCKLIN,-121.23603820800781,38.790790557861328
9385544,2021,2022-01-11,3103,2021-11-06,1539,AELLI,L5,6,5,2,3103,0,0,0,,0,0L3,"LINCOLN BL","3RD ST",0.00,,Y,B,-,N,,,,,,,,,,N,3,0,2,2,A,-,03,22350,,N,C,C,A,B,H,-,A,A,0,,,,,Y,,A,07,0,2,0,0,0,0,0,0,0,"- ","- ",38.890510559082031,-121.29279327392578,PLACER,LINCOLN,-121.29280090332031,38.889179229736328
91429004,2021,2021-03-17,9220,2021-03-06,2220,016682,,6,3,9,3100,0,3,5,,2,070,"CALLISON RD","RIDGEVIEW LN",1320.00,W,N,A,-,N,,,,,,,,,,Y,3,0,1,1,A,-,03,22350,,N,E,J,A,A,H,-,D,D,0,,,,,Y,,D,22,0,1,0,0,0,0,0,0,0,"- ","- ",38.862640380859375,-121.16697692871094,PLACER,UNINCORPORATED,-121.16653442382812,38.86285400390625
91517842,2021,2021-07-15,9220,2021-04-29,0958,013975,,4,1,9,3100,0,2,4,,2,071,"SIERRA COLLEGE BLVD","INDIAN OAKS DRIVE",100.00,N,N,A,-,N,,,,,,,,,,Y,1,1,0,2,A,-,05,21460,A,N,C,C,A,A,H,-,A,D,0,,,Y,Y,Y,,C,02,0,0,0,0,0,0,0,1,0,"- ","- ",38.875099182128906,-121.23780059814453,PLACER,UNINCORPORATED,-121.23785400390625,38.875453948974609
9268599,2021,2021-06-01,3101,2021-05-15,1135,739,AU09,6,5,3,3101,0,0,0,,0,0A2,"GRASS VALLEY HWY","RT 80",0.00,,Y,A,-,N,,,,,,,,,,N,4,0,1,3,A,-,08,22107,,N,B,C,A,A,H,-,A,A,0,,,,,Y,,-,,0,0,1,0,0,0,0,0,0,"- ","- ",38.899330139160156,-121.07494354248047,PLACER,AUBURN,-121.07475280761719,38.900375366210938
9374019,2021,2021-12-13,3105,2021-10-21,0741,1059,,4,5,5,3105,0,0,0,,0,003,"DOUGLAS BL","KEENHNER AV",0.00,,Y,B,-,N,,,,,,,,,,N,3,0,1,2,A,-,10,21950,A,N,G,B,B,B,H,-,A,A,0,Y,,,,Y,,A,07,0,1,0,0,1,0,0,0,0,"- ","- ",,,PLACER,ROSEVILLE,-121.27900695800781,38.743984222412109
91436810,2021,2021-03-26,9221,2021-03-20,1230,015950,,6,1,9,3100,0,1,1,,2,386,"I-80 WESTBOUND","DRUM FOREBAY ROAD",2640.00,E,N,D,-,Y,,,80,,,,,,W,Y,3,0,1,2,A,-,03,22350,,N,B,C,A,C,H,-,A,D,0,,,,,Y,,A,01,0,1,0,0,0,0,0,0,0,"- ","- ",39.243751525878906,-120.75005340576172,PLACER,UNINCORPORATED,-120.75001525878906,39.243675231933594
91474475,2021,2021-05-27,9220,2021-05-06,1500,013465,,4,2,9,3100,0,3,5,,2,030,"HUNGRY HOLLOW RD","N. FOX LN",784.00,N,N,A,-,N,,,,,,,,,,Y,3,0,1,1,A,-,01,23152,F,N,E,I,A,A,H,-,A,D,0,,,,,Y,,A,01,0,1,0,0,0,0,0,0,0,"- ","- ",38.907028198242188,-121.26519775390625,PLACER,UNINCORPORATED,-121.26523590087891,38.906970977783203
91542733,2021,2021-08-11,9220,2021-08-03,1530,013465,,2,2,9,3100,0,3,5,,2,010,"FIDDYMENT RD","SETTLERS RIDGE WAY",248.00,N,N,A,-,N,,,,,,,,,,Y,4,0,1,1,A,-,08,22107,,N,E,I,A,A,H,-,A,D,0,,,,,Y,,A,01,0,0,1,0,0,0,0,0,0,"- ","- ",38.810199737548828,-121.34944915771484,PLACER,UNINCORPORATED,-121.34938812255859,38.810131072998047
9227013,2021,2021-03-23,3105,2021-02-19,1416,3034,,5,5,5,3105,0,0,0,,0,002,"S CIRBY WY","CHAMPION OAKS DR",0.00,,Y,B,-,N,,,,,,,,,,Y,3,0,1,2,A,-,12,21453,A,N,D,C,A,B,H,-,A,A,0,,,,,Y,,A,01,0,1,0,0,0,0,0,0,0,"- ","- ",38.726039886474609,-121.24922180175781,PLACER,ROSEVILLE,-121.24921417236328,38.726108551025391
9238092,2021,2021-03-26,3105,2021-02-24,1939,1134,,3,5,5,3105,0,0,0,,0,003,"ATLANTIC ST","DOYLE ST",95.00,E,N,A,-,N,,,,,,,,,,N,3,0,1,2,A,-,11,21955,,N,G,B,D,A,H,-,C,A,0,Y,,,,Y,,N,60,0,1,0,0,1,0,0,0,0,"- ","- ",38.753971099853516,-121.27832794189453,PLACER,ROSEVILLE,-121.27873992919922,38.753734588623047
9385519,2021,2022-01-12,3105,2021-12-09,0959,1166,,4,5,5,3105,0,0,0,,0,001,"ROSEVILLE PW","GALLERIA BL",0.00,,Y,B,-,N,,,,,,,,,,Y,3,0,1,1,A,-,03,22350,,N,E,I,A,B,H,-,A,A,0,,,,,Y,,D,22,0,1,0,0,0,0,0,0,0,"- ","- ",,,PLACER,ROSEVILLE,-121.26589965820312,38.768695831298828
91433111,2021,2021-03-23,9221,2021-03-17,1500,018530,,3,2,9,3100,0,1,1,,2,388,"I-80 W/B","HAMPSHIRE ROCKS RD",1584.00,W,N,B,-,Y,,,80,,,,,,W,Y,4,0,1,1,A,-,08,22107,,N,E,I,A,A,H,-,A,D,0,,,,,Y,,A,01,0,0,1,0,0,0,0,0,0,"- ","- ",39.312198638916016,-120.50499725341797,PLACER,UNINCORPORATED,-120.5050048828125,39.312175750732422
91535883,2021,2021-08-03,9220,2021-07-22,1225,015838,,4,1,9,3100,0,2,4,,2,015,"INDUSTRIAL AVE.","LON MCANALLY LOOP",25.00,S,N,A,-,N,,,,,,,,,,Y,2,0,1,2,A,-,03,22350,,N,C,C,A,A,H,-,A,A,0,,,Y,,Y,,A,07,1,0,0,0,0,0,0,0,1,"- ","- ",38.826229095458984,-121.30709075927734,PLACER,UNINCORPORATED,,
91662186,2021,2021-12-27,9220,2021-12-16,1524,017027,,4,2,9,3100,0,1,3,,1,249,SR-49,"EDUCATION ST",600.00,N,N,B,-,Y,,,49,,,,,,,Y,4,0,3,2,A,-,03,22350,,N,C,C,A,A,H,-,A,D,0,,,,,Y,,A,01,0,0,3,0,0,0,0,0,0,"- ","- ",38.946640014648438,-121.09855651855469,PLACER,UNINCORPORATED,-121.09856414794922,38.946640014648438
9286479,2021,2021-07-22,3105,2021-06-22,2500,1123,,2,5,5,3105,0,0,0,,0,003,"RIVERSIDE AV","RT 80",0.00,,Y,A,-,Y,PLA,3,80,-,-,0.565,R,4,W,N,4,0,2,3,A,-,03,22350,,N,C,C,A,A,H,-,A,A,0,,,,,Y,,A,01,0,0,2,0,0,0,0,0,0,"- ","- ",,,PLACER,ROSEVILLE,-121.28702545166016,38.727981567382812
9383571,2021,2022-01-12,3105,2021-11-01,2115,1115,,1,5,5,3105,0,0,0,,0,001,"GALLERIA BL","ROSEVILLE PKWY",36.00,S,N,A,-,N,,,,,,,,,,N,4,0,2,2,A,-,03,22350,,F,C,C,A,B,H,-,C,A,0,,,Y,,Y,,C,02,0,0,2,0,0,0,0,0,0,"- ","- ",,,PLACER,ROSEVILLE,-121.26589965820312,38.768600463867188
91446960,2021,2021-04-09,9221,2021-04-08,2249,019020,,4,3,9,3100,0,1,1,,2,388,"I-80 E/B","CISCO RD",2500.00,E,N,A,-,Y,,,,,,,,,,N,3,0,1,1,C,-,18,,,N,E,J,A,A,H,-,D,D,0,,,,,Y,,-,"- ",0,1,0,0,0,0,0,0,0,"- ","- ",39.181968688964844,-120.32137298583984,PLACER,UNINCORPORATED,-120.54251861572266,39.308689117431641
91530532,2021,2021-07-28,9222,2021-07-19,1723,017907,,1,2,9,3100,0,1,3,,2,012,"SR-89 SOUTH","TRUCKEE RIVER BRIDGE",150.00,S,N,A,-,Y,,,89,,,,,,,Y,4,0,1,2,A,-,08,22107,,N,D,C,A,A,H,-,A,D,0,,,,,Y,,A,07,0,0,1,0,0,0,0,0,0,"- ","- ",39.196071624755859,-120.1976318359375,PLACER,UNINCORPORATED,-120.19766998291016,39.196018218994141
91596411,2021,2021-10-14,9220,2021-10-09,0935,015917,,6,1,9,3100,0,1,3,,1,267,"STATE ROUTE 65 (SR-65) NORTHBOUND","BEAR RIVER BRIDGE",30.00,N,N,A,-,Y,,,,,,,,,,Y,4,0,2,3,A,-,03,22350,,N,C,C,A,A,B,-,A,D,0,,,,,Y,,A,01,0,0,2,0,0,0,0,0,0,"- ","- ",,,PLACER,UNINCORPORATED,,
91612385,2021,2021-11-01,9220,2021-10-27,0535,015869,,3,3,9,3100,0,2,4,,2,053,"RICHARDSON DRIVE","DRY CREEK ROAD",528.00,S,N,A,-,N,,,,,,,,,,Y,3,0,1,1,A,-,01,23152,A,N,E,I,A,A,H,-,D,D,0,,,,,Y,Y,A,01,0,1,0,0,0,0,0,0,0,"- ","- ",38.955471038818359,-121.10729217529297,PLACER,UNINCORPORATED,-121.107177734375,38.955493927001953
9232977,2021,2021-03-05,3105,2021-01-24,0904,1063,,7,5,5,3105,0,0,0,,0,003,"SUNRISE AV","COLOMA WY",492.00,S,N,A,-,N,,,,,,,,,,Y,3,0,1,2,A,-,08,22107,,N,D,C,A,A,H,-,A,D,0,,,,,Y,,A,01,0,1,0,0,0,0,0,0,0,"- ","- ",38.735599517822266,-121.27159118652344,PLACER,ROSEVILLE,-121.27201843261719,38.735420227050781
9280631,2021,2021-07-15,3104,2021-06-01,1010,617,43,2,5,4,3104,0,0,0,,0,001,"ROCKLIN RD","GRANITE DR",0.00,,Y,A,-,N,,,,,,,,,,Y,4,0,1,2,A,-,09,21453,C,N,D,C,A,A,H,-,A,A,0,,,,,Y,,A,01,0,0,1,0,0,0,0,0,0,"- ","- ",38.788448333740234,-121.22633361816406,PLACER,ROCKLIN,-121.22628021240234,38.788471221923828
9327549,2021,2021-09-16,3103,2021-08-18,2012,ADEOL,L6,3,5,2,3103,0,0,0,,0,0L4,"SUN CITY BL","FERRARI RANCH RD",459.00,S,N,A,-,N,,,,,,,,,,Y,4,0,1,1,A,-,22,23123,A,N,A,I,A,A,H,-,C,D,0,,,,,Y,Y,A,01,0,0,1,0,0,0,0,0,0,"- ","- ",38.884979248046875,-121.28436279296875,PLACER,LINCOLN,-121.28294372558594,38.884372711181641
91400625,2021,2021-02-02,9220,2021-01-11,1825,015272,,1,2,9,3100,0,3,5,,2,010,"N. FOOTHILLS BLVD","ATHENS AVE",3474.00,S,N,B,-,N,,,,,,,,,,Y,3,0,1,1,A,-,08,22107,,N,F,A,A,A,H,-,D,D,0,,,Y,,Y,,C,02,0,1,0,0,0,0,0,0,1,"- ","- ",38.829429626464844,-121.32563781738281,PLACER,UNINCORPORATED,-121.32562255859375,38.829463958740234
91617263,2021,2021-11-05,9220,2021-10-30,1515,016685,,6,2,9,3100,0,3,5,,2,040,"QUARTZ DRIVE","SAPPHIRE DRIVE",132.00,W,N,A,-,N,,,,,,,,,,N,4,0,3,2,A,-,09,21804,A,N,D,C,A,A,H,-,A,D,0,,,,,Y,,A,07,0,0,3,0,0,0,0,0,0,"- ","- ",38.947261810302734,-121.10227966308594,PLACER,UNINCORPORATED,-121.10220336914062,38.947231292724609
9284677,2021,2021-08-10,3101,2021-06-07,0838,A711,AU09,1,5,3,3101,0,0,0,,0,0A2,"LINCOLN WY","OAKWOOD DR",0.00,,Y,A,-,N,,,,,,,,,,Y,3,0,1,2,A,-,09,21804,A,N,D,C,A,A,H,-,A,A,0,,,,,Y,,A,01,0,1,0,0,0,0,0,0,0,"- ","- ",38.898410797119141,-121.07163238525391,PLACER,AUBURN,-121.07325744628906,38.898097991943359
9297361,2021,2021-09-16,3105,2021-07-02,1740,1148,,5,5,5,3105,0,0,0,,0,006,"BASELINE RD","EAST DR",6.00,E,N,A,-,N,,,,,,,,,,Y,3,0,2,2,A,-,00,22103,1,N,F,C,A,A,H,-,A,D,0,,,,,Y,,D,22,0,1,1,0,0,0,0,0,0,"- ","- ",38.751869201660156,-121.31861114501953,PLACER,ROSEVILLE,-121.31858062744141,38.751869201660156
9389641,2021,2022-01-18,3105,2021-12-17,1844,1170,,5,5,5,3105,0,0,0,,0,002,"CIRBY WY","SUNRISE AV",0.00,,Y,A,-,N,,,,,,,,,,Y,4,0,2,3,A,-,09,21801,A,N,D,C,A,A,H,-,C,D,0,,,,,Y,,A,01,0,0,2,0,0,0,0,0,0,"- ","- ",38.729488372802734,-121.27207183837891,PLACER,ROSEVILLE,-121.27208709716797,38.729511260986328
91449203,2021,2021-04-13,9222,2021-04-10,2350,018123,,6,3,9,3100,0,1,3,,1,011,SR-89,"SEQUOIA AVE",0.00,,Y,A,-,Y,,,89,,,,,,,Y,3,0,2,2,A,-,01,23152,A,N,D,C,A,A,H,-,D,D,0,,,,,Y,Y,A,08,0,2,0,0,0,0,0,0,0,"- ","- ",39.145359039306641,-120.15274810791016,PLACER,UNINCORPORATED,-120.15277862548828,39.145397186279297
91528537,2021,2021-07-26,9220,2021-07-18,1430,015060,,7,2,9,3100,0,3,5,,2,070,"HORSESHOE BAR RD.","VAL VERDE RD.",900.00,E,N,A,-,N,,,,,,,,,,Y,2,0,1,1,A,-,08,22107,,N,E,I,A,A,H,-,A,D,0,,,,,Y,,A,07,1,0,0,0,0,0,0,0,0,"- ","- ",38,-121,PLACER,UNINCORPORATED,-121.16081237792969,38.8099365234375
9236044,2021,2021-03-29,3104,2021-02-27,0622,254,46,6,5,4,3104,0,0,0,,0,002,"PACIFIC ST","LIGHT POLE C10868",77.00,N,N,A,-,N,,,,,,,,,,N,2,0,1,2,A,-,00,21760,,N,H,G,A,A,H,-,B,D,0,,Y,,,Y,,A,07,1,0,0,0,0,0,1,0,0,"- ","- ",38.774761199951172,-121.24875640869141,PLACER,ROCKLIN,,
9269403,2021,2021-05-28,3105,2021-05-06,1405,197,,4,5,5,3105,0,0,0,,0,002,"SUNRISE AV","MADDEN LN",0.00,,Y,A,-,N,,,,,,,,,,Y,4,0,1,2,A,-,09,21804,B,N,D,C,A,-,H,-,A,A,0,,,Y,,Y,,A,01,0,0,1,0,0,0,0,0,0,"- ","- ",38.73175048828125,-121.27205657958984,PLACER,ROSEVILLE,-121.27206420898438,38.731742858886719
9295873,2021,2021-07-30,3101,2021-07-12,2156,A739,,1,5,3,3101,0,0,0,,0,APD,"RT 49","MARGUERITE MINE RD",310.00,S,N,A,-,Y,PLA,3,49,-,-,4.490,H,-,N,Y,4,0,1,2,A,-,03,22350,,N,C,C,A,A,D,-,C,A,0,,,,,Y,,A,01,0,0,1,0,0,0,0,0,0,"- ","- ",38.917560577392578,-121.08035278320312,PLACER,AUBURN,-121.08064270019531,38.917778015136719
9307559,2021,2021-10-22,3105,2021-08-15,2500,1133,,7,5,5,3105,0,0,0,,0,002,"ROCKY RIDGE DR","CIRBY WY",0.00,,-,A,-,N,,,,,,,,,,Y,2,0,1,1,A,-,01,23152,B,N,F,J,A,A,H,-,A,A,0,,,,,Y,Y,A,01,1,0,0,0,0,0,0,0,0,"- ","- ",38.729560852050781,-121.25586700439453,PLACER,ROSEVILLE,-121.25590515136719,38.729545593261719
9372746,2021,2021-12-21,3104,2021-11-14,0000,301,17,7,5,4,3104,0,0,0,,0,004,"SUNSET BL","PARK DR",501.00,S,N,A,-,N,,,,,,,,,,Y,3,0,1,2,A,-,07,21658,A,N,B,C,A,A,H,-,A,D,0,,,,,Y,,A,07,0,1,0,0,0,0,0,0,0,"- ","- ",38.804740905761719,-121.27294158935547,PLACER,ROCKLIN,-121.27203369140625,38.803569793701172
9373876,2021,2022-01-12,3105,2021-11-11,1702,1124,,4,5,5,3105,0,0,0,,0,006,"BASELINE RD","FOOTHILLS BL",0.00,,Y,A,-,N,,,,,,,,,,Y,4,0,1,3,A,-,01,23152,A,N,B,C,A,A,H,-,B,A,0,,,Y,,Y,Y,C,02,0,0,1,0,0,0,0,0,1,"- ","- ",38.75177001953125,-121.30943298339844,PLACER,ROSEVILLE,-121.30938720703125,38.7518310546875
9379297,2021,2022-01-19,3105,2021-12-17,1255,1059,,5,5,5,3105,0,0,0,,0,005,"PLEASANT GROVE BL","HIGHLAND POINTE DR",475.00,N,N,A,-,N,,,,,,,,,,N,4,0,1,2,A,-,04,21703,,N,C,C,A,A,H,-,A,A,0,,,,,Y,,A,01,0,0,1,0,0,0,0,0,0,"- ","- ",38.785671234130859,-121.28648376464844,PLACER,ROSEVILLE,-121.28590393066406,38.784404754638672
91618979,2021,2021-11-08,9220,2021-11-06,1420,017375,,6,2,9,3100,0,3,5,,2,050,"BELL ROAD","QUARTZ ROAD",290.00,E,N,A,-,N,,,,,,,,,,N,4,0,1,2,A,-,07,21658,A,N,B,C,A,A,H,-,A,D,0,,,,,Y,,A,08,0,0,1,0,0,0,0,0,0,"- ","- ",38.942501068115234,-121.09310150146484,PLACER,UNINCORPORATED,-121.09326934814453,38.942428588867188
9276320,2021,2021-08-31,3105,2021-08-01,1628,1164,,7,5,5,3105,0,0,0,,0,001,"NORTH SUNRISE AV","EUREKA RD",0.00,,Y,A,-,N,,,,,,,,,,Y,3,0,2,2,B,-,22,,,N,D,C,A,A,H,-,A,A,0,,,,,Y,,J,48,0,1,1,0,0,0,0,0,0,"- ","- ",38.755599975585938,-121.25511932373047,PLACER,ROSEVILLE,-121.255126953125,38.755584716796875