CASE_ID,ACCIDENT_YEAR,PROC_DATE,JURIS,COLLISION_DATE,COLLISION_TIME,OFFICER_ID,REPORTING_DISTRICT,DAY_OF_WEEK,CHP_SHIFT,POPULATION,CNTY_CITY_LOC,SPECIAL_COND,BEAT_TYPE,CHP_BEAT_TYPE,CITY_DIVISION_LAPD,CHP_BEAT_CLASS,BEAT_NUMBER,PRIMARY_RD,SECONDARY_RD,DISTANCE,DIRECTION,INTERSECTION,WEATHER_1,WEATHER_2,STATE_HWY_IND,CALTRANS_COUNTY,CALTRANS_DISTRICT,STATE_ROUTE,ROUTE_SUFFIX,POSTMILE_PREFIX,POSTMILE,LOCATION_TYPE,RAMP_INTERSECTION,SIDE_OF_HWY,TOW_AWAY,COLLISION_SEVERITY,NUMBER_KILLED,NUMBER_INJURED,PARTY_COUNT,PRIMARY_COLL_FACTOR,PCF_CODE_OF_VIOL,PCF_VIOL_CATEGORY,PCF_VIOLATION,PCF_VIOL_SUBSECTION,HIT_AND_RUN,TYPE_OF_COLLISION,MVIW,PED_ACTION,ROAD_SURFACE,ROAD_COND_1,ROAD_COND_2,LIGHTING,CONTROL_DEVICE,CHP_ROAD_TYPE,PEDESTRIAN_ACCIDENT,BICYCLE_ACCIDENT,MOTORCYCLE_ACCIDENT,TRUCK_ACCIDENT,NOT_PRIVATE_PROPERTY,ALCOHOL_INVOLVED,STWD_VEHTYPE_AT_FAULT,CHP_VEHTYPE_AT_FAULT,COUNT_SEVERE_INJ,COUNT_VISIBLE_INJ,COUNT_COMPLAINT_PAIN,COUNT_PED_KILLED,COUNT_PED_INJURED,COUNT_BICYCLIST_KILLED,COUNT_BICYCLIST_INJURED,COUNT_MC_KILLED,COUNT_MC_INJURED,PRIMARY_RAMP,SECONDARY_RAMP,LATITUDE,LONGITUDE,COUNTY,CITY,POINT_X,POINT_Y
9300683,2021,2021-08-18,3105,2021-07-13,2500,1133,,2,5,5,3105,0,0,0,,0,002,"S EUREKA RD","DOUGLAS BL",20.00,N,N,A,-,N,,,,,,,,,,Y,4,0,1,3,A,-,12,21453,A,N,D,C,A,A,H,-,C,A,0,,,,,Y,,A,08,0,0,1,0,0,0,0,0,0,"- ","- ",38.744350433349609,-121.24710083007812,PLACER,ROSEVILLE,-121.24710083007812,38.744255065917969
9341457,2021,2021-10-20,3103,2021-08-31,1725,BROGE,L3,2,5,2,3103,0,0,0,,0,0L1,"1ST ST","R ST",365.00,E,N,A,-,N,,,,,,,,,,N,4,0,1,2,A,-,21,22106,,N,D,C,A,A,H,-,A,D,0,,,,,Y,,A,01,0,0,1,0,0,0,0,0,0,"- ","- ",38.886199951171875,-121.30579376220703,PLACER,LINCOLN,-121.30624389648438,38.886505126953125
91600748,2021,2021-10-19,9220,2021-10-14,1540,017027,,4,2,9,3100,0,1,3,,1,249,SR-49,"DRY CREEK ROAD",1056.00,N,N,A,-,Y,,,49,,,,,,,Y,4,0,1,3,A,-,03,22350,,N,C,C,A,A,H,-,A,D,0,,,,,Y,,A,07,0,0,1,0,0,0,0,0,0,"- ","- ",38.95941162109375,-121.10230255126953,PLACER,UNINCORPORATED,-121.10224151611328,38.959434509277344
91619245,2021,2021-11-08,9220,2021-11-03,1540,016682,,3,2,9,3100,0,2,4,,2,022,"DOUGLAS BLVD","SHEBA CT.",225.00,E,N,A,-,N,,,,,,,,,,N,4,0,2,2,A,-,03,22350,,N,C,C,A,A,H,-,A,D,0,,,,,Y,,A,07,0,0,2,0,0,0,0,0,0,"- ","- ",38.743980407714844,-121.19328308105469,PLACER,UNINCORPORATED,-121.19341278076172,38.744052886962891
9223235,2021,2021-03-29,3105,2021-01-25,1336,1117,,1,5,5,3105,0,0,0,,0,005,"FIVE STAR BL","STANFORD RANCH DR",1150.00,W,N,A,-,N,,,,,,,,,,N,4,0,1,2,A,-,09,21801,A,N,B,C,A,A,H,-,A,D,0,,,,Y,Y,,A,01,0,0,1,0,0,0,0,0,0,"- ","- ",38.783588409423828,-121.26579284667969,PLACER,ROSEVILLE,-121.26972961425781,38.781955718994141
9225079,2021,2021-03-23,3105,2021-01-26,1147,184,,2,5,5,3105,0,0,0,,0,001,"ATLANTIC ST",RT-80,0.00,,Y,B,-,N,,,,,,,,,,Y,3,0,1,2,A,-,09,21453,C,N,D,C,A,A,H,-,A,A,0,,,,Y,Y,,F,26,0,1,0,0,0,0,0,0,0,"- ",WO,38.760471343994141,-121.26020050048828,PLACER,ROSEVILLE,,
9297800,2021,2021-08-17,3103,2021-07-11,0418,BROGR,L5,7,5,2,3103,0,0,0,,0,0L3,"MCBEAN PARK DR","C ST",85.00,W,N,A,-,N,,,,,,,,,,Y,3,0,1,3,A,-,08,22107,,N,C,E,A,A,H,-,C,D,0,,,,,Y,,A,07,0,1,0,0,0,0,0,0,0,"- ","- ",38.890819549560547,-121.28903961181641,PLACER,LINCOLN,-121.28804016113281,38.890510559082031
9301168,2021,2021-08-18,3101,2021-07-26,0619,A739,AU12,1,5,3,3101,0,0,0,,0,0A1,"RT 49","ELM AV",0.00,,Y,A,-,Y,PLA,3,49,-,-,3.490,H,-,S,N,4,0,1,2,A,-,09,21804,A,N,C,C,A,A,H,-,A,A,0,,,,,Y,,A,07,0,0,1,0,0,0,0,0,0,"- ","- ",38.903961181640625,-121.07615661621094,PLACER,AUBURN,-121.07627868652344,38.904254913330078
91489427,2021,2021-06-04,9220,2021-05-25,1525,016682,,2,2,9,3100,0,3,5,,2,020,"LAIRD RD","WELLS AVE",400.00,N,N,A,-,N,,,,,,,,,,N,4,0,1,2,A,-,03,22350,,N,C,C,A,A,H,-,A,D,0,,,,,Y,,A,07,0,0,1,0,0,0,0,0,0,"- ","- ",38.785251617431641,-121.16885375976562,PLACER,UNINCORPORATED,-121.16913604736328,38.786346435546875
91498732,2021,2021-06-16,9220,2021-06-01,0115,016685,,2,3,9,3100,0,3,5,,2,030,"GLADDING ROAD N/B","MERRITT LANE",1400.00,S,N,A,-,N,,,,,,,,,,Y,3,0,1,1,A,-,01,23152,A,N,E,I,A,A,H,-,D,A,0,,,,,Y,Y,E,22,0,1,0,0,0,0,0,0,0,"- ","- ",38.937610626220703,-121.29012298583984,PLACER,UNINCORPORATED,-121.29026794433594,38.937274932861328
91534698,2021,2021-08-02,9220,2021-07-24,1445,017863,,6,2,9,3100,0,2,4,,2,015,"INDUSTRIAL AVE","ATHENS AVE",65.00,S,N,B,-,N,,,,,,,,,,Y,4,0,1,3,A,-,03,22350,,N,C,C,A,A,H,-,A,A,0,,,,,Y,,A,08,0,0,1,0,0,0,0,0,0,"- ","- ",38.836681365966797,-121.31111145019531,PLACER,UNINCORPORATED,-121.30690002441406,38.838809967041016
91624394,2021,2021-11-15,9220,2021-11-11,1115,015961,,4,1,9,3100,0,1,3,,1,249,SR-49,"DRY CREEK RD",1109.00,N,N,A,-,N,,,49,,,,,,,Y,4,0,3,4,A,-,03,22350,,N,C,C,A,A,H,-,A,A,0,,,,,Y,,A,07,0,0,3,0,0,0,0,0,0,"- ","- ",38.959548950195312,-121.10243225097656,PLACER,UNINCORPORATED,-121.10231018066406,38.959598541259766
91625718,2021,2021-11-16,9220,2021-10-16,1315,015917,,6,1,5,3105,0,1,1,,2,281,"I -80 EASTBOUND","EAST ROSEVILLE PKY",245.00,W,N,A,-,Y,,,80,,,,,,E,Y,4,0,2,4,A,-,03,22350,,N,C,C,A,A,H,-,A,D,0,,,,,Y,,A,01,0,0,2,0,0,0,0,0,0,"- ","- ",38.76177978515625,-121.25898742675781,PLACER,ROSEVILLE,-121.25904846191406,38.761817932128906
91423415,2021,2021-03-09,9222,2021-03-06,1537,018315,,6,2,9,3100,0,1,3,,1,011,SR-89S,"SQUAW VALLEY RD.",4224.00,N,N,A,-,Y,,,89,,,,,,,Y,4,0,1,1,A,-,08,22107,,N,E,J,A,A,H,-,A,D,0,,,,,Y,,A,07,0,0,1,0,0,0,0,0,0,"- ","- ",39.214340209960938,-120.20208740234375,PLACER,UNINCORPORATED,-120.20172119140625,39.214534759521484
91540168,2021,2021-08-09,9222,2021-08-01,0804,017288,,7,1,9,3100,0,1,3,,1,015,SR-28,"RIDGEWOOD DRIVE",33.00,E,N,A,-,Y,,,28,,,,,,,Y,3,0,1,2,A,-,03,22350,,N,C,C,A,A,H,-,A,D,0,,,Y,,Y,,C,02,0,1,0,0,0,0,0,0,1,"- ","- ",39.214061737060547,-120.08846282958984,PLACER,UNINCORPORATED,-120.08837890625,39.21405029296875
91551480,2021,2021-08-23,9220,2021-06-16,1140,015917,,3,1,9,3100,0,1,1,,2,281,I-80,SR-65,1478.00,E,N,A,-,Y,,,,,,,,,,Y,4,0,1,2,A,-,07,21658,A,N,B,C,A,A,H,-,A,D,0,,,,Y,Y,,A,08,0,0,1,0,0,0,0,0,0,"- ","- ",38.355121612548828,-121.24552917480469,PLACER,UNINCORPORATED,,
9262642,2021,2021-05-20,3105,2021-04-15,2015,1123,,4,5,5,3105,0,0,0,,0,003,"DOUGLAS BL","SIERRA GARDENS AV",0.00,,Y,A,-,N,,,,,,,,,,Y,2,0,2,2,A,-,01,23152,A,F,C,C,A,A,H,-,C,A,0,,,,,Y,Y,A,01,1,0,1,0,0,0,0,0,0,"- ","- ",,,PLACER,ROSEVILLE,-121.25921630859375,38.744270324707031
9282625,2021,2021-07-28,3105,2021-06-03,1312,1084,,4,5,5,3105,0,0,0,,0,005,"PLEASANT GROVE BL","RT 65",0.00,,Y,A,-,Y,PLA,3,65,-,R,7.323,R,4,S,N,4,0,1,2,A,-,03,22350,,N,C,C,A,A,H,-,A,A,0,,,,,Y,,A,08,0,0,1,0,0,0,0,0,0,"- ",SF,,,PLACER,ROSEVILLE,-121.28734588623047,38.788047790527344
9323195,2021,2021-10-14,3105,2021-08-28,1243,1162,,6,5,5,3105,0,0,0,,0,005,"S FAIRWAY DR","PLEASANT GROVE BL",0.00,,N,A,-,N,,,,,,,,,,N,4,0,1,2,A,-,09,21801,A,N,D,C,A,A,H,-,A,D,0,,,,,Y,,A,01,0,0,1,0,0,0,0,0,0,"- ","- ",38.786239624023438,-121.28008270263672,PLACER,ROSEVILLE,-121.28182220458984,38.789531707763672
9366540,2021,2021-11-30,3105,2021-10-24,1726,1158,,7,5,5,3105,0,0,0,,0,007,"BASELINE RD","WATT AV",500.00,E,N,C,G,N,,,,,,,,,,Y,3,0,1,1,A,-,03,22350,,N,F,J,A,B,F,-,B,D,0,,,,,Y,Y,A,01,0,1,0,0,0,0,0,0,0,"- ","- ",38.751750946044922,-121.39267730712891,PLACER,ROSEVILLE,-121.39091491699219,38.751747131347656
91386031,2021,2021-01-12,9221,2021-01-10,1220,015950,,7,1,9,3100,0,3,5,,2,070,"ROLLINS LAKE ROAD","GLEN ELDER ROAD",100.00,N,N,A,-,N,,,,,,,,,,Y,3,0,3,2,A,-,09,21801,A,N,A,C,A,A,H,-,A,D,0,,,,,Y,,A,07,0,3,0,0,0,0,0,0,0,"- ","- ",39.133998870849609,-120.94127655029297,PLACER,UNINCORPORATED,-120.94127655029297,39.134136199951172
91502852,2021,2021-06-22,9220,2021-06-18,1820,017863,,5,2,9,3100,0,3,5,,2,050,"DOG BAR RD","EMERY LN.",184.00,N,N,A,-,N,,,,,,,,,,Y,3,0,1,1,A,-,01,23152,A,N,E,I,A,A,H,-,A,A,0,,,Y,,Y,Y,C,02,0,1,0,0,0,0,0,0,1,"- ","- ",39.058849334716797,-121.00022888183594,PLACER,UNINCORPORATED,-121.00009918212891,39.058986663818359
91668234,2021,2022-01-03,9220,2021-12-24,0140,019148,,5,3,5,3105,0,1,1,,2,281,"I-80 E/B","DOUGLAS BLVD.",1056.00,W,N,B,C,Y,,,80,,,,,,E,Y,3,0,1,1,A,-,01,23152,A,N,E,I,A,B,H,-,C,D,0,,,,,Y,Y,A,01,0,1,0,0,0,0,0,0,0,"- ","- ",38.741680145263672,-121.27230834960938,PLACER,ROSEVILLE,-121.27224731445312,38.741634368896484
9243886,2021,2021-04-21,3104,2021-04-01,2039,304,37,4,5,4,3104,0,0,0,,0,002,"SPRINGVIEW DR","PAGE POLE #120801770",13.00,N,N,A,-,N,,,,,,,,,,Y,3,0,1,2,A,-,03,22350,,N,B,E,A,A,H,-,C,D,0,,,,,Y,,A,01,0,1,0,0,0,0,0,0,0,"- ","- ",38.777881622314453,-121.25612640380859,PLACER,ROCKLIN,,
9269339,2021,2021-06-01,3104,2021-05-19,0012,308,11,3,5,4,3104,0,0,0,,0,004,"BLUE OAKS BL","VAN BUREN WY",0.00,,Y,A,-,N,,,,,,,,,,N,3,0,3,2,D,-,00,,,N,D,C,A,A,H,-,C,A,0,,,,,Y,,-,"- ",0,1,2,0,0,0,0,0,0,"- ","- ",38.798458099365234,-121.28604125976562,PLACER,ROCKLIN,-121.28614044189453,38.798442840576172
9387952,2021,2022-01-25,3105,2021-12-12,1035,588,,7,5,5,3105,0,0,0,,0,005,"HIGHLAND POINTE DR","PLEASANT GROVE BL",650.00,,N,C,-,N,,,,,,,,,,Y,4,0,1,3,A,-,09,21801,A,N,D,D,A,B,H,-,A,D,0,,,,,Y,,D,22,0,0,1,0,0,0,0,0,0,"- ","- ",38.784400939941406,-121.28797149658203,PLACER,ROSEVILLE,-121.2867431640625,38.783275604248047
9414373,2021,2022-03-18,3101,2021-12-22,1056,A711,AU12,3,5,3,3101,0,0,0,,0,0A1,"GRASS VALLEY HWY","PALM AV",0.00,,Y,B,C,Y,PLA,3,49,-,-,3.750,H,-,N,N,3,0,1,2,A,-,03,22350,,N,C,C,A,B,H,-,A,A,0,,,,,Y,,A,01,0,1,0,0,0,0,0,0,0,"- ","- ",38.908390045166016,-121.07695770263672,PLACER,AUBURN,-121.07691192626953,38.907974243164062
9414851,2021,2022-03-01,3101,2021-12-31,1636,A777,AU06,5,5,3,3101,0,0,0,,0,0A2,"AUBURN FOLSOM RD","SOUTHRIDGE DR",0.00,,Y,A,-,N,,,,,,,,,,Y,3,0,1,2,A,-,08,22107,,N,A,C,A,A,H,-,B,D,0,,,,,Y,Y,A,01,0,1,0,0,0,0,0,0,0,"- ","- ",38.874629974365234,-121.08358764648438,PLACER,AUBURN,-121.08362579345703,38.874565124511719
91414691,2021,2021-02-24,9220,2021-01-23,1105,016682,,6,1,9,3100,0,3,5,,2,010,"WALERGA RD","TILLER WAY",148.00,S,N,A,-,N,,,,,,,,,,Y,4,0,3,2,A,-,08,22100,B,N,D,C,A,A,H,-,A,D,0,,,,,Y,,A,01,0,0,3,0,0,0,0,0,0,"- ","- ",38.730819702148438,-121.36470794677734,PLACER,UNINCORPORATED,-121.36466979980469,38.731319427490234
9256865,2021,2021-05-13,3105,2021-03-23,1533,1129,,2,5,5,3105,0,0,0,,0,003,"AUBURN BL",ORLANDO,0.00,,Y,A,-,N,,,,,,,,,,N,2,0,1,2,A,-,05,21650,1,N,D,G,A,A,H,-,A,A,0,,Y,,,Y,,L,04,1,0,0,0,0,0,1,0,0,"- ","- ",38.722320556640625,-121.29003143310547,PLACER,ROSEVILLE,-121.29042816162109,38.722789764404297
9302209,2021,2021-08-27,3105,2021-07-21,2125,1167,,3,5,5,3105,0,0,0,,0,002,"SIERRA COLLEGE BL","EAST ROSEVILLE PKWY",500.00,S,N,A,-,N,,,,,,,,,,Y,3,0,1,1,A,-,08,22107,,N,E,I,A,A,H,-,C,D,0,,,,,Y,,-,,0,1,0,0,0,0,0,0,0,"- ","- ",38.73114013671875,-121.22611999511719,PLACER,ROSEVILLE,-121.22583770751953,38.729606628417969
9380625,2021,2022-01-25,3105,2021-12-14,0744,1070,,2,5,5,3105,0,0,0,,0,004,"FOOTHILLS BL","SWITCHMAN DR",0.00,,Y,B,-,N,,,,,,,,,,Y,4,0,1,2,A,-,09,21801,A,N,A,C,A,A,H,-,A,D,0,,,,,Y,,A,01,0,0,1,0,0,0,0,0,0,"- ","- ",38.749969482421875,-121.30946350097656,PLACER,ROSEVILLE,-121.30939483642578,38.749958038330078
91508075,2021,2021-06-28,9220,2021-06-19,2215,018768,,6,3,9,3100,0,2,4,,2,066,"MOSQUITO RIDGE RD","DUNCAN CREEK",15.00,W,N,A,-,N,,,,,,,,,,Y,2,0,1,1,A,-,08,22107,,N,E,I,A,A,H,-,D,D,0,,,,,Y,,A,08,1,0,0,0,0,0,0,0,0,"- ","- ",39.12213134765625,-120.49269866943359,PLACER,UNINCORPORATED,,
91562194,2021,2021-09-03,9220,2021-08-31,1219,013465,,2,1,5,3105,0,1,3,,1,265,"SR-65 S/B","GALLERIA BLVD",1954.00,S,N,A,-,Y,,,,,,,,,,Y,2,0,1,1,A,-,08,22107,,N,E,I,A,A,H,-,A,D,0,,,,,Y,,A,07,1,0,0,0,0,0,0,0,0,"- ","- ",38.819801330566406,-121.02760314941406,PLACER,ROSEVILLE,-121.25994110107422,38.774459838867188
91593349,2021,2021-10-11,9221,2021-10-06,1353,015950,,3,1,9,3100,0,1,1,,2,386,"I-80 EASTBOUND","BLUE CANYON ROAD",2330.00,E,N,A,-,Y,,,80,,,,,,E,Y,2,0,1,1,A,-,08,22107,,N,E,I,A,A,H,-,A,D,0,,,,,Y,,A,01,1,0,0,0,0,0,0,0,0,"- ","- ",39.287021636962891,-120.69663238525391,PLACER,UNINCORPORATED,-120.69661712646484,39.286983489990234
91636925,2021,2021-11-29,9220,2021-11-17,1050,015491,,3,1,9,3100,0,3,5,,2,010,"INDUSTRIAL AVENUE","LON MCANALLY LOOP",0.00,,Y,A,-,N,,,,,,,,,,Y,3,0,1,2,A,-,09,21801,A,N,D,C,A,A,H,-,A,D,0,,,,,Y,,A,01,0,1,0,0,0,0,0,0,0,"- ","- ",38.830188751220703,-121.30692291259766,PLACER,UNINCORPORATED,,
91661864,2021,2021-12-27,9220,2021-12-15,0945,015869,,3,1,9,3100,0,2,4,,2,056,"BELL ROAD","QUARTZ DR",10.00,W,N,B,-,N,,,,,,,,,,Y,4,0,2,2,A,-,08,22107,,N,C,C,A,A,H,-,A,A,0,,,,,Y,,A,01,0,0,2,0,0,0,0,0,0,"- ","- ",38.942440032958984,-121.09403228759766,PLACER,UNINCORPORATED,-121.09432220458984,38.942386627197266
9206369,2021,2021-03-19,3104,2021-01-23,0114,309,43,6,5,4,3104,0,0,0,,0,001,"PACIFIC ST","CIRCUIT DR",202.00,N,N,C,-,N,,,,,,,,,,Y,3,0,1,1,A,-,01,23152,A,N,E,I,A,B,H,-,C,D,0,,,,,Y,Y,A,01,0,1,0,0,0,0,0,0,0,"- ","- ",38.800880432128906,-121.22427368164062,PLACER,ROCKLIN,-121.22569274902344,38.800014495849609
9242544,2021,2021-04-09,3105,2021-02-25,1445,343,,4,5,5,3105,0,0,0,,0,003,"VERNON ST","TAYLOR ST",0.00,,Y,A,-,N,,,,,,,,,,Y,4,0,1,2,A,-,09,21802,A,N,D,C,A,A,H,-,A,A,0,,,,,Y,,A,01,0,0,1,0,0,0,0,0,0,"- ","- ",,,PLACER,ROSEVILLE,-121.28636169433594,38.747177124023438
9243377,2021,2021-04-14,3105,2021-03-26,2155,1132,,5,5,5,3105,0,0,0,,0,007,"BASELINE RD","WATT AV",800.00,E,N,A,-,N,,,,,,,,,,Y,4,0,1,2,A,-,01,23152,A,N,C,C,A,A,H,-,D,A,0,,,,,Y,Y,A,01,0,0,1,0,0,0,0,0,0,"- ","- ",,,PLACER,ROSEVILLE,-121.38986206054688,38.751739501953125
9250973,2021,2021-05-06,3105,2021-04-05,2240,1132,,1,5,5,3105,0,0,0,,0,006,"WASHINGTON BL","PLEASANT GROVE BL",0.00,,Y,A,-,N,,,,,,,,,,Y,4,0,1,2,A,-,09,21453,C,N,D,C,A,A,H,-,C,A,0,,,,,Y,,A,01,0,0,1,0,0,0,0,0,0,"- ","- ",,,PLACER,ROSEVILLE,-121.30375671386719,38.773899078369141
9270348,2021,2021-06-08,3104,2021-05-21,2255,301,5,5,5,4,3104,0,0,0,,0,004,"UNIVERSITY AV","LARKSPUR DR",0.00,,Y,A,-,N,,,,,,,,,,Y,3,0,1,1,A,-,01,23152,,N,E,I,A,A,H,-,C,D,0,,,,,Y,Y,A,01,0,1,0,0,0,0,0,0,0,"- ","- ",38.823921203613281,-121.29376220703125,PLACER,ROCKLIN,-121.29376220703125,38.82391357421875
9279239,2021,2021-06-23,3103,2021-05-26,0347,JMCCA,L4,3,5,2,3103,0,0,0,,0,0L2,"BRENTFORD CIR","BARRIE LN",35.00,N,N,A,-,N,,,,,,,,,,Y,3,0,1,1,A,-,01,23152,A,N,E,I,A,A,H,-,C,D,0,,,,,Y,Y,A,01,0,1,0,0,0,0,0,0,0,"- ","- ",38.862438201904297,-121.30622100830078,PLACER,LINCOLN,-121.30628204345703,38.862606048583984
91496029,2021,2021-06-14,9220,2021-06-02,2120,016682,,3,2,9,3100,0,3,5,,2,020,"DOUGLAS BLVD","JOE RODGERS RD.",388.00,E,N,A,-,N,,,,,,,,,,Y,2,0,1,1,A,-,08,22107,,N,F,A,A,A,H,-,D,D,0,,,Y,,Y,,C,02,1,0,0,0,0,0,0,0,1,"- ","- ",38.743888854980469,-121.18483734130859,PLACER,UNINCORPORATED,-121.18354034423828,38.743785858154297
91521106,2021,2021-07-23,9222,2021-07-10,1233,017288,,6,1,9,3100,0,1,3,,1,016,SR-267,"MARTIS PEAK ROAD",876.00,N,N,A,-,Y,,,267,,,,,,,Y,2,0,1,1,A,-,08,22107,,N,E,8,A,A,H,-,A,D,0,,,,,Y,,A,07,1,0,0,0,0,0,0,0,0,"- ","- ",39.263828277587891,-120.07209777832031,PLACER,UNINCORPORATED,-120.07202911376953,39.263835906982422
9260984,2021,2021-06-30,3101,2021-05-28,1120,A716,AU12,5,5,3,3101,0,0,0,,0,0A1,"GRASS VALLEY HWY","ELM AV",0.00,,Y,A,-,N,,,,,,,,,,N,3,0,2,3,A,-,03,22350,,N,C,C,A,A,H,-,A,A,0,,,,,Y,,A,01,0,2,0,0,0,0,0,0,0,"- ","- ",38.903938293457031,-121.07644653320312,PLACER,AUBURN,-121.07627105712891,38.903968811035156
9295429,2021,2021-07-28,3105,2021-06-28,1837,1154,,1,5,5,3105,0,0,0,,0,004,"JUNCTION BL","WASHINGTON BL",0.00,,Y,A,-,N,,,,,,,,,,Y,3,0,2,2,A,-,12,21453,A,N,D,C,A,A,H,-,A,A,0,,,,,Y,,A,01,0,1,1,0,0,0,0,0,0,"- ","- ",38.761421203613281,-121.29411315917969,PLACER,ROSEVILLE,-121.29416656494141,38.761432647705078
9351563,2021,2021-12-03,3100,2021-10-30,1339,183,,6,5,2,3106,0,0,0,,0,PAU,"KING RD","BANKHEAD RD",300.00,W,N,A,-,N,,,,,,,,,,Y,4,0,2,2,A,-,03,22350,,N,B,C,A,A,H,-,A,D,0,,,,,Y,,D,22,0,0,2,0,0,0,0,0,0,"- ","- ",,,PLACER,LOOMIS,-121.21139526367188,38.824993133544922
9353381,2021,2021-11-15,3104,2021-10-11,2119,277,46,1,5,4,3104,0,0,0,,0,002,"PACIFIC ST","SUNSET BL",33.00,N,N,A,-,N,,,,,,,,,,Y,2,0,3,1,A,-,03,22350,,N,E,I,A,A,H,-,C,A,0,,,,,Y,,A,07,1,2,0,0,0,0,0,0,0,"- ","- ",38.781379699707031,-121.24220275878906,PLACER,ROCKLIN,-121.24214172363281,38.781463623046875
91461366,2021,2021-04-29,9220,2021-04-19,1310,014966,,1,1,9,3100,0,3,5,,2,010,"ATWOOD RD.","COTTAGE DR",300.00,E,N,A,-,N,,,,,,,,,,Y,3,0,2,2,A,-,21,22106,,N,B,C,A,A,H,-,A,D,0,,,,,Y,,M,50,0,2,0,0,0,0,0,0,0,"- ","- ",38.934879302978516,-121.09816741943359,PLACER,UNINCORPORATED,-121.09775543212891,38.934902191162109
91470342,2021,2021-05-11,9220,2021-05-05,1155,016581,,3,1,9,3100,0,1,3,,1,249,"SR-49 N/B","LONESTAR DR",2640.00,N,N,A,-,Y,,,49,,,,,,N,Y,3,0,1,1,A,-,08,22107,,N,E,J,A,A,H,-,A,D,0,,,,,Y,,A,07,0,1,0,0,0,0,0,0,0,"- ","- ",39.002460479736328,-121.10726928710938,PLACER,UNINCORPORATED,-121.10710906982422,39.002452850341797
91595228,2021,2021-10-13,9220,2021-10-04,0915,016685,,1,1,9,3100,0,3,5,,2,010,"BASELINE ROAD","WATT AVENUE",8976.00,W,N,A,-,N,,,,,,,,,,N,3,0,1,2,A,-,06,21750,A,N,B,C,A,A,H,-,A,D,0,,,,,Y,,A,01,0,1,0,0,0,0,0,0,0,"- ","- ",38.751651763916016,-121.42440795898438,PLACER,UNINCORPORATED,-121.42414855957031,38.751655578613281
91632352,2021,2021-11-22,9220,2021-11-12,1120,013794,,5,1,9,3100,0,1,1,,2,282,"I-80 (W/B)","NEWCASTLE ROAD",838.00,E,N,A,-,Y,,,80,,,,,,,Y,2,0,2,2,A,-,07,21658,A,N,B,C,A,A,H,-,A,D,0,,,Y,,Y,,C,02,2,0,0,0,0,0,0,0,2,"- ","- ",38.875579833984375,-121.13085174560547,PLACER,UNINCORPORATED,-121.13088989257812,38.875602722167969
9272737,2021,2021-06-14,3103,2021-05-05,2030,TPARS,L4,3,5,2,3103,0,0,0,,0,0L2,"GROVELAND LN","TUOLUMNE LN",0.00,,Y,A,-,N,,,,,,,,,,N,2,0,1,2,A,-,17,25650,,N,A,C,A,A,H,-,C,D,0,,,Y,,Y,,C,02,1,0,0,0,0,0,0,0,1,"- ","- ",37.872959136962891,-121.3052978515625,PLACER,LINCOLN,-121.30565643310547,38.873691558837891
9318418,2021,2021-10-11,3105,2021-08-29,2000,1158,,7,5,5,3105,0,0,0,,0,007,"SANTUCCI BL","SOLAIRE DR",1130.00,N,N,A,-,N,,,,,,,,,,Y,4,0,1,2,A,-,05,21650,I,N,D,C,A,A,H,-,B,D,0,,,,,Y,,A,01,0,0,1,0,0,0,0,0,0,"- ","- ",38.77008056640625,-121.39895629882812,PLACER,ROSEVILLE,-121.40009307861328,38.772914886474609
91419125,2021,2021-03-02,9221,2021-03-01,1605,017881,,1,2,9,3100,0,1,1,,2,386,"I-80 E/B","DRUM FOREBAY RD",5200.00,E,N,A,-,Y,,,80,,,,,,E,Y,3,0,1,2,A,-,07,21658,A,N,C,C,A,A,H,-,A,D,0,,,,,Y,,E,22,0,1,0,0,0,0,0,0,0,"- ","- ",39.248069763183594,-120.74227142333984,PLACER,UNINCORPORATED,-120.74225616455078,39.248054504394531
91423675,2021,2021-03-09,9220,2021-03-07,1355,017027,,7,1,9,3100,0,1,1,,2,283,"I-80 W/B","CANYON WAY",2640.00,W,N,A,-,Y,,,80,,,,,,W,Y,3,0,2,2,A,-,03,22350,,N,C,C,A,A,H,-,A,D,0,,,,,Y,,D,22,0,2,0,0,0,0,0,0,0,"- ","- ",39.072559356689453,-120.96312713623047,PLACER,UNINCORPORATED,-120.96321105957031,39.072608947753906
91453496,2021,2021-04-19,9220,2021-04-05,0850,015917,,1,1,9,3100,0,2,4,,2,022,"DOUGLAS BLVD WESTBOUND","SIERRA COLLEGE BLVD",26.00,E,N,B,-,N,,,,,,,,,,Y,4,0,1,2,A,-,07,21658,A,N,B,C,A,A,H,-,A,D,0,,,,,Y,,A,01,0,0,1,0,0,0,0,0,0,"- ","- ",38.744430541992188,-121.22588348388672,PLACER,UNINCORPORATED,-121.22612762451172,38.743938446044922