CASE_ID,ACCIDENT_YEAR,PROC_DATE,JURIS,COLLISION_DATE,COLLISION_TIME,OFFICER_ID,REPORTING_DISTRICT,DAY_OF_WEEK,CHP_SHIFT,POPULATION,CNTY_CITY_LOC,SPECIAL_COND,BEAT_TYPE,CHP_BEAT_TYPE,CITY_DIVISION_LAPD,CHP_BEAT_CLASS,BEAT_NUMBER,PRIMARY_RD,SECONDARY_RD,DISTANCE,DIRECTION,INTERSECTION,WEATHER_1,WEATHER_2,STATE_HWY_IND,CALTRANS_COUNTY,CALTRANS_DISTRICT,STATE_ROUTE,ROUTE_SUFFIX,POSTMILE_PREFIX,POSTMILE,LOCATION_TYPE,RAMP_INTERSECTION,SIDE_OF_HWY,TOW_AWAY,COLLISION_SEVERITY,NUMBER_KILLED,NUMBER_INJURED,PARTY_COUNT,PRIMARY_COLL_FACTOR,PCF_CODE_OF_VIOL,PCF_VIOL_CATEGORY,PCF_VIOLATION,PCF_VIOL_SUBSECTION,HIT_AND_RUN,TYPE_OF_COLLISION,MVIW,PED_ACTION,ROAD_SURFACE,ROAD_COND_1,ROAD_COND_2,LIGHTING,CONTROL_DEVICE,CHP_ROAD_TYPE,PEDESTRIAN_ACCIDENT,BICYCLE_ACCIDENT,MOTORCYCLE_ACCIDENT,TRUCK_ACCIDENT,NOT_PRIVATE_PROPERTY,ALCOHOL_INVOLVED,STWD_VEHTYPE_AT_FAULT,CHP_VEHTYPE_AT_FAULT,COUNT_SEVERE_INJ,COUNT_VISIBLE_INJ,COUNT_COMPLAINT_PAIN,COUNT_PED_KILLED,COUNT_PED_INJURED,COUNT_BICYCLIST_KILLED,COUNT_BICYCLIST_INJURED,COUNT_MC_KILLED,COUNT_MC_INJURED,PRIMARY_RAMP,SECONDARY_RAMP,LATITUDE,LONGITUDE,COUNTY,CITY,POINT_X,POINT_Y
91526606,2021,2021-07-22,9221,2021-07-18,1619,019565,,7,2,9,3100,0,3,5,,2,070,"PLACER HILLS RD","ILLINOISTOWN O/C",1150.00,W,N,A,-,N,,,,,,,,,,Y,2,0,1,1,A,-,03,22350,,N,E,I,A,A,H,-,A,D,0,,,Y,,Y,,C,02,1,0,0,0,0,0,0,0,1,"- ","- ",39.075660705566406,-120.96199798583984,PLACER,UNINCORPORATED,-120.96187591552734,39.075809478759766
91555105,2021,2021-08-26,9220,2021-08-13,1405,013997,,5,2,9,3100,0,1,1,,2,283,"I-80 (WESTBOUND)","PLACER HILLS ROAD O/C (CLIPPER GAP)",3696.00,E,N,A,-,Y,,,80,,,,,,,Y,4,0,1,2,A,-,07,21658,A,F,E,I,A,A,H,-,A,D,0,,,,Y,Y,,-,99,0,0,1,0,0,0,0,0,0,"- ","- ",38.978351593017578,-121.0111083984375,PLACER,UNINCORPORATED,-121.01103973388672,38.978302001953125
9208902,2021,2021-03-16,3104,2021-01-15,1500,297,17,5,5,4,3104,0,0,0,,0,004,"STANFORD RANCH RD","DARBY RD",0.00,,Y,A,-,N,,,,,,,,,,Y,4,0,1,2,A,-,03,22350,,N,D,C,A,A,H,-,A,A,0,,,,,Y,,A,07,0,0,1,0,0,0,0,0,0,"- ","- ",38.816120147705078,-121.26952362060547,PLACER,ROCKLIN,-121.26951599121094,38.816108703613281
9388664,2021,2022-01-14,3105,2021-12-19,1220,585,,7,5,5,3105,0,0,0,,0,006,"BLUE OAKS BL","FOOTHILLS BL",75.00,E,N,B,-,N,,,,,,,,,,N,4,0,1,3,A,-,03,22350,,N,C,C,A,A,H,-,A,A,0,,,,,Y,,A,01,0,0,1,0,0,0,0,0,0,"- ","- ",38.795520782470703,-121.31385803222656,PLACER,ROSEVILLE,-121.31356811523438,38.795520782470703
9392465,2021,2022-01-27,3105,2021-12-24,1200,1169,,5,5,5,3105,0,0,0,,0,004,"WASHINGTON BL","LINCOLN ST",300.00,S,N,A,-,N,,,,,,,,,,Y,4,0,1,2,A,-,08,22107,,N,D,C,A,A,H,-,A,D,0,,,,,Y,,A,01,0,0,1,0,0,0,0,0,0,"- ","- ",38.755889892578125,-121.28851318359375,PLACER,ROSEVILLE,-121.28817749023438,38.756237030029297
91500234,2021,2021-06-18,9220,2021-05-10,1618,015624,,1,2,9,3100,0,3,5,,2,070,"I-80 W/B TO PENRYN ROAD","PENRYN ROAD",0.00,,Y,A,-,N,,,80,,,,R,,W,Y,2,0,4,2,A,-,01,23152,F,N,D,C,A,A,H,-,A,A,0,,,,,Y,,I,12,1,3,0,0,0,0,0,0,0,"- ","- ",38.835639953613281,-121.16847229003906,PLACER,UNINCORPORATED,-121.16847229003906,38.835639953613281
91569794,2021,2021-09-14,9220,2021-09-10,2320,017027,,5,3,9,3100,0,2,4,,2,042,"MOUNT VERNON RD","MEYER LN",1295.00,W,N,A,-,N,,,,,,,,,,Y,4,0,2,2,A,-,05,21460,A,N,A,C,A,A,H,-,D,D,0,,,,,Y,,D,22,0,0,2,0,0,0,0,0,0,"- ","- ",38.941459655761719,-121.14913177490234,PLACER,UNINCORPORATED,-121.14902496337891,38.941402435302734
91595422,2021,2021-10-13,9220,2021-10-06,1615,017027,,3,2,9,3100,0,1,3,,1,249,SR-49,"BELL ROAD",70.00,S,N,B,-,Y,,,49,,,,,,,N,4,0,1,4,A,-,03,22350,,N,C,C,A,A,H,-,A,D,0,,,,,Y,,D,22,0,0,1,0,0,0,0,0,0,"- ","- ",38.94171142578125,-121.09638214111328,PLACER,UNINCORPORATED,-121.09696197509766,38.941539764404297
91697127,2021,2022-02-09,9220,2021-11-08,1615,013465,,1,2,9,3100,0,3,5,,2,010,"W. WISE RD","BREWER RD",6336.00,E,N,B,-,N,,,,,,,,,,Y,1,1,0,1,A,-,08,22107,,N,E,I,A,A,B,-,A,A,0,,,,,Y,,A,01,0,0,0,0,0,0,0,0,0,"- ","- ",38.926261901855469,-121.42835235595703,PLACER,UNINCORPORATED,-121.42952728271484,38.926177978515625
9389658,2021,2022-01-18,3103,2021-12-03,0743,JSCHM,L1,5,5,2,3103,0,0,0,,0,0L1,"LAKESIDE DR","NICOLAS RD",0.00,,Y,A,-,N,,,,,,,,,,N,3,0,1,2,A,-,10,21950,A,N,H,G,A,A,H,-,A,D,0,,Y,,,Y,,A,01,0,1,0,0,0,0,1,0,0,"- ","- ",38.897319793701172,-121.32380676269531,PLACER,LINCOLN,-121.32382965087891,38.897342681884766
9391910,2021,2022-02-01,3105,2021-12-20,1727,1148,,1,5,5,3105,0,0,0,,0,001,"GALLERIA BL","ANTELOPE CREEK DR",460.00,S,N,A,-,N,,,,,,,,,,,3,0,2,3,A,-,08,22107,,N,F,C,A,A,H,-,C,D,0,,,,,Y,,D,22,0,1,1,0,0,0,0,0,0,"- ","- ",38.770370483398438,-121.266357421875,PLACER,ROSEVILLE,-121.26589965820312,38.770858764648438
91421291,2021,2021-03-05,9220,2021-02-26,1655,019148,,5,2,9,3100,0,2,4,,2,071,"N/B SIERRA COLLEGE BLVD.","N. CLOVER VALLEY RD.",1056.00,S,N,A,-,N,,,,,,,,,,Y,4,0,1,1,A,-,01,23152,F,M,E,I,A,A,H,-,A,D,0,,,,,Y,,A,01,0,0,1,0,0,0,0,0,0,"- ","- ",38.848079681396484,-121.22239685058594,PLACER,UNINCORPORATED,,
9243479,2021,2021-04-14,3103,2021-03-19,2341,ADEOL,L8,5,5,2,3103,0,0,0,,0,0L4,"INDUSTRIAL AV","ATHENS DR",0.00,,Y,A,-,N,,,,,,,,,,Y,4,0,1,1,D,-,00,,,M,E,I,A,A,H,-,C,A,0,,,,,Y,,-,"- ",0,0,1,0,0,0,0,0,0,"- ","- ",,,PLACER,LINCOLN,-121.30690002441406,38.839103698730469
9269758,2021,2021-06-01,3101,2021-05-12,1000,A711,AU14,3,5,3,3101,0,0,0,,0,0A2,"HIGH ST","E PLACER ST",0.00,,-,A,-,N,,,,,,,,,,N,3,0,1,2,A,-,08,22101,D,N,A,C,A,A,H,-,A,A,0,,,,,Y,,A,07,0,1,0,0,0,0,0,0,0,"- ","- ",38.899570465087891,-121.06993865966797,PLACER,AUBURN,-121.06983184814453,38.899738311767578
9278356,2021,2021-07-09,3104,2021-06-01,1655,298,38,2,5,4,3104,0,0,0,,0,003,"STANFORD RANCH RD","SUNSET BL",548.00,N,N,A,-,N,,,,,,,,,,Y,3,0,2,3,A,-,09,21801,A,N,A,C,A,A,H,-,A,D,0,,,,,Y,,A,01,0,2,0,0,0,0,0,0,0,"- ","- ",38.796249389648438,-121.26497650146484,PLACER,ROCKLIN,-121.26371002197266,38.797164916992188
9317126,2021,2021-09-17,3105,2021-08-05,1432,188,,4,5,5,3105,0,0,0,,0,006,"BLUE OAKS BL","NEW MEADOW DR",200.00,E,N,A,-,N,,,,,,,,,,Y,4,0,1,4,A,-,03,22350,,N,C,C,A,-,H,-,A,A,0,,,,Y,Y,,F,26,0,0,1,0,0,0,0,0,0,"- ","- ",38.795520782470703,-121.32156372070312,PLACER,ROSEVILLE,-121.32087707519531,38.795295715332031
9320066,2021,2023-06-17,3105,2021-07-13,2201,1059,,2,5,5,3105,0,0,0,,0,007,"HAYDEN PW","SUMMERLAND WY",0.00,,Y,A,-,N,,,,,,,,,,Y,1,1,0,2,D,-,00,,,F,G,B,D,A,H,-,C,D,0,Y,,,,Y,,-,"- ",0,0,0,1,0,0,0,0,0,"- ","- ",,,PLACER,ROSEVILLE,-121.37176513671875,38.79046630859375
91395284,2021,2021-01-27,9221,2021-01-22,0940,015950,,5,1,9,3100,0,1,1,,2,386,"I-80 WESTBOUND","LAKE VALLEY ROAD",7392.00,W,N,D,-,Y,,,80,,,,,,W,Y,2,0,2,6,A,-,03,22350,,N,D,C,E,C,H,-,A,D,0,Y,,,Y,Y,,G,25,1,1,0,0,2,0,0,0,0,"- ","- ",39.310848236083984,-120.63430786132812,PLACER,UNINCORPORATED,-120.63430023193359,39.310794830322266
91585709,2021,2021-10-01,9220,2021-09-21,2345,016657,,2,3,9,3100,0,1,3,,1,249,"SR-49 S/B","HULBERT ROAD",62.00,N,N,A,-,Y,,,49,,,,,,S,Y,3,0,2,2,A,-,01,23152,A,F,C,C,A,A,D,E,C,A,0,,,,,Y,Y,D,22,0,1,1,0,0,0,0,0,0,"- ","- ",38.929771423339844,-121.08866119384766,PLACER,UNINCORPORATED,-121.08865356445312,38.929779052734375
91615071,2021,2021-11-03,9220,2021-10-21,1600,016682,,4,2,5,3105,0,1,1,,2,281,"I-80 W/B","CIRBY WAY O/C",1084.00,E,N,A,-,Y,,,80,,,,,,W,Y,4,0,1,5,A,-,03,22350,,N,C,C,A,A,H,-,A,D,0,,,,,Y,,D,22,0,0,1,0,0,0,0,0,0,"- ","- ",38.731788635253906,-121.28282928466797,PLACER,ROSEVILLE,-121.28284454345703,38.731803894042969
9250226,2021,2021-04-23,3101,2021-04-06,2030,A503,AU05,2,5,3,3101,0,0,0,,0,0A2,"INDIAN HILL RD","INDIAN RANCHERIA RD",60.00,W,N,A,-,N,,,,,,,,,,Y,2,0,1,2,A,-,11,21950,B,N,G,B,E,A,H,-,C,D,0,Y,,,,Y,Y,A,01,1,0,0,0,1,0,0,0,0,"- ","- ",38.872570037841797,-121.08750152587891,PLACER,AUBURN,-121.08901214599609,38.87274169921875
9299787,2021,2021-10-16,3105,2021-08-08,0656,1063,,7,5,5,3105,0,0,0,,0,003,"VERNON ST","CIRBY WY",113.00,N,N,A,-,N,,,,,,,,,,Y,3,0,1,1,A,-,01,23153,B,N,E,I,A,A,H,-,-,D,0,,,,,Y,Y,A,01,0,1,0,0,0,0,0,0,0,"- ","- ",38.72930908203125,-121.29972839355469,PLACER,ROSEVILLE,-121.29972076416016,38.729598999023438
91546004,2021,2021-08-16,9220,2021-08-09,0737,019621,,1,1,9,3100,0,3,5,,2,040,"QUARTZ DR","GALENA DR",0.00,,Y,A,-,N,,,,,,,,,,N,4,0,1,2,A,-,09,21802,A,N,D,C,A,A,H,-,A,A,0,,,,,Y,,A,07,0,0,1,0,0,0,0,0,0,"- ","- ",38.947181701660156,-121.10437774658203,PLACER,UNINCORPORATED,-121.10430145263672,38.947177886962891
91567262,2021,2021-09-10,9220,2021-08-09,1723,017863,,1,2,9,3100,0,1,1,,2,281,"I-80 E/B","EUREKA RD. OVERCROSSING",50.00,E,N,A,-,Y,,,,,,,,,,N,3,0,1,2,A,-,03,22350,,N,C,C,A,A,H,-,A,D,0,,,,,Y,,A,01,0,1,0,0,0,0,0,0,0,"- ","- ",38.758438110351562,-121.26119995117188,PLACER,UNINCORPORATED,-121.26145172119141,38.758148193359375
91620668,2021,2021-11-09,9220,2021-10-08,1040,016685,,5,1,9,3100,0,1,3,,1,249,"SR-49 NB","LONE STAR ROAD",1056.00,N,N,A,-,Y,,,49,,,,,,N,N,3,0,1,2,A,-,07,21658,A,F,B,C,A,A,H,-,A,D,0,,,,,Y,,D,22,0,1,0,0,0,0,0,0,0,"- ","- ",38.9993896484375,-121.10777282714844,PLACER,UNINCORPORATED,-121.10790252685547,38.999416351318359
91626935,2021,2021-11-17,9221,2021-11-12,1225,017777,,5,1,9,3100,0,1,1,,2,385,"I-80 W/B","CRYSTAL SPRINGS O/C",1000.00,E,N,A,-,Y,,,80,,,,,,W,Y,3,0,1,2,A,-,03,22350,,N,E,I,A,A,D,-,A,A,0,,,,Y,Y,,D,22,0,1,0,0,0,0,0,0,0,"- ","- ",39.209110260009766,-120.78678131103516,PLACER,UNINCORPORATED,-120.78675842285156,39.209064483642578
9323172,2021,2021-09-30,3105,2021-08-12,0632,1099,,4,5,5,3105,0,0,0,,0,007,"FIDDYMENT RD","CRAWFORD PK",0.00,,Y,A,-,N,,,,,,,,,,Y,4,0,1,2,A,-,12,21453,A,N,A,C,A,A,H,-,A,A,0,,,,,Y,,A,01,0,0,1,0,0,0,0,0,0,"- ","- ",,,PLACER,ROSEVILLE,-121.35866546630859,38.797828674316406
91415298,2021,2021-02-25,9220,2021-02-21,0150,017482,,7,3,9,3100,0,3,5,,2,030,"MCCOURTNEY RD","BIG GEN RD",997.00,S,N,A,-,N,,,,,,,,,,Y,3,0,1,1,A,-,01,23152,A,N,E,J,A,A,H,-,D,D,0,,,,,Y,Y,D,22,0,1,0,0,0,0,0,0,0,"- ","- ",38.949268341064453,-121.27397155761719,PLACER,UNINCORPORATED,-121.27392578125,38.949287414550781
91439336,2021,2021-03-30,9220,2021-03-25,1500,015961,,4,2,5,3105,0,1,1,,2,281,"I-80 (E/B) FROM SUNRISE AVE (N/B)","OAK RIDGE DR",440.00,W,N,A,-,Y,,,80,,,,R,,,Y,4,0,2,2,A,-,03,22350,,N,C,C,A,A,H,-,A,D,0,,,,,Y,,A,01,0,0,2,0,0,0,0,0,0,"- ","- ",38.742099761962891,-121.27210235595703,PLACER,ROSEVILLE,-121.27210235595703,38.742099761962891
91513674,2021,2021-07-06,9220,2021-05-11,1155,013975,,2,1,9,3100,0,1,1,,2,283,"INTERSATE 80 E/B OFF TO LINCOLN WAY","LINCOLN WAY",8.00,S,N,A,-,Y,,,,,,,,,,Y,3,0,1,3,A,-,08,22107,,N,H,8,A,A,H,-,A,A,0,,,,,Y,,D,22,0,1,0,0,0,0,0,0,0,"- ","- ",38.917701721191406,-121.060302734375,PLACER,UNINCORPORATED,,
91604201,2021,2021-10-22,9220,2021-10-15,1805,013465,,5,2,9,3100,0,2,4,,2,015,"INDUSTRIAL AVE","ATHENS AVE",0.00,,Y,A,-,N,,,,,,,,,,N,3,0,1,2,A,-,08,22107,,N,D,C,A,A,H,-,A,A,0,,,,,Y,,D,22,0,1,0,0,0,0,0,0,0,"- ","- ",38.839061737060547,-121.30697631835938,PLACER,UNINCORPORATED,-121.30690002441406,38.838985443115234
9226527,2021,2022-03-15,3104,2021-02-15,0859,226,11,1,5,4,3104,0,0,0,,0,004,"LONETREE BL","REDWOOD DR",18.00,S,N,B,-,N,,,,,,,,,,Y,3,0,3,3,A,-,05,21650,,N,A,C,A,B,H,-,A,A,0,,,,,Y,,D,22,0,3,0,0,0,0,0,0,0,"- ","- ",38.800769805908203,-121.29342651367188,PLACER,ROCKLIN,-121.29356384277344,38.800651550292969
9280629,2021,2021-07-15,3104,2021-06-03,1620,315,37,4,5,4,3104,0,0,0,,0,002,"SUNSET BL","SPRINGVIEW DR",0.00,,Y,A,-,N,,,,,,,,,,Y,3,0,2,2,D,-,00,,,N,D,C,A,A,H,-,A,A,0,,,,,Y,,-,"- ",0,2,0,0,0,0,0,0,0,"- ","- ",38.784690856933594,-121.24796295166016,PLACER,ROCKLIN,-121.24796295166016,38.784664154052734
9295424,2021,2021-07-28,3105,2021-06-14,1205,1164,,1,5,5,3105,0,0,0,,0,007,"BLUE OAKS BL","DEL WEBB BL",550.00,W,N,A,-,N,,,,,,,,,,Y,3,0,3,1,A,-,07,21658,A,N,E,I,A,A,H,-,A,D,0,,,,,Y,,A,01,0,2,1,0,0,0,0,0,0,"- ","- ",38.793220520019531,-121.34713745117188,PLACER,ROSEVILLE,-121.348876953125,38.792362213134766
91486424,2021,2021-06-01,9220,2021-05-23,1312,015961,,7,1,9,3100,0,1,3,,1,249,SR-49,"LOCKSLEY LN",0.00,,Y,A,-,Y,,,49,,,,,,,N,3,0,1,3,A,-,08,22107,,N,B,C,E,A,D,-,A,A,0,Y,,,,Y,,A,01,0,1,0,0,1,0,0,0,0,"- ","- ",38.950321197509766,-121.09986114501953,PLACER,UNINCORPORATED,-121.09994506835938,38.950286865234375
91595194,2021,2021-10-13,9220,2021-10-04,1934,013997,,1,2,9,3100,0,3,5,,2,050,"LAKE ARTHUR ROAD","TALL PINES COURT",528.00,E,N,A,-,N,,,,,,,,,,Y,3,0,1,1,A,-,01,23152,A,N,E,F,A,A,H,-,D,D,0,,,,,Y,Y,A,07,0,1,0,0,0,0,0,0,0,"- ","- ",38.993461608886719,-120.99932861328125,PLACER,UNINCORPORATED,-120.99939727783203,38.993427276611328
91600201,2021,2021-10-19,9220,2021-10-12,0835,015917,,2,1,5,3105,0,1,1,,2,281,"I-80 EASTBOUND","DOUGLAS BLVD",2640.00,W,N,A,-,Y,,,80,,,,,,E,Y,3,0,2,2,A,-,03,22350,,N,C,C,A,A,H,-,A,D,0,,,,,Y,,A,08,0,1,1,0,0,0,0,0,0,"- ","- ",38.737800598144531,-121.27584075927734,PLACER,ROSEVILLE,-121.27589416503906,38.737861633300781
9133165,2021,2021-09-28,3105,2021-07-15,2100,1145,,4,5,5,3105,0,0,0,,0,002,"NORTH SUNRISE AV","DOUGLAS BL",20.00,N,N,A,-,N,,,,,,,,,,N,4,0,1,2,A,-,09,21804,A,F,C,C,A,A,H,-,C,A,0,,,,,Y,Y,A,07,0,0,1,0,0,0,0,0,0,"- ","- ",,,PLACER,ROSEVILLE,-121.26620483398438,38.744155883789062
91384253,2021,2021-01-08,9220,2021-01-01,1055,013975,,5,1,9,3100,0,1,3,,1,249,"STATE ROUTE 49 N/B","DRY CREEK RD",95.00,S,N,A,-,Y,,,49,,,,,,N,Y,3,0,4,3,A,-,03,22350,,N,C,C,A,A,H,-,A,D,0,,,,,Y,,A,01,0,1,3,0,0,0,0,0,0,"- ","- ",38.956001281738281,-121.10099792480469,PLACER,UNINCORPORATED,-121.10118103027344,38.955963134765625
91385386,2021,2021-01-11,9221,2021-01-08,2220,018530,,5,3,9,3100,0,3,5,,2,070,"BARB WIRE LN","ROLLINS LAKE RD",0.00,,Y,B,-,N,,,,,,,,,,Y,3,0,2,1,A,-,03,22350,,N,E,I,A,B,H,-,D,D,0,,,,,Y,,A,01,0,2,0,0,0,0,0,0,0,"- ","- ",39.127151489257812,-120.94512939453125,PLACER,UNINCORPORATED,-120.94518280029297,39.127212524414062
91386266,2021,2021-01-12,9220,2021-01-03,2145,016657,,7,2,9,3100,0,3,5,,2,010,"MOORE RD","SOUTH BREWER ROAD",3700.00,E,N,A,-,N,,,,,,,,,,Y,3,0,1,1,A,-,08,22107,,M,E,I,A,A,H,-,D,D,0,,,,,Y,Y,A,01,0,1,0,0,0,0,0,0,0,"- ","- ",38.867950439453125,-121.43863677978516,PLACER,UNINCORPORATED,-121.43865966796875,38.867946624755859
91386272,2021,2021-01-12,9220,2021-01-04,1355,013794,,1,1,9,3100,0,3,5,,2,050,"NEW AIRPORT ROAD","BELL ROAD",39.00,N,N,B,C,N,,,,,,,,,,Y,3,0,1,3,A,-,08,22107,,N,B,D,A,B,H,-,A,A,0,,,,Y,Y,,A,01,0,1,0,0,0,0,0,0,0,"- ","- ",38.942501068115234,-121.07935333251953,PLACER,UNINCORPORATED,-121.07927703857422,38.942337036132812
91386980,2021,2021-01-13,9220,2021-01-04,1749,018489,,1,2,5,3105,0,1,1,,2,281,"I-80 W/B","DOUGLAS BLVD",1275.00,W,N,B,-,Y,,,,,,,,,,Y,3,0,1,2,A,-,03,22350,,N,C,C,A,B,H,-,D,D,0,,,,Y,Y,,F,25,0,1,0,0,0,0,0,0,0,"- ","- ",38.44219970703125,-121.16280364990234,PLACER,ROSEVILLE,-121.27297973632812,38.740959167480469
91388034,2021,2021-01-15,9220,2021-01-06,1430,015961,,3,2,9,3100,0,2,4,,1,013,"WALERGA RD (S/B)","TILLER WAY",84.00,N,N,B,-,N,,,,,,,,,,N,4,0,3,2,A,-,03,22350,,N,C,C,A,A,D,-,A,D,0,,,,,Y,,A,01,0,0,3,0,0,0,0,0,0,"- ","- ",38.731998443603516,-121.36460113525391,PLACER,UNINCORPORATED,-121.36466979980469,38.731971740722656
91388059,2021,2021-01-15,9220,2021-01-07,1715,015272,,4,2,5,3105,0,1,1,,2,281,"I-80 E/B",SR-65,528.00,E,N,A,-,Y,,,,,,,,,,N,4,0,1,2,A,-,03,22350,,N,C,C,A,A,H,-,D,D,0,,,,,Y,,A,01,0,0,1,0,0,0,0,0,0,"- ","- ",38.123451232910156,-121.12345123291016,PLACER,ROSEVILLE,,
91388929,2021,2021-01-18,9220,2021-01-13,1410,015197,,3,2,4,3104,0,1,1,,2,282,"I-80 E/B","SIERRA COLLEGE BLVD",500.00,E,N,B,-,Y,,,80,,,,,,E,Y,4,0,1,1,A,-,08,22107,,N,E,I,A,A,H,-,A,D,0,,,,,Y,,A,01,0,0,1,0,0,0,0,0,0,"- ","- ",38.808818817138672,-121.19831085205078,PLACER,ROCKLIN,-121.19832611083984,38.808837890625
91389104,2021,2021-01-18,9220,2021-01-11,1125,017385,,1,1,9,3100,0,3,5,,2,040,"QUARTZ DR","PARK DR.",105.00,W,N,B,-,N,,,,,,,,,,N,3,0,1,2,A,-,08,22107,,N,D,G,A,A,H,-,A,D,0,,Y,,,Y,,L,04,0,1,0,0,0,0,1,0,0,"- ","- ",38.947490692138672,-121.10092163085938,PLACER,UNINCORPORATED,-121.10096740722656,38.947483062744141
91389222,2021,2021-01-18,9220,2021-01-05,1230,013997,,2,1,9,3100,0,3,5,,2,040,"JOEGER ROAD","BELL ROAD",2640.00,W,N,A,-,N,,,,,,,,,,Y,2,0,2,1,A,-,03,22350,,N,E,I,A,A,H,-,A,D,0,,,,,Y,,D,22,1,1,0,0,0,0,0,0,0,"- ","- ",38.942249298095703,-121.12451171875,PLACER,UNINCORPORATED,-121.1246337890625,38.942218780517578
91390452,2021,2021-01-19,9220,2021-01-09,0955,018768,,6,1,9,3100,0,2,4,,2,071,"SIERRA COLLEGE BLVD","TWELVE BRIDGES DR",0.00,,Y,A,-,N,,,,,,,,,,N,4,0,1,2,A,-,09,21801,A,N,D,C,A,A,H,-,A,D,0,,,,,Y,,A,01,0,0,1,0,0,0,0,0,0,"- ","- ",38.867389678955078,-121.23149108886719,PLACER,UNINCORPORATED,-121.2314453125,38.867374420166016
91392691,2021,2021-01-22,9220,2021-01-18,0655,015197,,1,1,9,3100,0,1,1,,2,282,"I-80 E/B","GILARDI RD",1584.00,W,N,A,-,Y,,,80,,,,,,E,Y,2,0,2,2,A,-,03,22350,,N,C,C,A,A,H,-,B,D,0,,,,,Y,,A,01,1,0,1,0,0,0,0,0,0,"- ","- ",38.850330352783203,-121.1485595703125,PLACER,UNINCORPORATED,-121.14860534667969,38.850387573242188
91392759,2021,2021-01-22,9220,2021-01-19,0710,015197,,2,1,9,3100,0,1,1,,2,282,"I-80 E/B","OPHIR RD",1786.00,W,N,A,-,Y,,,80,,,,,,E,Y,3,0,1,2,A,-,07,21658,A,N,B,C,A,A,H,-,B,D,0,,,,Y,Y,,A,07,0,1,0,0,0,0,0,0,0,"- ","- ",38.890918731689453,-121.08689880371094,PLACER,UNINCORPORATED,-121.08705902099609,38.891109466552734
91394110,2021,2021-01-26,9220,2021-01-14,2210,013997,,4,3,9,3100,0,2,4,,2,064,"FORESTHILL ROAD","TODD VALLEY RD",480.00,W,N,A,-,N,,,,,,,,,,Y,2,0,1,1,A,-,08,22107,,N,E,I,A,A,H,-,D,D,0,,,,,Y,,A,07,1,0,0,0,0,0,0,0,0,"- ","- ",38.9989013671875,-120.87673950195312,PLACER,UNINCORPORATED,-120.87648773193359,38.998748779296875
91394120,2021,2021-01-26,9220,2021-01-17,0751,016572,,7,1,3,3101,0,1,1,,2,283,"I-80 E/B FROM OPHIR ROAD","AUBURN RAVINE UNDERCROSSING",10.00,E,N,A,-,Y,,,80,,,,R,,E,Y,4,0,1,1,A,-,01,23152,F,N,E,I,A,B,H,-,A,D,0,,,,,Y,,A,01,0,0,1,0,0,0,0,0,0,"- ","- ",38.893199920654297,-121.08306121826172,PLACER,AUBURN,-121.08306121826172,38.893199920654297
91394454,2021,2021-01-26,9220,2021-01-18,1340,015917,,1,1,9,3100,0,1,1,,2,282,"I -80 WESTBOUND","BRACE RD",500.00,W,N,A,-,Y,,,,,,,,,,Y,4,0,3,3,A,-,08,22107,,N,D,C,A,A,H,-,A,D,0,,,,,Y,,D,22,0,0,3,0,0,0,0,0,0,"- ","- ",38.809349060058594,-121.19814300537109,PLACER,UNINCORPORATED,-121.19792175292969,38.809410095214844
91395278,2021,2021-01-27,9220,2021-01-16,1520,017385,,6,2,9,3100,0,3,5,,2,070,"CLARK TUNNEL RD.","CALLISON RD",205.00,N,N,A,-,N,,,,,,,,,,Y,3,0,1,1,A,-,08,22107,,N,E,I,A,A,H,-,A,D,0,,,,,Y,,A,01,0,1,0,0,0,0,0,0,0,"- ","- ",38.859970092773438,-121.17308044433594,PLACER,UNINCORPORATED,-121.17307281494141,38.859893798828125
91395387,2021,2021-01-27,9221,2021-01-20,1955,017881,,3,2,9,3100,0,1,1,,2,386,"I-80 E/B","NYACK RD",1920.00,W,N,A,-,Y,,,80,,,,,,E,Y,2,0,1,1,A,-,01,23152,A,N,E,I,A,A,H,-,D,D,0,,,,,Y,Y,A,07,1,0,0,0,0,0,0,0,0,"- ","- ",39.291759490966797,-120.68631744384766,PLACER,UNINCORPORATED,-120.68628692626953,39.291595458984375
91395660,2021,2021-01-28,9220,2021-01-20,1450,016572,,3,2,3,3101,0,1,3,,1,249,"SR-49 S/B","BELL ROAD",400.00,S,N,A,-,Y,,,,,,,,,,Y,4,0,1,2,A,-,03,22350,,N,C,C,A,A,H,-,A,D,0,,,,,Y,,A,01,0,0,1,0,0,0,0,0,0,"- ","- ",38.940288543701172,-121.09654235839844,PLACER,AUBURN,-121.09676361083984,38.940921783447266