CASE_ID,ACCIDENT_YEAR,PROC_DATE,JURIS,COLLISION_DATE,COLLISION_TIME,OFFICER_ID,REPORTING_DISTRICT,DAY_OF_WEEK,CHP_SHIFT,POPULATION,CNTY_CITY_LOC,SPECIAL_COND,BEAT_TYPE,CHP_BEAT_TYPE,CITY_DIVISION_LAPD,CHP_BEAT_CLASS,BEAT_NUMBER,PRIMARY_RD,SECONDARY_RD,DISTANCE,DIRECTION,INTERSECTION,WEATHER_1,WEATHER_2,STATE_HWY_IND,CALTRANS_COUNTY,CALTRANS_DISTRICT,STATE_ROUTE,ROUTE_SUFFIX,POSTMILE_PREFIX,POSTMILE,LOCATION_TYPE,RAMP_INTERSECTION,SIDE_OF_HWY,TOW_AWAY,COLLISION_SEVERITY,NUMBER_KILLED,NUMBER_INJURED,PARTY_COUNT,PRIMARY_COLL_FACTOR,PCF_CODE_OF_VIOL,PCF_VIOL_CATEGORY,PCF_VIOLATION,PCF_VIOL_SUBSECTION,HIT_AND_RUN,TYPE_OF_COLLISION,MVIW,PED_ACTION,ROAD_SURFACE,ROAD_COND_1,ROAD_COND_2,LIGHTING,CONTROL_DEVICE,CHP_ROAD_TYPE,PEDESTRIAN_ACCIDENT,BICYCLE_ACCIDENT,MOTORCYCLE_ACCIDENT,TRUCK_ACCIDENT,NOT_PRIVATE_PROPERTY,ALCOHOL_INVOLVED,STWD_VEHTYPE_AT_FAULT,CHP_VEHTYPE_AT_FAULT,COUNT_SEVERE_INJ,COUNT_VISIBLE_INJ,COUNT_COMPLAINT_PAIN,COUNT_PED_KILLED,COUNT_PED_INJURED,COUNT_BICYCLIST_KILLED,COUNT_BICYCLIST_INJURED,COUNT_MC_KILLED,COUNT_MC_INJURED,PRIMARY_RAMP,SECONDARY_RAMP,LATITUDE,LONGITUDE,COUNTY,CITY,POINT_X,POINT_Y
91398980,2021,2021-01-29,9221,2021-01-25,1607,021216,,1,2,9,3100,0,1,1,,2,386,"I-80 W/B","KEARSARGE MILL RD",528.00,E,N,B,D,Y,,,80,,,,,,W,Y,4,0,2,1,A,-,03,22350,,N,E,I,A,C,G,-,A,D,0,,,,,Y,,A,01,0,0,2,0,0,0,0,0,0,"- ","- ",39.239990234375,-120.75248718261719,PLACER,UNINCORPORATED,-120.75253295898438,39.239990234375
91400648,2021,2021-02-02,9220,2021-01-23,1907,015961,,6,2,9,3100,0,1,3,,2,293,SR-193,"HIDDEN ACRES LN",1373.00,W,N,A,-,N,,,,,,,,,,Y,3,0,1,1,A,-,08,22107,,N,E,I,A,A,H,-,C,D,0,,,,,Y,,A,07,0,1,0,0,0,0,0,0,0,"- ","- ",38.891399383544922,-121.11910247802734,PLACER,UNINCORPORATED,-121.19802093505859,38.891384124755859
91401173,2021,2021-02-02,9221,2021-01-28,0735,017125,,4,1,9,3100,0,1,1,,2,390,"GOLD RUN REST AREA E/B","SAWMILL O/C",1360.00,W,N,B,D,Y,,,,,,,,,,N,4,0,1,2,A,-,08,22107,,N,B,E,A,B,H,-,A,D,0,,,,Y,Y,,G,25,0,0,1,0,0,0,0,0,0,"- ","- ",39.180648803710938,-120.84990692138672,PLACER,UNINCORPORATED,,
91401489,2021,2021-02-03,9220,2021-01-26,1615,016031,,2,2,9,3100,0,1,3,,1,249,"SR-49 S/B","WILLOW CREEK DR",330.00,N,N,A,-,Y,,,49,,,,,,S,Y,4,0,1,2,A,-,03,22350,,N,C,C,A,A,H,-,A,D,0,,,,,Y,,A,01,0,0,1,0,0,0,0,0,0,"- ","- ",38.939430236816406,-121.09636688232422,PLACER,UNINCORPORATED,-121.09632110595703,38.939445495605469
91401850,2021,2021-02-03,9220,2021-01-29,1815,016031,,5,2,4,3104,0,1,3,,1,265,"SR-65 N/B","PLEASANT GROVE BLVD",2640.00,S,N,B,-,Y,,,,,,,,,,N,4,0,1,3,A,-,03,22350,,N,C,C,A,A,H,-,D,D,0,,,,,Y,,A,01,0,0,1,0,0,0,0,0,0,"- ","- ",38.782199859619141,-121.27510833740234,PLACER,ROCKLIN,-121.27618408203125,38.782707214355469
91404543,2021,2021-02-08,9220,2021-01-24,0120,016657,,7,3,9,3100,0,2,4,,2,042,"MOUNT VERNON RD","VISTA ROBLE DR",1954.00,N,N,A,-,N,,,,,,,,,,Y,3,0,1,1,A,-,01,23152,A,N,E,I,A,A,H,-,D,D,0,,,,,Y,Y,A,01,0,1,0,0,0,0,0,0,0,"- ","- ",38.927280426025391,-121.11975860595703,PLACER,UNINCORPORATED,-121.11947631835938,38.927169799804688
91405300,2021,2021-02-09,9220,2021-01-31,1824,017375,,7,2,5,3105,0,1,1,,2,281,"I-80 W/B FROM ATLANTIC STREET","ATLANTIC STREET",640.00,W,N,A,-,Y,,,80,,,,R,,W,Y,4,0,1,2,A,-,03,22350,,N,C,C,A,A,H,-,D,A,0,,,,,Y,,A,07,0,0,1,0,0,0,0,0,0,"- ","- ",38.756271362304688,-121.26387023925781,PLACER,ROSEVILLE,-121.26387023925781,38.756271362304688
91405310,2021,2021-02-09,9220,2021-01-31,1242,015917,,7,1,5,3105,0,1,1,,2,281,"I -80 WESTBOUND","LEAD HILL BLVD",342.00,E,N,A,-,Y,,,80,,,,,,W,Y,3,0,2,2,A,-,07,21658,A,N,C,C,A,A,H,-,A,D,0,,,,,Y,,A,01,0,2,0,0,0,0,0,0,0,"- ","- ",38.75299072265625,-121.26528930664062,PLACER,ROSEVILLE,-121.26512908935547,38.752883911132812
91405539,2021,2021-02-09,9220,2021-02-02,1215,013794,,2,1,9,3100,0,2,4,,2,058,"DRY CREEK ROAD","TOM & JERRY LANE",45.00,E,N,B,C,N,,,,,,,,,,Y,3,0,2,2,A,-,05,21460,A,N,D,C,A,B,H,-,A,A,0,,,,,Y,,A,01,0,2,0,0,0,0,0,0,0,"- ","- ",38.960411071777344,-121.09779357910156,PLACER,UNINCORPORATED,-121.0977783203125,38.960399627685547
91405550,2021,2021-02-09,9220,2021-02-02,1152,013997,,2,1,3,3101,0,1,1,,2,282,"I-80 WESTBOUND",SR-49,0.00,,N,B,C,Y,,,80,,,,,,W,Y,2,0,1,2,A,-,03,22350,,N,D,C,A,B,H,-,A,D,0,,,,Y,Y,,D,22,1,0,0,0,0,0,0,0,0,"- ","- ",38.899089813232422,-121.07623291015625,PLACER,AUBURN,-121.07614898681641,38.898998260498047
91406052,2021,2021-02-10,9222,2021-01-31,1925,019452,,7,2,9,3100,0,1,3,,1,015,"SR-28 W/B","CENTER ST",1394.00,W,N,A,-,Y,,,28,,,,,,W,Y,3,0,1,2,A,-,08,22107,,M,C,C,A,A,H,-,B,D,0,,,,,Y,,A,01,0,1,0,0,0,0,0,0,0,"- ","- ",39.222988128662109,-120.08688354492188,PLACER,UNINCORPORATED,-120.08687591552734,39.222988128662109
91406301,2021,2021-02-10,9220,2021-02-02,1150,016555,,2,1,5,3105,0,1,1,,2,281,"I-80 W/B","DOUGLAS BLVD. O/P",5.00,W,N,B,C,Y,,,80,,,,,,W,Y,3,0,2,3,A,-,07,21658,A,N,B,C,A,B,H,-,A,D,0,,,,,Y,,A,01,0,1,1,0,0,0,0,0,0,"- ","- ",38.74346923828125,-121.27150726318359,PLACER,ROSEVILLE,-121.27131652832031,38.743354797363281
91406373,2021,2021-02-10,9220,2021-02-01,1955,016716,,1,2,9,3100,0,3,5,,2,040,"LUTHER ROAD","HULBERT WAY",40.00,W,N,A,-,N,,,,,,,,,,N,4,0,1,2,A,-,08,22107,,N,D,G,A,A,H,-,C,D,0,,Y,,,Y,,L,04,0,0,1,0,0,0,1,0,0,"- ","- ",38.927268981933594,-121.08670043945312,PLACER,UNINCORPORATED,,
91407474,2021,2021-02-12,9220,2021-02-03,1530,019148,,3,2,9,3100,0,2,4,,2,022,"DOUGLAS BLVD.","JOE RODGERS RD.",0.00,,Y,A,-,N,,,,,,,,,,N,3,0,1,2,A,-,05,21650,,N,D,G,A,A,H,-,A,A,0,,Y,,,Y,,L,04,0,1,0,0,0,0,1,0,0,"- ","- ",38.744010925292969,-121.18501281738281,PLACER,UNINCORPORATED,-121.18489837646484,38.743839263916016
91408825,2021,2021-02-16,9220,2021-02-06,0940,017375,,6,1,9,3100,0,1,1,,2,282,"I-80 EASTBOUND","GILARDI RD",600.00,W,N,A,-,Y,,,80,,,,,,E,Y,4,0,1,2,A,-,03,22350,,N,C,C,A,A,H,-,A,D,0,,,,,Y,,A,01,0,0,1,0,0,0,0,0,0,"- ","- ",38.853130340576172,-121.14536285400391,PLACER,UNINCORPORATED,-121.14533233642578,38.853092193603516
91409985,2021,2021-02-17,9220,2021-02-10,1740,017375,,3,2,5,3105,0,1,1,,2,281,"I-80 W/B","DOUGLAS BLVD",2640.00,W,N,A,-,Y,,,80,,,,,,W,Y,4,0,1,3,A,-,03,22350,,N,C,C,A,A,H,-,A,D,0,,,,,Y,,A,01,0,0,1,0,0,0,0,0,0,"- ","- ",38.737228393554688,-121.27700042724609,PLACER,ROSEVILLE,-121.27696990966797,38.737194061279297
91410337,2021,2021-02-17,9221,2021-02-14,1445,018213,,7,2,9,3100,0,1,1,,2,386,"EMIGRANT GAP VISTA POINT","I-80 W/B",55.00,N,N,B,-,Y,,,,,,,,,,N,4,0,1,2,A,-,21,22106,,F,G,B,E,B,H,-,A,D,0,Y,,,,Y,,D,22,0,0,1,0,1,0,0,0,0,"- ","- ",39.299041748046875,-120.67298889160156,PLACER,UNINCORPORATED,-120.66279602050781,39.301280975341797
91410970,2021,2021-02-18,9220,2021-02-08,0750,016401,,1,1,4,3104,0,3,5,,2,010,"WATT AVE","PFE RD",15.00,S,N,A,-,N,,,,,,,,,,Y,4,0,1,4,A,-,03,22350,,N,C,C,A,A,H,-,A,A,0,,,,,Y,,A,01,0,0,1,0,0,0,0,0,0,"- ","- ",38.728748321533203,-121.39247894287109,PLACER,ROCKLIN,-121.39247894287109,38.728839874267578
91411688,2021,2021-02-19,9220,2021-02-12,1403,019148,,5,2,5,3105,0,1,3,,1,265,"SR-65 N/B","PLEASANT GROVE BLVD",2112.00,S,N,A,-,Y,,,65,,,,,,N,N,4,0,1,2,A,-,03,22350,,N,C,C,A,A,H,-,A,D,0,,,,Y,Y,,F,26,0,0,1,0,0,0,0,0,0,"- ","- ",38.783580780029297,-121.27787017822266,PLACER,ROSEVILLE,-121.27787780761719,38.783557891845703
91412579,2021,2021-02-22,9220,2021-02-15,1020,016555,,1,1,9,3100,0,1,S,,2,059,SR-49,"NORTH FORK AMERICAN RIVER BRIDGE",5808.00,N,N,B,C,Y,,,49,,,,,,,Y,4,0,1,2,A,-,03,22350,,N,B,C,A,B,H,-,A,D,0,,,,,Y,,A,01,0,0,1,0,0,0,0,0,0,"- ","- ",38.906700134277344,-121.05255126953125,PLACER,UNINCORPORATED,-121.05274200439453,38.90679931640625
91412640,2021,2021-02-22,9220,2021-02-15,0235,017482,,1,3,9,3100,0,1,1,,2,282,"I-80 W/B","PENRYN RD",1262.00,E,N,B,C,Y,,,80,,,,,,W,Y,4,0,1,2,A,-,03,22350,,N,C,C,A,B,H,-,C,D,0,,,,,Y,Y,A,07,0,0,1,0,0,0,0,0,0,"- ","- ",38.836658477783203,-121.16548156738281,PLACER,UNINCORPORATED,-121.16548156738281,38.836662292480469
91413472,2021,2021-02-23,9220,2021-02-15,1545,15060,,1,2,5,3105,0,1,1,,2,281,"I-80 W/B","DOUGLAS BLVD",300.00,W,N,B,-,Y,,,80,,,,,,W,Y,4,0,2,2,A,-,07,21658,A,N,B,C,A,A,H,-,A,D,0,,,,,Y,,-,"- ",0,0,2,0,0,0,0,0,0,"- ","- ",38.743228912353516,-121.27137756347656,PLACER,ROSEVILLE,-121.27138519287109,38.743236541748047
91413477,2021,2021-02-23,9220,2021-02-15,2238,017482,,1,3,5,3105,0,1,3,,1,265,"SR-65 S/B","PLEASANT GROVE BLVD",2440.00,N,N,B,-,Y,,,65,,,,,,S,Y,3,0,1,1,A,-,08,22107,,N,E,I,A,A,H,-,C,D,0,,,,,Y,,A,01,0,1,0,0,0,0,0,0,0,"- ","- ",38.790248870849609,-121.29149627685547,PLACER,ROSEVILLE,-121.29153442382812,38.790191650390625
91414323,2021,2021-02-24,9220,2021-02-16,1722,016716,,2,2,9,3100,0,1,3,,1,249,"HWY 49","QUARTZ DR",0.00,,Y,A,-,Y,,,49,,,,,,,Y,4,0,2,2,A,-,12,21453,A,N,D,C,A,A,H,-,A,A,0,,,,,Y,,A,01,0,0,2,0,0,0,0,0,0,"- ","- ",38.947868347167969,-121.09896087646484,PLACER,UNINCORPORATED,-121.0989990234375,38.947853088378906
91414559,2021,2021-02-24,9220,2021-01-03,0745,016682,,7,1,9,3100,0,3,5,,2,030,"VIRGINIATOWN RD","DANIELS DR",16.00,W,N,A,-,N,,,,,,,,,,Y,2,0,2,1,A,-,08,22107,,N,E,I,A,A,H,-,A,D,0,,,,,Y,,A,01,2,0,0,0,0,0,0,0,0,"- ","- ",38.897441864013672,-121.24257659912109,PLACER,UNINCORPORATED,-121.24253845214844,38.897468566894531
91414711,2021,2021-02-24,9220,2021-01-24,0650,016682,,7,1,9,3100,0,1,3,,1,267,"SR-65 S/B","NICOLAUS RD",40.00,N,N,A,-,Y,,,65,,,,,,S,Y,4,0,2,1,A,-,01,23152,F,N,E,J,A,A,H,-,A,D,0,,,,,Y,,A,01,0,0,2,0,0,0,0,0,0,"- ","- ",38.897499084472656,-121.36879730224609,PLACER,UNINCORPORATED,-121.36837005615234,38.897590637207031
91415182,2021,2021-08-24,9220,2021-01-09,1145,016682,,6,1,9,3100,0,1,3,,1,265,"SR 65 N/B","PLEASANT GROVE BLVD",674.00,S,N,A,-,Y,,,,,,,,,,N,4,0,1,3,A,-,08,22107,,N,E,I,A,A,C,-,A,D,0,,,,,Y,,A,07,0,0,1,0,0,0,0,0,0,"- ","- ",38.785549163818359,-121.28192138671875,PLACER,UNINCORPORATED,-121.28200531005859,38.785606384277344
91415424,2021,2021-02-25,9220,2021-02-03,0955,015272,,3,1,5,3105,0,1,3,,1,265,"SR-65 S/B","GALLERIA BLVD",2112.00,S,N,A,-,Y,,,65,,,,,,S,Y,4,0,1,1,A,-,01,23152,A,N,E,I,A,A,H,-,A,D,0,,,,,Y,Y,A,07,0,0,1,0,0,0,0,0,0,"- ","- ",38.773780822753906,-121.25824737548828,PLACER,ROSEVILLE,-121.25823211669922,38.773834228515625
91419126,2021,2021-03-02,9220,2021-02-22,0635,017534,,1,1,5,3105,0,1,3,,1,265,"STATE ROUTE 65, S/B FROM GALLERIA BLVD","GALLERIA BOULEVARD",515.00,S,N,A,-,Y,,,65,,,,R,,S,Y,4,0,1,2,A,-,03,22350,,N,C,C,A,A,H,-,A,A,0,,,Y,,Y,,A,07,0,0,1,0,0,0,0,0,1,"- ","- ",38.775588989257812,-121.26377868652344,PLACER,ROSEVILLE,-121.26377868652344,38.775588989257812
91420112,2021,2021-03-03,9221,2021-02-24,0235,016634,,3,3,9,3100,0,1,1,,2,388,"I-80 W/B","HAMPSHIRE ROCKS RD",528.00,W,N,A,-,Y,,,80,,,,,,W,Y,2,0,1,1,A,-,01,23152,A,N,E,J,A,A,H,-,C,D,0,,,,,Y,Y,A,01,1,0,0,0,0,0,0,0,0,"- ","- ",39.312221527099609,-120.5057373046875,PLACER,UNINCORPORATED,-120.50572967529297,39.312282562255859
91420621,2021,2021-03-04,9222,2021-02-27,1623,017907,,6,2,9,3100,0,1,3,,1,013,"SR-89 SOUTH (RIVER ROAD)","GOOSE MEADOWS",250.00,S,N,A,-,Y,,,89,,,,,,,Y,3,0,1,2,A,-,03,22350,,N,C,C,A,A,H,-,A,D,0,,,,,Y,,A,01,0,1,0,0,0,0,0,0,0,"- ","- ",39.256870269775391,-120.21176147460938,PLACER,UNINCORPORATED,-120.211669921875,39.256874084472656
91421471,2021,2021-03-05,9220,2021-02-27,2130,015197,,6,2,9,3100,0,1,1,,2,282,"I-80 W/B",SR-193,1056.00,E,N,A,-,Y,,,80,,,,,,W,Y,4,0,1,2,A,-,03,22350,,F,C,C,A,A,H,-,A,D,0,,,,,Y,,A,07,0,0,1,0,0,0,0,0,0,"- ","- ",38.880180358886719,-121.11395263671875,PLACER,UNINCORPORATED,-121.11383819580078,38.879798889160156
91422246,2021,2021-03-08,9220,2021-02-23,2033,015961,,2,2,5,3105,0,1,3,,1,265,"SR-65 (S/B)","TAYLOR RD",785.00,N,N,A,-,Y,,,65,,,,,,,Y,4,0,3,2,A,-,07,21658,A,F,B,C,A,A,H,-,C,D,0,,,,,Y,,A,07,0,0,3,0,0,0,0,0,0,"- ","- ",38.772499084472656,-121.25330352783203,PLACER,ROSEVILLE,-121.25330352783203,38.772483825683594
91423587,2021,2021-03-09,9220,2021-03-05,1545,015197,,5,2,9,3100,0,1,1,,2,282,"I-80 E/B","GILARDI RD",1056.00,W,N,A,-,Y,,,80,,,,,,E,Y,4,0,2,3,A,-,03,22350,,N,C,C,A,A,H,-,A,D,0,,,,,Y,,A,01,0,0,2,0,0,0,0,0,0,"- ","- ",38.852828979492188,-121.14510345458984,PLACER,UNINCORPORATED,-121.14531707763672,38.853099822998047
91424628,2021,2021-03-10,9222,2021-03-02,1752,018315,,2,2,9,3100,0,1,3,,1,011,SR-89S,"SQUAW VALLEY RD.",15840.00,N,N,A,-,Y,,,89,,,,,,,Y,3,0,1,1,A,-,01,23152,F,N,E,J,A,A,H,-,B,D,0,,,,,Y,,A,01,0,1,0,0,0,0,0,0,0,"- ","- ",39.240619659423828,-120.20953369140625,PLACER,UNINCORPORATED,-120.20954132080078,39.240615844726562
91425027,2021,2021-03-11,9220,2021-03-02,1145,013975,,2,1,9,3100,0,1,1,,2,282,"INTERSTATE 80 W/B","SIERRA COLLEGE BLVD",950.00,E,N,A,-,Y,,,,,,,,,,Y,4,0,1,2,A,-,07,21658,A,N,B,C,A,A,H,-,A,D,0,,,,Y,Y,,A,01,0,0,1,0,0,0,0,0,0,"- ","- ",38.808601379394531,-121.19879913330078,PLACER,UNINCORPORATED,-121.20315551757812,38.805011749267578
91425908,2021,2021-03-12,9220,2021-03-05,1440,015197,,5,2,9,3100,0,2,4,,2,075,"TAYLOR RD","KENTUCKY GREENS WAY",2112.00,W,N,A,-,N,,,,,,,,,,Y,4,0,3,2,A,-,03,22350,,N,C,C,A,A,H,-,A,D,0,,,,,Y,,A,01,0,0,3,0,0,0,0,0,0,"- ","- ",38.868698120117188,-121.14698791503906,PLACER,UNINCORPORATED,-121.14564514160156,38.869785308837891
91426304,2021,2021-03-12,9220,2021-03-09,2020,013465,,2,2,9,3100,0,3,5,,2,010,"ATHENS AVE","FIDDYMENT RD",24.00,E,N,B,-,N,,,,,,,,,,Y,2,0,1,2,A,-,01,23152,A,N,C,C,A,B,H,-,D,A,0,,,,,Y,Y,D,22,1,0,0,0,0,0,0,0,0,"- ","- ",38.838909149169922,-121.34928894042969,PLACER,UNINCORPORATED,-121.34931945800781,38.838890075683594
91426478,2021,2021-03-12,9220,2021-03-10,1800,015197,,3,2,5,3105,0,1,1,,2,281,"I-80 W/B","CIRBY WAY",1056.00,E,N,C,-,Y,,,,,,,,,,Y,4,0,1,3,A,-,03,22350,,N,C,C,A,A,H,-,D,D,0,,,,,Y,,A,07,0,0,1,0,0,0,0,0,0,"- ","- ",38.732109069824219,-121.28028106689453,PLACER,ROSEVILLE,-121.28524780273438,38.729591369628906
91427509,2021,2021-03-15,9222,2021-03-08,1023,019452,,1,1,9,3100,0,1,3,,2,012,"SR-89 S/B","ALPINE MEADOWS RD",8131.00,S,N,D,-,Y,,,89,,,,,,S,Y,4,0,1,1,A,-,03,22350,,N,E,I,A,B,H,-,A,D,0,,,,,Y,,A,01,0,0,1,0,0,0,0,0,0,"- ","- ",39.167228698730469,-120.18228912353516,PLACER,UNINCORPORATED,-120.18227386474609,39.167285919189453
91427585,2021,2021-03-15,9220,2021-03-08,1507,015961,,1,2,5,3105,0,1,1,,2,281,"I-80 (W/B) TO DOUGLAS BLVD","DOUGLAS BLVD",30.00,E,N,A,-,Y,,,80,,,,R,,,N,4,0,1,2,A,-,21,22106,,N,C,C,A,A,H,-,A,A,0,,,,,Y,,A,07,0,0,1,0,0,0,0,0,0,"- ","- ",38.744098663330078,-121.27249908447266,PLACER,ROSEVILLE,-121.27249908447266,38.744098663330078
91432073,2021,2021-03-22,9220,2021-03-14,1850,017863,,7,2,9,3100,0,2,4,,1,013,"WALERGA RD.","PFE RD",75.00,S,N,B,-,N,,,,,,,,,,N,4,0,1,3,A,-,03,22350,,N,C,C,A,A,H,-,A,A,0,,,,,Y,,A,08,0,0,1,0,0,0,0,0,0,"- ","- ",38.728519439697266,-121.36457824707031,PLACER,UNINCORPORATED,-121.36463928222656,38.728603363037109
91432268,2021,2021-03-22,9220,2021-03-20,2100,017863,,6,2,9,3100,0,2,4,,2,066,"MOSQUITO RIDGE RD","GORMAN RANCH RD",10560.00,S,N,A,-,N,,,,,,,,,,N,3,0,1,1,A,-,08,22107,,N,F,A,A,B,H,-,D,D,0,,,,,Y,,D,22,0,1,0,0,0,0,0,0,0,"- ","- ",39.019771575927734,-120.73005676269531,PLACER,UNINCORPORATED,-120.75507354736328,39.012599945068359
91434953,2021,2021-03-25,9220,2021-03-06,0025,016685,,6,3,2,3103,0,3,5,,2,010,"ATHENS AVENUE","THUNDER VALLEY COURT",50.00,E,N,B,-,N,,,,,,,,,,N,3,0,1,2,A,-,01,23152,A,F,C,C,A,A,H,-,C,A,0,,,,,Y,Y,A,01,0,1,0,0,0,0,0,0,0,"- ","- ",38.83905029296875,-121.31144714355469,PLACER,LINCOLN,-121.31155395507812,38.839057922363281
91435119,2021,2021-03-25,9220,2021-03-24,1530,015961,,3,2,5,3105,0,1,1,,2,281,"I-80 (E/B) TO SR-65 (N/B)","SR-65 O/C",200.00,W,N,A,-,Y,,,80,,,,R,,,N,4,0,1,2,A,-,03,22350,,N,C,C,A,A,H,-,A,D,0,,,,,Y,,A,01,0,0,1,0,0,0,0,0,0,"- ","- ",38.769298553466797,-121.24929809570312,PLACER,ROSEVILLE,-121.24929809570312,38.769298553466797
91436987,2021,2021-03-26,9220,2021-03-12,1800,017027,,5,2,9,3100,0,2,4,,2,046,"BELL ROAD","CARTER CANYON RD",255.00,W,N,A,-,N,,,,,,,,,,Y,4,0,1,1,A,-,01,23152,A,N,E,I,A,A,H,-,A,D,0,,,,,Y,Y,A,01,0,0,1,0,0,0,0,0,0,"- ","- ",38.977439880371094,-121.13636779785156,PLACER,UNINCORPORATED,-121.13636779785156,38.977458953857422
91437091,2021,2021-03-26,9220,2021-03-13,1955,017482,,6,2,9,3100,0,2,4,,2,058,"DRY CREEK RD","MOUNTAIN SPRINGS RD",16.00,E,N,A,-,N,,,,,,,,,,Y,3,0,1,2,A,-,03,22350,,N,C,D,A,A,H,-,D,D,0,,,Y,,Y,Y,A,01,0,1,0,0,0,0,0,0,1,"- ","- ",38.960609436035156,-121.07485961914062,PLACER,UNINCORPORATED,-121.07488250732422,38.960590362548828
91438059,2021,2021-03-29,9220,2021-03-21,1910,15060,,7,2,9,3100,0,2,4,,2,026,"CAVITT STALLMAN RD","SHADOW OAKS LN",10.00,W,N,A,-,N,,,,,,,,,,Y,2,0,1,2,A,-,05,21460,A,N,C,C,A,A,H,-,D,D,0,,,Y,,Y,,C,02,1,0,0,0,0,0,0,0,1,"- ","- ",38.763111114501953,-121.20760345458984,PLACER,UNINCORPORATED,-121.20756530761719,38.763118743896484
91438456,2021,2021-03-29,9220,2021-03-21,2150,016031,,7,2,9,3100,0,1,1,,2,282,"I-80 E/B","KING RD",1056.00,E,N,A,-,Y,,,80,,,,,,E,Y,2,0,1,2,A,-,03,22350,,N,C,C,A,A,H,-,D,A,0,,,,Y,Y,,A,07,1,0,0,0,0,0,0,0,0,"- ","- ",38.827571868896484,-121.17597961425781,PLACER,UNINCORPORATED,-121.17597198486328,38.827560424804688
91438539,2021,2021-03-29,9220,2021-03-23,1435,016031,,2,2,9,3100,0,3,5,,2,030,"LINCOLN SHERIDAN HWY","W. WISE RD.",0.00,,Y,A,-,N,,,,,,,,,,Y,4,0,3,2,A,-,09,21802,A,N,D,C,A,A,H,-,A,D,0,,,,,Y,,A,01,0,0,3,0,0,0,0,0,0,"- ","- ",38.926509857177734,-121.33717346191406,PLACER,UNINCORPORATED,-121.33722686767578,38.926475524902344
91439001,2021,2021-03-30,9222,2021-03-25,2048,017907,,4,2,9,3100,0,1,3,,1,015,"SR-28 (NORTH LAKE BLVD)","BEACH STREET",120.00,E,N,B,-,Y,,,28,,,,,,,Y,3,0,2,2,A,-,01,23152,A,N,A,C,A,A,H,-,D,D,0,,,,,Y,Y,A,01,0,2,0,0,0,0,0,0,0,"- ","- ",39.238460540771484,-120.03558349609375,PLACER,UNINCORPORATED,-120.03556060791016,39.238513946533203
91439356,2021,2021-03-30,9220,2021-03-25,1805,015961,,4,2,4,3104,0,1,1,,2,281,"I-80 (W/B)","ROCKLIN RD U/C",5280.00,W,N,A,-,Y,,,,,,,,,,Y,4,0,1,3,A,-,03,22350,,N,C,C,A,A,H,-,A,D,0,,,,,Y,,A,01,0,0,1,0,0,0,0,0,0,"- ","- ",38.772098541259766,-121.12529754638672,PLACER,ROCKLIN,-121.22383117675781,38.787628173828125
91439526,2021,2021-03-30,9220,2021-03-26,2340,016391,,5,3,9,3100,0,3,5,,2,070,"TAYLOR ROAD","PENRYN ROAD",1320.00,W,N,A,-,N,,,,,,,,,,Y,3,0,1,1,A,-,08,22107,,N,E,J,A,A,H,-,D,D,0,,,,,Y,,A,01,0,1,0,0,0,0,0,0,0,"- ","- ",38.841098785400391,-121.17131805419922,PLACER,UNINCORPORATED,-121.17119598388672,38.841403961181641
91439564,2021,2021-03-30,9221,2021-03-20,1325,015950,,6,1,9,3100,0,1,1,,2,386,"I-80 WESTBOUND","CARPENTER FLAT ROAD",6336.00,E,N,D,-,Y,,,80,,,,,,W,Y,3,0,3,3,A,-,03,22350,,F,D,C,A,C,H,-,A,D,0,,,,Y,Y,,A,07,0,2,1,0,0,0,0,0,0,"- ","- ",39.309738159179688,-120.64073181152344,PLACER,UNINCORPORATED,-120.64070892333984,39.309703826904297
91439605,2021,2021-03-30,9221,2021-03-20,1326,015950,,6,1,9,3100,0,1,1,,2,386,"I-80 WESTBOUND","CARPENTER FLAT ROAD",6336.00,E,N,D,-,Y,,,80,,,,,,W,Y,2,0,1,4,A,-,03,22350,,N,C,C,A,C,H,-,A,D,0,,,,Y,Y,,E,22,1,0,0,0,0,0,0,0,0,"- ","- ",39.309738159179688,-120.64073181152344,PLACER,UNINCORPORATED,-120.64070892333984,39.309703826904297
91439635,2021,2021-03-30,9221,2021-03-20,1327,015950,,6,1,9,3100,0,1,1,,2,386,"I-80 WESTBOUND","CARPENTER FLAT ROAD",6336.00,E,N,D,-,Y,,,80,,,,,,W,Y,2,0,2,2,A,-,03,22350,,N,C,C,A,C,H,-,A,D,0,,,,,Y,,A,01,1,0,1,0,0,0,0,0,0,"- ","- ",39.309738159179688,-120.64073181152344,PLACER,UNINCORPORATED,-120.64070892333984,39.309703826904297