CASE_ID,ACCIDENT_YEAR,PROC_DATE,JURIS,COLLISION_DATE,COLLISION_TIME,OFFICER_ID,REPORTING_DISTRICT,DAY_OF_WEEK,CHP_SHIFT,POPULATION,CNTY_CITY_LOC,SPECIAL_COND,BEAT_TYPE,CHP_BEAT_TYPE,CITY_DIVISION_LAPD,CHP_BEAT_CLASS,BEAT_NUMBER,PRIMARY_RD,SECONDARY_RD,DISTANCE,DIRECTION,INTERSECTION,WEATHER_1,WEATHER_2,STATE_HWY_IND,CALTRANS_COUNTY,CALTRANS_DISTRICT,STATE_ROUTE,ROUTE_SUFFIX,POSTMILE_PREFIX,POSTMILE,LOCATION_TYPE,RAMP_INTERSECTION,SIDE_OF_HWY,TOW_AWAY,COLLISION_SEVERITY,NUMBER_KILLED,NUMBER_INJURED,PARTY_COUNT,PRIMARY_COLL_FACTOR,PCF_CODE_OF_VIOL,PCF_VIOL_CATEGORY,PCF_VIOLATION,PCF_VIOL_SUBSECTION,HIT_AND_RUN,TYPE_OF_COLLISION,MVIW,PED_ACTION,ROAD_SURFACE,ROAD_COND_1,ROAD_COND_2,LIGHTING,CONTROL_DEVICE,CHP_ROAD_TYPE,PEDESTRIAN_ACCIDENT,BICYCLE_ACCIDENT,MOTORCYCLE_ACCIDENT,TRUCK_ACCIDENT,NOT_PRIVATE_PROPERTY,ALCOHOL_INVOLVED,STWD_VEHTYPE_AT_FAULT,CHP_VEHTYPE_AT_FAULT,COUNT_SEVERE_INJ,COUNT_VISIBLE_INJ,COUNT_COMPLAINT_PAIN,COUNT_PED_KILLED,COUNT_PED_INJURED,COUNT_BICYCLIST_KILLED,COUNT_BICYCLIST_INJURED,COUNT_MC_KILLED,COUNT_MC_INJURED,PRIMARY_RAMP,SECONDARY_RAMP,LATITUDE,LONGITUDE,COUNTY,CITY,POINT_X,POINT_Y
91439682,2021,2021-03-30,9221,2021-03-20,1329,015950,,6,1,9,3100,0,1,1,,2,386,"I-80 WESTBOUND","CARPENTER FLAT ROAD",6336.00,E,N,D,-,Y,,,80,,,,,,W,Y,3,0,3,3,A,-,03,22350,,N,C,C,A,C,H,-,A,D,0,,,,Y,Y,,A,01,0,1,2,0,0,0,0,0,0,"- ","- ",39.309738159179688,-120.64073181152344,PLACER,UNINCORPORATED,-120.64070892333984,39.309703826904297
91439691,2021,2021-03-30,9221,2021-03-20,1330,015950,,6,1,9,3100,0,1,1,,2,386,"I-80 WESTBOUND","CARPENTER FLAT ROAD",6336.00,E,N,D,-,Y,,,80,,,,,,W,N,3,0,2,1,A,-,03,22350,,N,F,I,A,C,H,-,A,D,0,,,,,Y,,A,01,0,2,0,0,0,0,0,0,0,"- ","- ",39.309738159179688,-120.64073181152344,PLACER,UNINCORPORATED,-120.64070892333984,39.309703826904297
91440142,2021,2021-03-31,9221,2021-03-20,1324,018740,,6,1,9,3100,0,1,1,,2,386,"I-80 W/B","YUBA GAP",8448.00,W,N,D,-,Y,,,80,,,,,,W,Y,4,0,1,1,A,-,03,22350,,N,E,I,A,C,H,-,A,D,0,,,,,Y,,A,01,0,0,1,0,0,0,0,0,0,"- ","- ",39.309471130371094,-120.64131927490234,PLACER,UNINCORPORATED,-120.64128875732422,39.309406280517578
91441307,2021,2021-04-01,9220,2021-03-30,1614,019586,,2,2,9,3100,0,3,5,,2,030,"NICOLAUS RD","CRITTER CREEK RD",916.00,E,N,A,G,N,,,,,,,,,,Y,4,0,1,2,A,-,05,21650,,N,A,C,A,A,H,-,A,D,0,,,,,Y,,A,07,0,0,1,0,0,0,0,0,0,"- ","- ",38.534969329833984,-121.25473022460938,PLACER,UNINCORPORATED,-121.42983245849609,38.897182464599609
91442045,2021,2021-04-02,9220,2021-03-22,1800,016031,,1,2,9,3100,0,1,3,,1,249,"SR-49 S/B","MICHAEL LN",80.00,S,N,A,-,Y,,,49,,,,,,S,Y,3,0,2,5,A,-,01,23152,F,F,B,C,F,A,H,-,A,D,0,Y,,,,Y,,D,22,0,1,1,0,1,0,0,0,0,"- ","- ",38.960659027099609,-121.10279846191406,PLACER,UNINCORPORATED,-121.10276031494141,38.960674285888672
91442097,2021,2021-04-02,9220,2021-03-22,1500,013465,,1,2,2,3103,1,4,S,,2,901,"TWELVE BRIDGES DR","JOINER PKY",198.00,E,N,A,-,N,,,,,,,,,,N,4,0,1,2,A,-,03,22350,,N,C,C,A,A,H,-,A,D,0,,,,,Y,,H,65,0,0,1,0,0,0,0,0,0,"- ","- ",38.851348876953125,-121.28366088867188,PLACER,LINCOLN,-121.28392791748047,38.851325988769531
91442099,2021,2021-04-02,9221,2021-03-25,2030,017669,,4,2,9,3100,0,3,5,,2,070,"PLACER HILLS ROAD","CANA LANE",550.00,N,N,A,-,N,,,,,,,,,,Y,2,0,2,2,A,-,05,21460,A,N,A,C,A,A,H,-,D,D,0,,,,,Y,,D,22,1,1,0,0,0,0,0,0,0,"- ","- ",39.073478698730469,-120.97295379638672,PLACER,UNINCORPORATED,-120.97299194335938,39.073432922363281
91445007,2021,2021-04-07,9222,2021-04-01,1154,017091,,4,1,9,3100,0,1,3,,1,014,"STATE ROUTE 28","GROVE STREET",196.00,W,N,A,-,Y,,,28,,,,,,,N,4,0,2,2,A,-,08,22107,,N,D,C,A,A,H,-,A,D,0,,,,,Y,,D,22,0,0,2,0,0,0,0,0,0,"- ","- ",39.171699523925781,-120.14015960693359,PLACER,UNINCORPORATED,-120.14012145996094,39.171657562255859
91445997,2021,2021-04-08,9220,2021-04-03,1020,015961,,6,1,9,3100,0,3,5,,2,030,"NICHOLAS RD","CANAL RD",1162.00,W,N,A,-,N,,,,,,,,,,Y,3,0,2,2,A,-,08,22107,,N,B,C,A,A,H,-,A,D,0,,,,,Y,,D,22,0,1,1,0,0,0,0,0,0,"- ","- ",38.896999359130859,-121.418701171875,PLACER,UNINCORPORATED,,
91447130,2021,2021-04-09,9220,2021-03-16,0600,013975,,2,1,9,3100,0,1,3,,2,193,"STATE ROUTE 193","SIERRA COLLEGE BLVD",1889.00,E,N,A,-,Y,,,193,,,,,,,Y,4,0,2,2,A,-,03,22350,,N,E,J,A,A,H,-,D,D,0,,,,,Y,,A,01,0,0,2,0,0,0,0,0,0,"- ","- ",38.886501312255859,-121.23020172119141,PLACER,UNINCORPORATED,-121.23020172119141,38.886569976806641
91447873,2021,2021-04-12,9220,2021-03-31,2255,016657,,3,3,9,3100,0,1,1,,2,282,"I-80 E/B","KING RD",20.00,W,N,A,-,Y,,,,,,,,,,Y,4,0,1,2,A,-,01,23153,A,F,C,C,A,A,H,-,C,D,0,,,,,Y,Y,A,01,0,0,1,0,0,0,0,0,0,"- ","- ",38.817501068115234,-121.18802642822266,PLACER,UNINCORPORATED,-121.17888641357422,38.825149536132812
91448069,2021,2021-04-12,9220,2021-04-05,1310,014966,,1,1,9,3100,0,1,3,,1,249,"SR-49 S/B","LONE STAR RD",0.00,,Y,A,-,Y,,,49,,,,,,S,Y,3,0,3,2,A,-,09,21801,A,F,F,A,A,A,H,-,A,A,0,,,,,Y,,-,99,0,3,0,0,0,0,0,0,0,"- ","- ",38.996551513671875,-121.10901641845703,PLACER,UNINCORPORATED,-121.10903930664062,38.996562957763672
91448376,2021,2021-04-12,9220,2021-04-02,1340,013794,,5,1,9,3100,0,2,4,,2,062,"FORESTHILL ROAD","OLD AUBURN FORESTHILL ROAD",0.00,,Y,A,-,N,,,,,,,,,,Y,3,0,2,2,A,-,09,21802,A,N,D,C,A,A,H,-,A,A,0,,,,,Y,,A,07,0,2,0,0,0,0,0,0,0,"- ","- ",38.934131622314453,-121.00441741943359,PLACER,UNINCORPORATED,-121.0042724609375,38.934467315673828
91449009,2021,2021-04-13,9220,2021-04-05,1630,019040,,1,2,5,3105,0,1,1,,2,281,"ATLANTIC ST ON-RAMP TO I-80 W/B","ATLANTIC ST",200.00,W,N,A,-,Y,,,,,,,,,,N,4,0,2,4,A,-,03,22350,,N,C,C,A,A,H,-,A,A,0,,,,,Y,,A,01,0,0,2,0,0,0,0,0,0,"- ","- ",38.757400512695312,-121.26396942138672,PLACER,ROSEVILLE,-121.28194427490234,38.751415252685547
91449561,2021,2021-04-13,9220,2021-04-06,1050,015961,,2,1,9,3100,0,1,3,,1,265,"SR-65 (N/B) FROM SUNSET BLVD","SUNSET BLVD O/C",772.00,N,N,A,-,Y,,,65,,,,R,,,Y,4,0,1,2,A,-,03,22350,,N,C,C,A,A,H,-,A,A,0,,,,Y,Y,,A,08,0,0,1,0,0,0,0,0,0,"- ","- ",38.819499969482422,-121.29959869384766,PLACER,UNINCORPORATED,-121.29959869384766,38.819499969482422
91449634,2021,2021-04-13,9220,2021-04-07,0420,016657,,3,3,4,3104,0,1,3,,1,265,"SR-65 N/B","BLUE OAKS BLVD",1901.00,S,N,A,-,Y,,,,,,,,,,Y,4,0,1,1,A,-,08,22107,,N,E,I,A,A,H,-,C,D,0,,,,,Y,,A,07,0,0,1,0,0,0,0,0,0,"- ","- ",38.791450500488281,-121.29273223876953,PLACER,ROCKLIN,-121.29312133789062,38.791538238525391
91451111,2021,2021-04-15,9220,2021-04-06,1755,017027,,2,2,9,3100,0,1,3,,1,249,SR-49,"SHALE RIDGE ROAD",420.00,S,N,A,-,Y,,,49,,,,,,,N,3,0,1,2,A,-,09,21804,A,N,G,B,E,A,H,-,A,D,0,Y,,,,Y,,D,22,0,1,0,0,1,0,0,0,0,"- ","- ",38.951858520507812,-121.10030364990234,PLACER,UNINCORPORATED,-121.10042572021484,38.951835632324219
91451118,2021,2021-04-15,9220,2021-04-03,0930,013975,,6,1,9,3100,0,3,5,,2,070,"KING ROAD","VAL VERDE RD",2850.00,N,N,A,-,N,,,,,,,,,,N,3,0,1,1,A,-,03,22350,,N,H,H,A,A,H,-,A,D,0,,Y,,,Y,,L,04,0,1,0,0,0,0,1,0,0,"- ","- ",38.825401306152344,-121.158203125,PLACER,UNINCORPORATED,-121.16400909423828,38.825340270996094
91452478,2021,2021-04-16,9221,2021-04-09,1729,017979,,5,2,1,3102,0,2,S,,2,901,"S. CANYON WAY","ILLINOIS TOWN O/C",0.00,,Y,A,-,N,,,,,,,,,,Y,3,0,1,2,A,-,01,23152,A,N,D,C,A,A,H,-,A,D,0,,,,,Y,Y,A,01,0,1,0,0,0,0,0,0,0,"- ","- ",39.078208923339844,-120.95926666259766,PLACER,COLFAX,-120.95912170410156,39.078323364257812
91453075,2021,2021-04-19,9220,2021-04-10,1240,015961,,6,1,4,3104,0,1,1,,2,281,"I-80 (WB) FROM SIERRA COLLEGE BLVD (SB)","SIERRA COLLEGE BLVD O/C",910.00,W,N,A,-,Y,,,80,,,,R,,,Y,3,0,5,2,A,-,03,22350,,N,C,C,A,A,H,-,A,A,0,,,,,Y,,A,01,0,2,3,0,0,0,0,0,0,"- ","- ",38.801200866699219,-121.20790100097656,PLACER,ROCKLIN,-121.20790100097656,38.801200866699219
91453143,2021,2021-04-19,9220,2021-04-11,1800,15060,,7,2,5,3105,0,1,1,,2,281,"I-80 E/B TO RIVERSIDE AVE.","RIVERSIDE AVE.",200.00,E,N,A,-,Y,,,80,,,,R,,E,Y,3,0,2,1,A,-,08,22107,,N,F,A,A,A,H,-,A,D,0,,,,,Y,,A,07,0,1,1,0,0,0,0,0,0,"- ","- ",38.724590301513672,-121.28958129882812,PLACER,ROSEVILLE,-121.28958129882812,38.724590301513672
91453437,2021,2021-04-19,9220,2021-04-17,0539,015961,,6,3,2,3106,0,1,1,,2,282,"I-80 (W/B)","HORSESHOE BAR RD",1640.00,E,N,A,-,Y,,,80,,,,,,,Y,4,0,2,1,A,-,08,22107,,N,E,I,A,A,H,-,D,D,0,,,,,Y,,A,01,0,0,2,0,0,0,0,0,0,"- ","- ",38.819999694824219,-121.185302734375,PLACER,LOOMIS,-121.18529510498047,38.819992065429688
91454037,2021,2021-04-20,9222,2021-04-13,1550,018123,,2,2,9,3100,0,1,3,,1,015,SR-28,"ONYX ST",197.00,E,N,B,D,Y,,,28,,,,,,,Y,3,0,1,3,A,-,09,21804,A,N,D,C,A,C,H,-,A,D,0,,,,,Y,,A,07,0,1,0,0,0,0,0,0,0,"- ","- ",39.226898193359375,-120.07868194580078,PLACER,UNINCORPORATED,-120.07868194580078,39.226875305175781
91454463,2021,2021-04-20,9220,2021-04-17,1240,015197,,6,1,3,3101,0,1,1,,2,282,"I-80 E/B FROM SR-49",SR-49,50.00,E,N,A,-,Y,,,,,,,,,,Y,4,0,1,1,A,-,08,22107,,N,E,I,A,A,H,-,A,D,0,,,,,Y,,A,01,0,0,1,0,0,0,0,0,0,"- ","- ",38.900020599365234,-121.104736328125,PLACER,AUBURN,-121.07477569580078,38.900035858154297
91455027,2021,2021-04-21,9221,2021-04-18,2035,018530,,7,2,9,3100,0,1,3,,1,321,SR-20,"LAKE SPAULDING RD",2640.00,E,N,A,-,Y,,,,,,,,,,Y,3,0,1,1,A,-,08,22107,,N,E,I,A,A,H,-,D,D,0,,,,,Y,,A,07,0,1,0,0,0,0,0,0,0,"- ","- ",39.319301605224609,-120.62500762939453,PLACER,UNINCORPORATED,-120.63084411621094,39.317001342773438
91455448,2021,2021-04-21,9220,2021-04-12,1245,013794,,1,1,9,3100,0,3,5,,2,050,"PONDEROSA WAY","AURORA NOVA COURT",186.00,E,N,A,-,N,,,,,,,,,,Y,3,0,1,1,A,-,01,23152,A,N,E,I,A,A,H,-,A,D,0,,,,,Y,Y,D,22,0,1,0,0,0,0,0,0,0,"- ","- ",39.031509399414062,-120.96795654296875,PLACER,UNINCORPORATED,-120.96849822998047,39.031322479248047
91455891,2021,2021-04-22,9220,2021-04-17,0932,015272,,6,1,9,3100,0,3,5,,2,010,"N. FOOTHILLS BLVD S/B","SUNSET BLVD",2640.00,N,N,A,-,N,,,,,,,,,,Y,4,0,1,1,A,-,01,23152,A,N,E,I,A,A,H,-,A,D,0,,,,,Y,Y,A,01,0,0,1,0,0,0,0,0,0,"- ","- ",38.123451232910156,-121.12345123291016,PLACER,UNINCORPORATED,-121.32344818115234,38.824504852294922
91456084,2021,2021-04-22,9220,2021-04-19,1258,014370,,1,1,9,3100,0,2,4,,2,042,"MOUNT VERNON RD","LITTLE HILL RD",310.00,N,N,A,-,N,,,,,,,,,,N,2,0,1,1,A,-,08,22107,,N,E,I,A,A,H,-,A,D,0,,Y,,,Y,,L,04,1,0,0,0,0,0,1,0,0,"- ","- ",38.946170806884766,-121.16311645507812,PLACER,UNINCORPORATED,-121.16310882568359,38.946037292480469
91457333,2021,2021-04-23,9220,2021-04-03,1120,013975,,6,1,9,3100,0,2,4,,2,064,"OLD FORESTHILL RD","FORRESTHILL ROAD",5280.00,S,N,A,-,N,,,,,,,,,,N,3,0,1,1,A,-,08,22107,,N,E,H,A,A,H,-,A,D,0,,,Y,,Y,,C,02,0,1,0,0,0,0,0,0,1,"- ","- ",38.927600860595703,-121.01110076904297,PLACER,UNINCORPORATED,,
91458246,2021,2021-04-26,9220,2021-04-14,1805,016682,,3,2,9,3100,0,1,1,,2,281,"I-80 W/B","TAYLOR RD",75.00,E,N,A,-,Y,,,,,,,,,,Y,4,0,1,2,A,-,01,23152,F,N,E,I,A,A,H,-,A,D,0,,,,,Y,,A,01,0,0,1,0,0,0,0,0,0,"- ","- ",38.765739440917969,-121.25566864013672,PLACER,UNINCORPORATED,-121.25596618652344,38.765537261962891
91458350,2021,2021-04-26,9220,2021-04-15,1733,016682,,4,2,9,3100,0,3,5,,2,020,"DOUGLAS BLVD","CHRISTY LN",0.00,,Y,A,-,N,,,,,,,,,,N,4,0,1,3,A,-,09,21802,A,N,D,C,A,A,H,-,A,A,0,,,,,Y,,A,01,0,0,1,0,0,0,0,0,0,"- ","- ",38.743488311767578,-121.17479705810547,PLACER,UNINCORPORATED,-121.17478942871094,38.743488311767578
91458434,2021,2021-04-26,9220,2021-04-12,0530,015917,,1,3,9,3100,0,1,1,,2,281,"I-80 WESTBOUND","ATLANTIC ST",300.00,W,N,A,-,Y,,,,,,,,,,Y,4,0,1,2,A,-,07,21658,A,N,C,C,A,A,H,-,C,D,0,,,,Y,Y,,D,22,0,0,1,0,0,0,0,0,0,"- ","- ",38.754829406738281,-121.26384735107422,PLACER,UNINCORPORATED,,
91459391,2021,2021-05-27,9220,2021-04-22,1610,017383,,4,2,9,3100,0,2,4,,2,064,"FORESTHILL ROAD","HAPPY PINES DRIVE",0.00,,Y,A,-,N,,,,,,,,,,Y,4,0,1,2,A,-,09,21802,A,N,D,C,A,A,H,-,A,A,0,,,,,Y,,A,01,0,0,1,0,0,0,0,0,0,"- ","- ",39.001510620117188,-120.89057922363281,PLACER,UNINCORPORATED,-120.89056396484375,39.001499176025391
91463246,2021,2021-04-30,9220,2021-04-20,1530,016682,,2,2,9,3100,0,2,4,,2,046,"BELL RD","QUARTZ DR",425.00,E,N,A,-,N,,,,,,,,,,N,4,0,2,2,A,-,09,21801,A,N,D,C,A,A,H,-,A,D,0,,,,,Y,,D,22,0,0,2,0,0,0,0,0,0,"- ","- ",38.942539215087891,-121.09264373779297,PLACER,UNINCORPORATED,-121.09279632568359,38.942428588867188
91463401,2021,2021-04-30,9220,2021-04-28,1158,014370,,3,1,9,3100,0,1,3,,1,249,"SR-49 (GRASS VALLEY HWY)","EDUCATION ST",0.00,,Y,A,-,Y,,,49,,,,,,,N,4,0,1,3,A,-,03,22350,,N,C,C,A,A,H,-,A,A,0,,,,,Y,,D,22,0,0,1,0,0,0,0,0,0,"- ","- ",38.944381713867188,-121.09783935546875,PLACER,UNINCORPORATED,-121.09784698486328,38.944377899169922
91464381,2021,2021-05-03,9220,2021-04-29,2152,016031,,4,2,9,3100,0,1,1,,2,282,"I-80 E/B","PENRYN RD",3168.00,E,N,A,-,Y,,,80,,,,,,E,Y,3,0,1,2,A,-,03,22350,,N,C,C,A,A,H,-,D,D,0,,,,,Y,,A,01,0,1,0,0,0,0,0,0,0,"- ","- ",38.840488433837891,-121.16066741943359,PLACER,UNINCORPORATED,-121.16064453125,38.840457916259766
91465401,2021,2021-05-04,9220,2021-04-24,1105,015272,,6,1,9,3100,0,2,4,,1,011,"WATT AVE","PFE RD",107.00,N,N,A,-,N,,,,,,,,,,Y,4,0,1,4,A,-,03,22350,,N,C,C,A,A,H,-,A,D,0,,,,,Y,,A,07,0,0,1,0,0,0,0,0,0,"- ","- ",38.123451232910156,-121.12345123291016,PLACER,UNINCORPORATED,-121.39248657226562,38.729175567626953
91465579,2021,2021-05-04,9220,2021-04-28,0004,016685,,3,3,5,3105,0,1,1,,2,281,"I-80 E/B","RIVERSIDE AVENUE",1320.00,E,N,A,-,Y,,,,,,,,,,Y,2,0,1,1,A,-,01,23152,A,N,E,I,A,A,H,-,D,D,0,,,,,Y,Y,A,01,1,0,0,0,0,0,0,0,0,"- ","- ",,,PLACER,ROSEVILLE,-121.290283203125,38.724815368652344
91465603,2021,2021-05-04,9220,2021-04-29,1620,15060,,4,2,9,3100,0,2,4,,2,022,"DOUGLAS BLVD.","MHP ROAD",0.00,,Y,A,-,N,,,,,,,,,,Y,3,0,1,1,A,-,01,23152,A,N,E,I,A,A,H,-,A,D,0,,,Y,,Y,Y,C,02,0,1,0,0,0,0,0,0,1,"- ","- ",38.743679046630859,-121.17501831054688,PLACER,UNINCORPORATED,,
91468850,2021,2021-05-10,9220,2021-04-30,2000,019040,,5,2,9,3100,0,2,4,,2,064,"FORESTHILL RD","SPRING GARDEN RD",100.00,W,N,A,-,N,,,,,,,,,,N,3,0,1,1,A,-,08,22107,,N,F,A,A,A,H,-,D,D,0,,,Y,,Y,,C,02,0,1,0,0,0,0,0,0,1,"- ","- ",39.001399993896484,-120.97064208984375,PLACER,UNINCORPORATED,-120.90764617919922,39.001346588134766
91468889,2021,2021-05-10,9220,2021-05-03,1445,017027,,1,2,9,3100,0,2,4,,2,056,"BELL ROAD","QUARTZ DR",0.00,,Y,A,-,N,,,,,,,,,,Y,2,0,3,4,A,-,08,22107,,N,B,C,A,A,H,-,A,A,0,,,,,Y,,A,01,1,1,1,0,0,0,0,0,0,"- ","- ",38.942401885986328,-121.09427642822266,PLACER,UNINCORPORATED,-121.09429168701172,38.942386627197266
91469041,2021,2021-05-10,9220,2021-04-27,0610,015917,,2,1,5,3105,0,1,1,,2,281,"I-80 WESTBOUND",SR-65,800.00,E,N,B,-,Y,,,80,,,,,,W,Y,4,0,1,1,A,-,01,23152,A,N,E,I,A,A,H,-,A,D,0,,,,,Y,Y,A,01,0,0,1,0,0,0,0,0,0,"- ","- ",38.77178955078125,-121.24568176269531,PLACER,ROSEVILLE,-121.2457275390625,38.771869659423828
91470034,2021,2021-05-11,9220,2021-05-05,1650,15060,,3,2,9,3100,0,2,4,,2,022,"DOUGLAS BLVD","CHRISTY LN.",40.00,E,N,A,-,N,,,,,,,,,,Y,4,0,1,2,A,-,03,22350,,N,C,C,A,A,H,-,A,D,0,,,,,Y,,D,22,0,0,1,0,0,0,0,0,0,"- ","- ",38.743450164794922,-121.1744384765625,PLACER,UNINCORPORATED,-121.17465209960938,38.743488311767578
91470166,2021,2021-05-27,9220,2021-05-07,2225,019148,,5,3,4,3104,0,1,3,,1,265,"SR-65 S/B","WHITNEY RANCH PKWY",1056.00,N,N,A,-,Y,,,65,,,,,,S,Y,4,0,1,1,A,-,08,22107,,N,E,8,A,A,H,-,D,D,0,,,,,Y,,A,01,0,0,1,0,0,0,0,0,0,"- ","- ",38.834030151367188,-121.30020141601562,PLACER,ROCKLIN,-121.30015563964844,38.834030151367188
91470471,2021,2021-05-27,9220,2021-05-10,1410,017027,,1,2,9,3100,0,1,3,,1,249,SR-49,"EDUCATION STREET",40.00,S,N,A,-,Y,,,49,,,,,,,Y,3,0,3,2,A,-,03,22350,,N,C,C,A,A,D,-,A,A,0,,,,,Y,,A,01,0,3,0,0,0,0,0,0,0,"- ","- ",38.944179534912109,-121.09774017333984,PLACER,UNINCORPORATED,-121.09778594970703,38.944168090820312
91470994,2021,2021-05-12,9220,2021-05-06,0855,016581,,4,1,5,3105,0,1,1,,2,281,"I-80 E/B","DOUGLAS BLVD",1320.00,W,N,A,-,Y,,,80,,,,,,E,Y,3,0,2,2,A,-,07,21658,A,N,D,C,A,A,H,-,A,D,0,,,,,Y,,A,01,0,2,0,0,0,0,0,0,0,"- ","- ",38.741539001464844,-121.27243041992188,PLACER,ROSEVILLE,-121.27235412597656,38.741481781005859
91471036,2021,2021-05-12,9220,2021-05-08,1901,017863,,6,2,9,3100,0,2,4,,2,072,"WISE RD.","DOTY CREEK",630.00,W,N,A,-,N,,,,,,,,,,Y,2,0,3,2,A,-,01,23152,A,N,D,C,A,A,H,-,A,A,0,,,,,Y,Y,D,22,1,2,0,0,0,0,0,0,0,"- ","- ",38.930381774902344,-121.21877288818359,PLACER,UNINCORPORATED,,
91476837,2021,2021-05-19,9220,2021-02-14,1603,017027,,7,2,9,3100,0,2,4,,2,064,"FORESTHILL ROAD","HAPPY PINES DR",520.00,W,N,B,C,N,,,,,,,,,,Y,1,1,0,2,C,-,18,,,N,H,A,A,B,H,-,A,D,0,,,,,Y,,-,"- ",0,0,0,0,0,0,0,0,0,"- ","- ",39.001411437988281,-120.89246368408203,PLACER,UNINCORPORATED,-120.89238739013672,39.001449584960938
91477861,2021,2021-05-27,9221,2021-05-05,2325,018624,,3,3,9,3100,0,1,1,,2,385,"EASTBOUND I-80","ALTA BONNYNOOK RD",1500.00,E,N,A,-,Y,,,80,,,,,,,Y,2,0,1,2,A,-,01,23152,A,M,D,C,A,A,H,-,D,D,0,,,,Y,Y,Y,A,01,1,0,0,0,0,0,0,0,0,"- ","- ",39.203029632568359,-120.80172729492188,PLACER,UNINCORPORATED,-120.80173492431641,39.203014373779297
91477875,2021,2021-05-27,9221,2021-05-18,1215,017125,,2,1,9,3100,0,1,3,,1,374,SR-174,"WHITE OAK DRIVE",400.00,N,N,A,-,Y,,,174,,,,,,,Y,3,0,4,2,A,-,08,22107,,N,D,C,A,A,H,-,A,D,0,,,,,Y,,A,01,0,1,3,0,0,0,0,0,0,"- ","- ",39.125091552734375,-120.95752716064453,PLACER,UNINCORPORATED,-120.95751953125,39.125072479248047
91478899,2021,2021-05-27,9221,2021-05-19,1445,017881,,3,2,9,3100,0,3,5,,2,070,"BEN TAYLOR RD","SUNRAY LN",194.00,N,N,A,-,N,,,,,,,,,,Y,4,0,2,2,A,-,05,21651,A,N,A,C,A,A,H,-,A,D,0,,,,,Y,,A,07,0,0,2,0,0,0,0,0,0,"- ","- ",39.107719421386719,-120.96498870849609,PLACER,UNINCORPORATED,-120.96347808837891,39.108642578125
91480807,2021,2021-05-27,9222,2021-05-23,2125,018123,,7,2,9,3100,0,1,3,,1,011,SR-89S,"BRIDGE 9",2274.00,N,N,A,-,Y,,,89,,,,,,,Y,3,0,1,1,A,-,08,22107,,N,E,I,A,A,H,-,D,D,0,,,,,Y,,A,01,0,1,0,0,0,0,0,0,0,"- ","- ",39.243980407714844,-120.21040344238281,PLACER,UNINCORPORATED,-120.21060943603516,39.243900299072266
91480872,2021,2021-05-25,9220,2021-05-09,0655,015917,,7,1,9,3100,0,3,5,,2,070,"LAIRD RD","FRANKLIN SCHOOL RD",22.00,N,N,A,-,N,,,,,,,,,,Y,3,0,1,1,A,-,08,22107,,N,D,I,A,A,H,-,B,D,0,,,,,Y,Y,A,01,0,1,0,0,0,0,0,0,0,"- ","- ",38.788768768310547,-121.16956329345703,PLACER,UNINCORPORATED,-121.16976165771484,38.788780212402344
91480881,2021,2021-05-25,9220,2021-05-15,0041,017863,,6,3,9,3100,0,1,1,,2,282,"I-80 W/B","BRACE RD. OVERCROSSING",225.00,E,N,A,-,Y,,,,,,,,,,Y,3,0,1,1,A,-,01,23152,A,N,E,I,A,A,H,-,D,D,0,,,,,Y,Y,A,01,0,1,0,0,0,0,0,0,0,"- ","- ",38.810081481933594,-121.19647216796875,PLACER,UNINCORPORATED,-121.19618225097656,38.810863494873047
91480965,2021,2021-05-27,9220,2021-05-14,1655,015060,,5,2,5,3105,0,1,1,,2,281,I-80,"DOUGLAS BLVD.",1500.00,E,N,A,-,Y,,,80,,,,,,,Y,4,0,2,3,A,-,03,22350,,N,C,C,A,A,H,-,A,D,0,,,Y,,Y,Y,A,08,0,0,2,0,0,0,0,0,1,"- ","- ",38.747768402099609,-121.26850128173828,PLACER,ROSEVILLE,-121.26846313476562,38.74774169921875
91481898,2021,2021-05-27,9220,2021-05-16,0122,019148,,7,3,2,3103,0,1,3,,1,265,"SR-65 N/B TO LINCOLN BLVD.","LINCOLN BLVD.",375.00,S,N,B,C,Y,,,65,,,,R,,N,Y,2,0,1,1,A,-,01,23152,A,N,E,I,A,A,H,-,D,D,0,,,Y,,Y,Y,C,02,1,0,0,0,0,0,0,0,1,"- ","- ",38.864841461181641,-121.29991912841797,PLACER,LINCOLN,-121.29991912841797,38.864841461181641