CASE_ID,ACCIDENT_YEAR,PROC_DATE,JURIS,COLLISION_DATE,COLLISION_TIME,OFFICER_ID,REPORTING_DISTRICT,DAY_OF_WEEK,CHP_SHIFT,POPULATION,CNTY_CITY_LOC,SPECIAL_COND,BEAT_TYPE,CHP_BEAT_TYPE,CITY_DIVISION_LAPD,CHP_BEAT_CLASS,BEAT_NUMBER,PRIMARY_RD,SECONDARY_RD,DISTANCE,DIRECTION,INTERSECTION,WEATHER_1,WEATHER_2,STATE_HWY_IND,CALTRANS_COUNTY,CALTRANS_DISTRICT,STATE_ROUTE,ROUTE_SUFFIX,POSTMILE_PREFIX,POSTMILE,LOCATION_TYPE,RAMP_INTERSECTION,SIDE_OF_HWY,TOW_AWAY,COLLISION_SEVERITY,NUMBER_KILLED,NUMBER_INJURED,PARTY_COUNT,PRIMARY_COLL_FACTOR,PCF_CODE_OF_VIOL,PCF_VIOL_CATEGORY,PCF_VIOLATION,PCF_VIOL_SUBSECTION,HIT_AND_RUN,TYPE_OF_COLLISION,MVIW,PED_ACTION,ROAD_SURFACE,ROAD_COND_1,ROAD_COND_2,LIGHTING,CONTROL_DEVICE,CHP_ROAD_TYPE,PEDESTRIAN_ACCIDENT,BICYCLE_ACCIDENT,MOTORCYCLE_ACCIDENT,TRUCK_ACCIDENT,NOT_PRIVATE_PROPERTY,ALCOHOL_INVOLVED,STWD_VEHTYPE_AT_FAULT,CHP_VEHTYPE_AT_FAULT,COUNT_SEVERE_INJ,COUNT_VISIBLE_INJ,COUNT_COMPLAINT_PAIN,COUNT_PED_KILLED,COUNT_PED_INJURED,COUNT_BICYCLIST_KILLED,COUNT_BICYCLIST_INJURED,COUNT_MC_KILLED,COUNT_MC_INJURED,PRIMARY_RAMP,SECONDARY_RAMP,LATITUDE,LONGITUDE,COUNTY,CITY,POINT_X,POINT_Y
91481969,2021,2021-05-27,9220,2021-05-18,1000,015197,,2,1,9,3100,0,3,5,,2,020,"CAVITT STALLMAN RD","BARTON RD",1720.64,E,N,A,-,N,,,,,,,,,,Y,3,0,1,2,A,-,05,21460,A,N,A,C,A,A,H,-,A,D,0,,,,Y,Y,,A,01,0,1,0,0,0,0,0,0,0,"- ","- ",38.766891479492188,-121.18563842773438,PLACER,UNINCORPORATED,-121.18588256835938,38.766891479492188
91482050,2021,2021-05-27,9220,2021-05-20,1400,017863,,4,2,9,3100,0,2,4,,2,057,"BOWMAN RD.","LUTHER RD.",0.00,,Y,A,-,N,,,,,,,,,,Y,3,0,2,2,A,-,09,21801,A,N,A,C,A,A,H,-,A,A,0,,,,,Y,,A,01,0,2,0,0,0,0,0,0,0,"- ","- ",38.927951812744141,-121.05654144287109,PLACER,UNINCORPORATED,-121.05651092529297,38.927951812744141
91484814,2021,2021-05-28,9220,2021-05-15,0330,016657,,6,3,9,3100,0,1,3,,1,267,SR-65,"LEVEE RD",464.00,N,N,A,-,Y,,,65,,,,,,,Y,2,0,2,1,A,-,01,23153,A,N,F,A,A,A,H,-,D,D,0,,,,,Y,Y,A,07,2,0,0,0,0,0,0,0,0,"- ","- ",38.998600006103516,-121.40413665771484,PLACER,UNINCORPORATED,-121.40416717529297,38.998558044433594
91485197,2021,2021-05-28,9220,2021-05-22,1320,015961,,6,1,9,3100,0,1,3,,2,293,SR-193,"WHITTINGTON DR",730.00,E,N,A,-,Y,,,193,,,,,,,Y,2,0,1,1,C,-,18,,,N,H,H,A,A,H,-,A,D,0,,,Y,,Y,,-,"- ",1,0,0,0,0,0,0,0,1,"- ","- ",38.886501312255859,-121.17600250244141,PLACER,UNINCORPORATED,-121.17597198486328,38.886528015136719
91486508,2021,2021-06-01,9220,2021-05-18,0430,019040,,2,3,9,3100,0,3,5,,2,010,"ATHENS AVE","FIDDYMENT RD",0.00,,Y,A,-,N,,,,,,,,,,Y,4,0,1,1,A,-,03,22350,,N,E,I,A,A,H,-,D,A,0,,,,,Y,,A,01,0,0,1,0,0,0,0,0,0,"- ","- ",38.838939666748047,-121.34928894042969,PLACER,UNINCORPORATED,-121.34939575195312,38.838886260986328
91489456,2021,2021-06-04,9220,2021-05-28,2345,018768,,5,3,9,3100,0,1,1,,2,281,"INTERSTATE 80 (WESTBOUND)","DOUGLAS BLVD",1716.00,E,N,A,-,Y,,,,,,,,,,Y,4,0,1,2,A,-,01,23152,F,N,C,2,A,A,H,-,C,D,0,,,,,Y,,A,01,0,0,1,0,0,0,0,0,0,"- ","- ",38.748359680175781,-121.26811218261719,PLACER,UNINCORPORATED,-121.26815032958984,38.748245239257812
91489532,2021,2021-06-04,9220,2021-05-16,1100,015272,,7,1,9,3100,0,3,5,,2,030,"MCCOURTNEY RD","TODD RD",1176.00,N,N,A,-,N,,,,,,,,,,Y,3,0,1,1,A,-,08,22107,,N,E,I,A,A,H,-,A,D,0,,,,,Y,,D,22,0,1,0,0,0,0,0,0,0,"- ","- ",38.123458862304688,-121.12345886230469,PLACER,UNINCORPORATED,-121.27898406982422,38.908821105957031
91489538,2021,2021-06-04,9220,2021-05-15,0041,017375,,6,3,9,3100,0,1,1,,2,282,I-80,"BRACE ROAD",6.00,E,N,A,-,Y,,,,,,,,,,Y,2,0,1,2,A,-,01,23152,A,N,C,C,A,A,H,-,D,D,0,,,,Y,Y,Y,D,22,1,0,0,0,0,0,0,0,0,"- ","- ",38.810470581054688,-121.19670867919922,PLACER,UNINCORPORATED,-121.19670867919922,38.810420989990234
91490699,2021,2021-07-13,9220,2021-05-24,1850,017863,,1,2,9,3100,0,2,4,,2,064,"FORESTHILL RD.","ANDERSON RD",2640.00,N,N,A,-,N,,,,,,,,,,Y,2,0,1,1,A,-,01,23152,A,N,F,A,A,A,H,-,A,D,0,,,Y,,Y,Y,C,02,1,0,0,0,0,0,0,0,1,"- ","- ",39.060321807861328,-120.75647735595703,PLACER,UNINCORPORATED,-120.75624847412109,39.060741424560547
91490734,2021,2021-06-07,9220,2021-05-22,1900,015272,,6,2,9,3100,0,1,3,,1,265,"SR-65 S/B FROM BLUE OAKS BLVD","BLUE OAKS BLVD",723.00,S,N,A,-,Y,,,,,,,,,,Y,4,0,1,2,A,-,03,22350,,N,C,C,A,A,H,-,A,D,0,,,,,Y,,A,07,0,0,1,0,0,0,0,0,0,"- ","- ",38.123458862304688,-121.12345886230469,PLACER,UNINCORPORATED,-121.29610443115234,38.793899536132812
91490841,2021,2021-06-07,9220,2021-05-23,1120,015272,,7,1,5,3105,0,1,3,,1,265,"SR-65 S/B","PLEASANT GROVE BLVD",155.00,S,N,A,-,Y,,,,,,,,,,Y,4,0,1,3,A,-,03,22350,,N,C,C,A,A,H,-,A,D,0,,,,,Y,,A,07,0,0,1,0,0,0,0,0,0,"- ","- ",38.123458862304688,-121.12345886230469,PLACER,ROSEVILLE,-121.28367614746094,38.786201477050781
91491216,2021,2021-06-07,9220,2021-04-30,1725,017471,,5,2,5,3105,0,1,1,,2,281,"I-80 E/B","E ROSEVILLE PRKWY",100.00,W,N,A,-,Y,,,80,,,,,,E,Y,4,0,1,2,A,-,03,22350,,N,C,D,A,A,H,-,A,D,0,,,,Y,Y,,A,01,0,0,1,0,0,0,0,0,0,"- ","- ",38.762458801269531,-121.25836181640625,PLACER,ROSEVILLE,-121.25852966308594,38.762577056884766
91491278,2021,2021-06-07,9220,2021-05-25,1947,013997,,2,2,9,3100,0,3,5,,2,050,"BOWMAN UNDERCROSSING ROAD","I-80 W/B",0.00,,Y,A,-,Y,,,,,,,,,,Y,3,0,2,2,A,-,12,22450,A,N,D,2,A,A,H,-,A,A,0,,,,,Y,,A,01,0,2,0,0,0,0,0,0,0,"- ","- ",38.933021545410156,-121.05567932128906,PLACER,UNINCORPORATED,-121.05233764648438,38.938671112060547
91492963,2021,2021-06-09,9220,2021-05-28,2310,019148,,5,3,4,3104,0,1,1,,2,281,"I-80 W/B","ROCKLIN RD.",910.00,W,N,A,-,Y,,,80,,,,,,W,Y,2,0,2,2,A,-,01,23152,A,N,C,C,A,A,H,-,C,D,0,,,Y,,Y,Y,C,02,1,0,1,0,0,0,0,0,1,"- ","- ",38.786548614501953,-121.22506713867188,PLACER,ROCKLIN,-121.22509002685547,38.786571502685547
91494921,2021,2021-06-11,9220,2021-06-08,1600,018076,,2,2,9,3100,0,1,3,,1,265,"SR-65 NB TO STANFORD RANCH RD.","STANFORD RANCH RD",50.00,S,N,A,-,Y,,,,,,,,,,Y,4,0,2,2,A,-,08,22107,,N,E,I,A,A,H,-,A,D,0,,,,,Y,,A,01,0,0,2,0,0,0,0,0,0,"- ","- ",38.778388977050781,-121.26545715332031,PLACER,UNINCORPORATED,-121.26561737060547,38.777458190917969
91495073,2021,2021-06-11,9221,2021-06-05,1430,019565,,6,2,9,3100,0,1,1,,2,384,"I-80 W/B","UNION PACIFIC RAILROAD OVERCROSSING",1900.00,E,N,A,-,Y,,,80,,,,,,W,Y,2,0,1,2,A,-,07,21658,A,N,B,2,A,A,H,-,A,D,0,,,,,Y,,A,01,1,0,0,0,0,0,0,0,0,"- ","- ",39.128280639648438,-120.93737030029297,PLACER,UNINCORPORATED,-120.9373779296875,39.128280639648438
91495295,2021,2021-06-11,9221,2021-05-02,0440,019020,,7,3,9,3100,0,1,1,,2,386,"I-80 W/B","LAKE VALLEY ROAD",7700.00,W,N,A,-,Y,,,,,,,,,,Y,3,0,3,2,A,-,07,21658,A,N,B,C,A,A,H,-,D,D,0,,,,Y,Y,,A,01,0,3,0,0,0,0,0,0,0,"- ","- ",39.183670043945312,-120.38227081298828,PLACER,UNINCORPORATED,,
91496039,2021,2021-06-14,9222,2021-06-10,1730,019294,,4,2,9,3100,0,1,3,,1,016,"SR 267","TAHOE RIM TRAIL",35.00,N,N,A,-,Y,,,267,,,,,,,Y,3,0,1,2,A,-,09,21801,A,N,A,C,A,A,H,-,A,D,0,,,,,Y,,A,07,0,1,0,0,0,0,0,0,0,"- ","- ",39.258560180664062,-120.06450653076172,PLACER,UNINCORPORATED,-120.06450653076172,39.258556365966797
91496307,2021,2021-06-14,9220,2021-06-05,1245,017534,,6,1,9,3100,0,2,4,,2,062,"MOSHIRON DRIVE","FORESTHILL ROAD",0.00,,Y,A,-,N,,,,,,,,,,Y,2,0,1,2,A,-,09,21802,A,N,D,C,A,A,H,-,A,A,0,,,Y,,Y,,A,07,1,0,0,0,0,0,0,0,1,"- ","- ",38.9976806640625,-121.92008972167969,PLACER,UNINCORPORATED,-120.92013549804688,38.997711181640625
91496341,2021,2021-06-14,9220,2021-06-04,1630,015060,,5,2,5,3105,0,1,1,,2,281,I-80,"DOUGLAS BLVD.",2112.00,E,N,A,-,Y,,,,,,,,,,Y,3,0,2,2,A,-,01,23152,F,N,C,C,A,A,H,-,A,D,0,,,,,Y,,A,01,0,2,0,0,0,0,0,0,0,"- ","- ",38.479221343994141,-121.26750183105469,PLACER,ROSEVILLE,-121.26752471923828,38.749217987060547
91497547,2021,2021-06-15,9220,2021-05-29,2053,013997,,6,2,9,3100,0,1,3,,1,249,"SR-49 (GRASS VALLEY HIGHWAY)","BELL ROAD",0.00,,Y,A,-,Y,,,49,,,,,,,Y,3,0,3,2,A,-,09,21453,C,N,A,C,A,A,H,-,C,A,0,,,,,Y,,A,01,0,3,0,0,0,0,0,0,0,"- ","- ",38.941940307617188,-121.09678649902344,PLACER,UNINCORPORATED,-121.09705352783203,38.941864013671875
91498183,2021,2021-06-16,9222,2021-06-14,0913,019233,,1,1,9,3100,0,1,3,,1,016,SR-267,"N. NATIONAL AVE.",500.00,S,N,A,-,Y,,,267,,,,,,,Y,4,0,1,1,C,-,18,,,N,F,A,A,A,H,-,A,D,0,,,,,Y,,-,"- ",0,0,1,0,0,0,0,0,0,"- ","- ",39.254261016845703,-120.04192352294922,PLACER,UNINCORPORATED,-120.04190826416016,39.254280090332031
91498257,2021,2021-07-12,9220,2021-04-23,2045,15060,,5,2,5,3105,0,1,1,,2,281,"I-80 E/B","TAYLOR RD.",35.00,W,N,A,-,Y,,,80,,,,,,E,Y,1,1,0,2,A,-,01,23152,A,N,D,C,A,A,H,-,C,D,0,,,,Y,Y,Y,A,01,0,0,0,0,0,0,0,0,0,"- ","- ",38.765411376953125,-121.25560760498047,PLACER,ROSEVILLE,-121.25565338134766,38.765476226806641
91499679,2021,2021-06-17,9220,2021-06-05,1615,013997,,6,2,9,3100,0,1,1,,2,283,"I-80 WESTBOUND","APPLEGATE ROAD O/C (HEATHER GLEN)",2112.00,W,N,A,-,Y,,,80,,,,,,W,Y,3,0,1,2,A,-,07,21658,A,N,B,2,A,A,H,-,A,D,0,,,,,Y,,D,22,0,1,0,0,0,0,0,0,0,"- ","- ",39.015640258789062,-120.98841094970703,PLACER,UNINCORPORATED,-120.98846435546875,39.015697479248047
91500533,2021,2021-06-18,9220,2021-06-11,2135,016657,,5,2,9,3100,0,1,1,,2,281,"I-80 W/B TO EUREKA ROAD","ATLANTIC ST",423.00,E,N,A,-,Y,,,,,,,,,,Y,4,0,1,1,A,-,08,22107,,N,F,A,A,A,H,-,D,D,0,,,,,Y,,A,07,0,0,1,0,0,0,0,0,0,"- ","- ",38.756839752197266,-121.26383209228516,PLACER,UNINCORPORATED,,
91501282,2021,2021-06-21,9220,2021-06-11,1845,015060,,5,2,9,3100,0,1,1,,2,282,"I-80 E/B","OPHIR RD.",1584.00,W,N,A,-,Y,,,80,,,,,,E,Y,4,0,1,1,C,-,18,,,N,E,I,A,A,H,-,A,D,0,,,,,Y,,-,"- ",0,0,1,0,0,0,0,0,0,"- ","- ",38.890159606933594,-121.08821868896484,PLACER,UNINCORPORATED,-121.08824157714844,38.890193939208984
91501490,2021,2021-06-21,9221,2021-06-13,0230,018624,,7,3,9,3100,0,1,1,,2,385,"EASTBOUND I-80","SAWMILL ROAD O/C",2715.00,E,N,A,-,Y,,,,,,,,,,Y,3,0,1,1,A,-,08,22107,,N,E,I,A,A,H,-,D,D,0,,,,Y,Y,,G,25,0,1,0,0,0,0,0,0,0,"- ","- ",38.188301086425781,-120.8406982421875,PLACER,UNINCORPORATED,,
91501559,2021,2021-06-21,9220,2021-06-09,1522,013997,,3,2,9,3100,0,2,4,,2,051,"PLACER HILLS RD","OAK COURT",29.00,N,N,A,-,N,,,,,,,,,,N,3,0,1,2,A,-,03,22350,,N,C,C,A,A,H,-,A,D,0,,,Y,,Y,,C,02,0,1,0,0,0,0,0,0,1,"- ","- ",39.00244140625,-121.02053833007812,PLACER,UNINCORPORATED,-121.02045440673828,39.002418518066406
91501602,2021,2021-06-21,9220,2021-05-19,1901,015624,,3,2,9,3100,0,2,4,,2,042,"MOUNT VERNON ROAD",SHANLEY,2640.00,N,N,A,-,N,,,,,,,,,,Y,4,0,1,1,A,-,01,23152,A,N,E,I,A,A,H,-,A,D,0,,,,,Y,Y,A,01,0,0,1,0,0,0,0,0,0,"- ","- ",38.934421539306641,-121.12888336181641,PLACER,UNINCORPORATED,-121.13201141357422,38.936973571777344
91501966,2021,2021-06-21,9220,2021-06-17,0935,018768,,4,1,9,3100,0,3,5,,2,010,"BREWER RD","PHILLIP RD",1056.00,N,N,A,-,N,,,,,,,,,,Y,3,0,1,1,A,-,08,22107,,N,E,I,A,A,H,-,A,D,0,,,,,Y,,A,08,0,1,0,0,0,0,0,0,0,"- ","- ",38.804931640625,-121.45127105712891,PLACER,UNINCORPORATED,-121.45130157470703,38.80535888671875
91502735,2021,2021-06-22,9221,2021-06-17,1515,019020,,4,2,1,3102,0,2,S,,2,901,SR-174,"MAIN STREET",0.00,,Y,A,-,N,,,,,,,,,,Y,3,0,1,2,A,-,09,21802,A,N,D,C,A,A,H,-,A,A,0,,,,,Y,,A,07,0,1,0,0,0,0,0,0,0,"- ","- ",39.616989135742188,-120.56597137451172,PLACER,COLFAX,-120.94990539550781,39.104801177978516
91502753,2021,2021-06-22,9220,2021-06-09,0754,015917,,3,1,9,3100,0,1,1,,2,281,"I-80 E/B","500 CIRBY WAY",0.00,,N,A,-,Y,,,,,,,,,,N,3,0,1,2,A,-,03,22350,,N,C,C,A,A,H,-,A,D,0,,,,Y,Y,,A,01,0,1,0,0,0,0,0,0,0,"- ","- ",38.731571197509766,-121.28238677978516,PLACER,UNINCORPORATED,-121.28504943847656,38.729412078857422
91502867,2021,2021-06-22,9220,2021-06-14,0727,017534,,1,1,5,3105,0,1,3,,1,265,"STATE ROUTE 65, NORTHBOUND","PLEASANT GROVE BOULEVARD",1100.00,N,N,A,-,Y,,,65,,,,,,N,Y,2,0,3,3,A,-,03,22350,,N,C,C,A,A,H,-,A,D,0,,,,,Y,,D,22,1,0,2,0,0,0,0,0,0,"- ","- ",38.788299560546875,-121.28745269775391,PLACER,ROSEVILLE,-121.28742980957031,38.788345336914062
91503235,2021,2021-06-22,9221,2021-06-20,1414,019869,,7,2,9,3100,0,1,1,,2,385,"EASTBOUND 80","CRYSTAL SPRINGS ROAD",69.00,W,N,A,-,Y,,,,,,,,,,Y,4,0,1,1,A,-,03,22350,,N,A,H,A,A,D,H,A,A,0,,,,,Y,,A,07,0,0,1,0,0,0,0,0,0,"- ","- ",39.269599914550781,-121.01069641113281,PLACER,UNINCORPORATED,-120.78867340087891,39.208061218261719
91505894,2021,2021-06-24,9222,2021-06-22,1700,017907,,2,2,9,3100,0,1,3,,2,012,"SR-89 SOUTH","TRUCKEE RIVER",70.00,S,N,A,-,Y,,,89,,,,,,,Y,4,0,2,2,A,-,08,22107,,N,D,C,A,A,H,-,A,D,0,,,,,Y,,D,22,0,0,2,0,0,0,0,0,0,"- ","- ",39.196018218994141,-120.19795227050781,PLACER,UNINCORPORATED,-120.19784545898438,39.196155548095703
91505945,2021,2021-06-24,9220,2021-06-19,2125,017375,,6,2,9,3100,0,1,1,,2,281,"I-80 WESTBOUND","ROCKLIN ROAD",4224.00,W,N,A,-,Y,,,,,,,,,,Y,4,0,1,1,C,-,18,,,N,H,H,A,A,H,-,D,D,0,,,,,Y,,-,"- ",0,0,1,0,0,0,0,0,0,"- ","- ",38.779590606689453,-121.23354339599609,PLACER,UNINCORPORATED,-121.22383117675781,38.787628173828125
91505959,2021,2021-06-24,9220,2021-06-20,1710,017375,,7,2,9,3100,0,2,4,,2,062,"FORSTHILL ROAD","FINNING MILL RD",902.00,E,N,A,-,N,,,,,,,,,,Y,3,0,1,1,A,-,08,22107,,N,E,I,A,A,H,-,A,D,0,,,,,Y,,A,07,0,1,0,0,0,0,0,0,0,"- ","- ",39.053928375244141,-120.77142333984375,PLACER,UNINCORPORATED,-120.7716064453125,39.054039001464844
91507636,2021,2021-06-28,9220,2021-06-21,1310,016758,,1,1,9,3100,0,1,3,,1,265,"SR-65 N/B","GALLERIA BLVD O/C",600.00,S,N,A,-,Y,,,,,,,,,,Y,3,0,2,1,A,-,03,22350,,N,E,I,A,A,H,-,A,D,0,,,,,Y,,A,01,0,1,1,0,0,0,0,0,0,"- ","- ",38.777000427246094,-121.26450347900391,PLACER,UNINCORPORATED,-121.26397705078125,38.776664733886719
91507669,2021,2021-06-28,9220,2021-06-18,1630,016682,,5,2,9,3100,0,1,1,,2,281,"I-80 E/B","ROCKLIN RD.",528.00,W,N,A,-,Y,,,,,,,,,,N,4,0,1,2,A,-,03,22350,,N,C,C,A,A,H,-,A,D,0,,,,,Y,,A,07,0,0,1,0,0,0,0,0,0,"- ","- ",38.786380767822266,-121.22505187988281,PLACER,UNINCORPORATED,-121.22409820556641,38.787151336669922
91507938,2021,2021-06-28,9220,2021-06-13,2023,017863,,7,2,9,3100,0,1,1,,2,281,"I-80 W/B","SR-65 S/B TO E/B I-80 OVERCROSSING",5.00,W,N,A,-,Y,,,,,,,,,,Y,3,0,1,1,C,-,18,,,N,F,A,A,A,H,-,B,D,0,,,Y,,Y,,-,"- ",0,1,0,0,0,0,0,0,1,"- ","- ",38.769870758056641,-121.24916839599609,PLACER,UNINCORPORATED,,
91508652,2021,2021-06-29,9220,2021-06-17,1923,017375,,4,2,9,3100,0,2,4,,2,042,"MOUNT VERNON RD","MEARS RD",941.00,W,N,A,-,N,,,,,,,,,,Y,2,0,1,1,A,-,03,22350,,N,E,I,A,A,H,-,A,D,0,,,,,Y,,J,43,1,0,0,0,0,0,0,0,0,"- ","- ",38.948688507080078,-121.16172790527344,PLACER,UNINCORPORATED,-121.16165161132812,38.948692321777344
91508786,2021,2021-06-29,9220,2021-06-22,1718,017863,,2,2,9,3100,0,1,3,,1,249,SR-49,"LUTHER RD.",175.00,S,N,A,-,Y,,,49,,,,,,,Y,3,0,3,3,A,-,03,22350,,N,C,C,A,A,H,-,A,A,0,,,,,Y,,D,22,0,3,0,0,0,0,0,0,0,"- ","- ",38.926841735839844,-121.08612823486328,PLACER,UNINCORPORATED,-121.08617401123047,38.926803588867188
91510231,2021,2021-06-30,9222,2021-06-22,1720,018315,,2,2,9,3100,0,1,3,,1,016,SR-267,"DOLLY VARDEN",25.00,N,N,A,-,Y,,,267,,,,,,,Y,4,0,3,2,A,-,03,22350,,N,C,C,A,A,H,-,A,D,0,,,,,Y,,A,07,0,0,3,0,0,0,0,0,0,"- ","- ",39.241710662841797,-120.03067016601562,PLACER,UNINCORPORATED,-120.03068542480469,39.241714477539062
91510750,2021,2021-07-01,9222,2021-06-23,0640,017091,,3,1,9,3100,0,1,3,,1,011,"STATE ROUTE 89","MANKATO PLACE",460.00,S,N,A,-,Y,,,89,,,,,,,Y,3,0,1,2,A,-,08,22107,,N,D,C,A,A,H,-,A,D,0,,,,,Y,,A,07,0,1,0,0,0,0,0,0,0,"- ","- ",39.120098114013672,-120.16110229492188,PLACER,UNINCORPORATED,-120.16109466552734,39.120101928710938
91512043,2021,2021-07-02,9220,2021-06-22,0400,019040,,2,3,9,3100,0,3,5,,2,010,"SUNSET BLVD","CINCINNATI AVE",700.00,E,N,A,-,N,,,,,,,,,,Y,3,0,2,3,A,-,05,21650,,N,B,C,A,A,H,-,C,D,0,,,,,Y,,A,08,0,2,0,0,0,0,0,0,0,"- ","- ",38.81732177734375,-121.30917358398438,PLACER,UNINCORPORATED,-121.30952453613281,38.817314147949219
91512892,2021,2021-07-05,9222,2021-06-26,1610,018315,,6,2,9,3100,0,1,3,,1,015,SR-28,"CENTER STREET",0.00,,Y,A,-,Y,,,28,,,,,,,N,4,0,3,2,A,-,09,21804,A,N,D,C,A,A,H,-,A,D,0,,,,,Y,,A,07,0,0,3,0,0,0,0,0,0,"- ","- ",39.225719451904297,-120.083740234375,PLACER,UNINCORPORATED,-120.083740234375,39.225727081298828
91513571,2021,2021-07-06,9220,2021-06-26,1500,013997,,6,2,9,3100,0,1,1,,2,283,"I-80 WESTBOUND","PAOLI LN O/C",1584.00,W,N,A,-,Y,,,80,,,,,,W,Y,3,0,1,1,A,-,08,22107,,N,E,I,A,A,H,-,A,D,0,,,,,Y,,D,22,0,1,0,0,0,0,0,0,0,"- ","- ",39.030380249023438,-120.97662353515625,PLACER,UNINCORPORATED,-120.97658538818359,39.030372619628906
91515544,2021,2021-07-08,9220,2021-05-17,1723,013465,,1,2,9,3100,0,1,3,,1,265,"SR-65 N/B FROM BLUE OAKS BLVD","BLUE OAKS BLVD",294.00,S,N,A,-,Y,,,65,,,,R,,N,Y,3,0,1,1,A,-,01,23152,A,M,E,I,A,A,H,-,A,D,0,,,,,Y,Y,A,07,0,1,0,0,0,0,0,0,0,"- ","- ",38.795051574707031,-121.2960205078125,PLACER,UNINCORPORATED,-121.2960205078125,38.795051574707031
91515667,2021,2021-07-08,9220,2021-06-17,1405,016682,,4,2,9,3100,0,1,3,,1,265,"SR-65 S/B ON RAMP FROM GALLERIA BLVD.","GALLERIA BLVD.",426.00,S,N,A,-,Y,,,,,,,,,,N,4,0,1,2,A,-,03,22350,,M,C,C,A,A,H,-,A,D,0,,,,,Y,,A,07,0,0,1,0,0,0,0,0,0,"- ","- ",38.775558471679688,-121.26402282714844,PLACER,UNINCORPORATED,,
91516148,2021,2021-07-08,9220,2021-06-03,1925,013465,,4,2,9,3100,0,3,5,,2,010,"ATHENS AVE","THUNDER VALLEY COURT",430.00,E,N,A,-,N,,,,,,,,,,Y,4,0,1,2,A,-,03,22350,,N,C,C,A,A,H,-,A,D,0,,,,,Y,,A,01,0,0,1,0,0,0,0,0,0,"- ","- ",38.839130401611328,-121.3101806640625,PLACER,UNINCORPORATED,-121.31021881103516,38.839038848876953
91517357,2021,2021-07-12,9222,2021-07-08,1129,017288,,4,1,9,3100,0,1,3,,1,013,"SR-89 SOUTH","SQUAW VALLEY ROAD",6864.00,N,N,A,-,Y,,,89,,,,,,,Y,3,0,2,2,A,-,01,23153,A,N,D,C,A,A,H,-,A,A,0,,,,,Y,Y,D,22,0,2,0,0,0,0,0,0,0,"- ","- ",39.223201751708984,-120.20279693603516,PLACER,UNINCORPORATED,-120.20281219482422,39.223194122314453
91517817,2021,2021-07-12,9220,2021-06-29,1725,013997,,2,2,9,3100,0,3,5,,2,050,"ROCK CREEK ROAD","SR-49 (GRASS VALLEY HWY)",15.00,E,N,A,-,Y,,,,,,,,,,N,3,0,2,2,A,-,03,22350,,N,C,C,A,A,H,-,A,D,0,,,,,Y,,A,08,0,1,1,0,0,0,0,0,0,"- ","- ",38.945690155029297,-121.09806060791016,PLACER,UNINCORPORATED,-121.09819793701172,38.945632934570312
91518147,2021,2021-07-12,9220,2021-06-04,0833,013794,,5,1,9,3100,0,3,5,,2,060,"OLD FORESTHILL RD","MAMMOTH BAR",150.00,E,N,A,-,N,,,,,,,,,,N,3,0,1,2,A,-,08,22107,,N,G,B,F,A,H,-,A,D,0,Y,,,,Y,,A,07,0,1,0,0,1,0,0,0,0,"- ","- ",38.922248840332031,-121.01496887207031,PLACER,UNINCORPORATED,,
91520063,2021,2021-07-14,9220,2021-07-05,1035,013975,,1,1,9,3100,0,1,1,,2,282,"INTERSTATE 80 W/B","INDIAN HILL RD",1250.00,W,N,A,-,Y,,,,,,,,,,N,3,0,2,3,A,-,03,22350,,N,C,C,A,A,H,-,A,D,0,,,,,Y,,A,07,0,2,0,0,0,0,0,0,0,"- ","- ",38.819801330566406,-121.29959869384766,PLACER,UNINCORPORATED,,
91520213,2021,2021-07-14,9220,2021-07-09,0537,016685,,5,3,9,3100,0,2,4,,2,072,"WISE ROAD","SAINT PATRICK LANE",528.00,E,N,A,-,N,,,,,,,,,,Y,4,0,1,1,A,-,08,22107,,N,E,I,A,A,H,-,B,D,0,,,,,Y,,D,22,0,0,1,0,0,0,0,0,0,"- ","- ",38.896991729736328,-121.12203216552734,PLACER,UNINCORPORATED,-121.12331390380859,38.897151947021484
91521129,2021,2021-07-15,9222,2021-07-11,0050,019233,,7,3,9,3100,0,1,3,,1,015,SR-28,"CENTER ST.",1100.00,W,N,A,-,Y,,,28,,,,,,,Y,4,0,1,2,A,-,08,22107,,N,A,E,A,A,H,-,D,D,0,,,,,Y,,A,01,0,0,1,0,0,0,0,0,0,"- ","- ",39.223899841308594,-120.08683013916016,PLACER,UNINCORPORATED,-120.08674621582031,39.223850250244141