CASE_ID,ACCIDENT_YEAR,PROC_DATE,JURIS,COLLISION_DATE,COLLISION_TIME,OFFICER_ID,REPORTING_DISTRICT,DAY_OF_WEEK,CHP_SHIFT,POPULATION,CNTY_CITY_LOC,SPECIAL_COND,BEAT_TYPE,CHP_BEAT_TYPE,CITY_DIVISION_LAPD,CHP_BEAT_CLASS,BEAT_NUMBER,PRIMARY_RD,SECONDARY_RD,DISTANCE,DIRECTION,INTERSECTION,WEATHER_1,WEATHER_2,STATE_HWY_IND,CALTRANS_COUNTY,CALTRANS_DISTRICT,STATE_ROUTE,ROUTE_SUFFIX,POSTMILE_PREFIX,POSTMILE,LOCATION_TYPE,RAMP_INTERSECTION,SIDE_OF_HWY,TOW_AWAY,COLLISION_SEVERITY,NUMBER_KILLED,NUMBER_INJURED,PARTY_COUNT,PRIMARY_COLL_FACTOR,PCF_CODE_OF_VIOL,PCF_VIOL_CATEGORY,PCF_VIOLATION,PCF_VIOL_SUBSECTION,HIT_AND_RUN,TYPE_OF_COLLISION,MVIW,PED_ACTION,ROAD_SURFACE,ROAD_COND_1,ROAD_COND_2,LIGHTING,CONTROL_DEVICE,CHP_ROAD_TYPE,PEDESTRIAN_ACCIDENT,BICYCLE_ACCIDENT,MOTORCYCLE_ACCIDENT,TRUCK_ACCIDENT,NOT_PRIVATE_PROPERTY,ALCOHOL_INVOLVED,STWD_VEHTYPE_AT_FAULT,CHP_VEHTYPE_AT_FAULT,COUNT_SEVERE_INJ,COUNT_VISIBLE_INJ,COUNT_COMPLAINT_PAIN,COUNT_PED_KILLED,COUNT_PED_INJURED,COUNT_BICYCLIST_KILLED,COUNT_BICYCLIST_INJURED,COUNT_MC_KILLED,COUNT_MC_INJURED,PRIMARY_RAMP,SECONDARY_RAMP,LATITUDE,LONGITUDE,COUNTY,CITY,POINT_X,POINT_Y
91522211,2021,2021-07-16,9220,2021-07-12,1239,020493,,1,1,5,3105,0,1,S,,2,800,I-80,"HIGHWAY 65 OVERCROSSING",150.00,E,N,A,-,Y,,,80,,,,,,,Y,4,0,1,2,A,-,03,22350,,N,C,C,A,A,H,-,A,D,0,,,,,Y,,B,08,0,0,1,0,0,0,0,0,0,"- ","- ",38.770198822021484,-121.247802734375,PLACER,ROSEVILLE,-121.24787902832031,38.77032470703125
91522444,2021,2021-07-16,9220,2021-07-06,1835,013997,,2,2,9,3100,0,1,S,,2,059,"SR-49 N/B (EL DORADO STREET)","LINCOLN WAY",3696.00,S,N,A,-,Y,,,49,,,,,,N,Y,2,0,1,1,A,-,08,22107,,N,E,I,A,A,H,-,A,D,0,,,Y,,Y,,C,02,1,0,0,0,0,0,0,0,1,"- ","- ",38.901908874511719,-121.05593109130859,PLACER,UNINCORPORATED,-121.05603790283203,38.90191650390625
91522862,2021,2021-07-19,9222,2021-07-04,1535,017907,,7,2,9,3100,0,1,3,,1,011,"SR-89 SOUTH","GRAND AVENUE",110.00,N,N,A,-,Y,,,89,,,,,,,N,3,0,2,2,A,-,01,23152,A,N,C,C,A,A,H,-,A,D,0,,,,,Y,Y,A,01,0,1,1,0,0,0,0,0,0,"- ","- ",39.105239868164062,-120.16251373291016,PLACER,UNINCORPORATED,-120.16241455078125,39.105201721191406
91523246,2021,2021-07-19,9221,2021-07-07,1845,017669,,3,2,9,3100,0,1,1,,2,385,"I-80 EASTBOUND","GOLD RUN OVER CROSSING",50.00,E,N,A,-,Y,,,80,,,,,,E,N,4,0,1,2,D,-,00,,,N,H,A,A,A,H,-,A,D,0,,,,Y,Y,,-,"- ",0,0,1,0,0,0,0,0,0,"- ","- ",39.177131652832031,-120.85562133789062,PLACER,UNINCORPORATED,-120.85558319091797,39.177085876464844
91523302,2021,2021-07-19,9220,2021-07-09,1850,015060,,5,2,3,3101,0,1,1,,2,282,"I-80 E/B","OPHIR RD.",400.00,W,N,A,-,Y,,,80,,,,,,E,Y,3,0,1,1,A,-,08,22107,,N,E,I,A,A,H,-,A,D,0,,,,,Y,,A,01,0,1,0,0,0,0,0,0,0,"- ","- ",38.892608642578125,-121.08515167236328,PLACER,AUBURN,-121.08509063720703,38.892501831054688
91523357,2021,2021-07-19,9221,2021-07-16,1430,019020,,5,2,1,3102,0,1,1,,2,384,"I-80 E/B",SR-174,1200.00,W,N,A,-,Y,,,80,,,,,,E,Y,4,0,1,2,A,-,03,22350,,N,C,C,A,A,H,-,A,D,0,,,,,Y,,D,22,0,0,1,0,0,0,0,0,0,"- ","- ",39.091400146484375,-120.95101928710938,PLACER,COLFAX,-120.9510498046875,39.091419219970703
91524726,2021,2021-07-20,9220,2021-07-08,1835,015838,,4,2,9,3100,0,2,4,,2,046,"BELL RD","NEW AIRPORT RD",0.00,,Y,A,-,N,,,,,,,,,,Y,3,0,3,2,A,-,12,21453,A,N,D,C,A,A,H,-,A,A,0,,,,,Y,,A,01,0,3,0,0,0,0,0,0,0,"- ","- ",38.942131042480469,-121.07929992675781,PLACER,UNINCORPORATED,-121.07928466796875,38.942226409912109
91526301,2021,2021-07-22,9220,2021-07-20,1432,017027,,2,2,9,3100,0,1,3,,1,265,SR-65,"PLEASANT GROVE BLVD",200.00,N,N,A,-,Y,,,,,,,,,,Y,4,0,1,3,A,-,03,22350,,N,C,C,A,A,H,-,A,A,0,,,,,Y,,D,22,0,0,1,0,0,0,0,0,0,"- ","- ",38.786579132080078,-121.28497314453125,PLACER,UNINCORPORATED,-121.28471374511719,38.7867431640625
91527178,2021,2021-07-23,9222,2021-07-15,2355,019233,,4,3,9,3100,0,1,3,,1,015,SR-28,"RACOON ST",65.00,E,N,A,-,Y,,,28,,,,,,,Y,3,0,1,1,A,-,01,23152,A,M,E,I,A,A,H,-,C,D,0,,,,,Y,Y,A,07,0,1,0,0,0,0,0,0,0,"- ","- ",39.235801696777344,-120.02166748046875,PLACER,UNINCORPORATED,-120.02168273925781,39.235767364501953
91527309,2021,2021-07-23,9220,2021-07-13,2155,017863,,2,2,9,3100,0,1,3,,1,265,"SR-65 N/B TO PLEASANT GROVE BLVD.","PLEASANT GROVE BLVD.",528.00,S,N,A,-,Y,,,,,,,,,,Y,2,0,1,1,A,-,03,22350,,N,F,A,A,A,H,-,D,D,0,,,Y,,Y,,C,02,1,0,0,0,0,0,0,0,1,"- ","- ",38.786140441894531,-121.28163146972656,PLACER,UNINCORPORATED,-121.28244018554688,38.785820007324219
91527319,2021,2021-07-23,9220,2021-07-12,1840,013997,,1,2,9,3100,0,3,5,,2,040,"EDUCATION ST",SR-49,33.00,W,N,A,-,Y,,,,,,,,,,Y,3,0,1,2,A,-,01,23152,A,N,A,C,A,A,H,-,A,A,0,,,,,Y,Y,A,01,0,1,0,0,0,0,0,0,0,"- ","- ",38.944351196289062,-121.09812164306641,PLACER,UNINCORPORATED,-121.09796905517578,38.9443359375
91527333,2021,2021-07-23,9221,2021-07-18,2100,018624,,7,2,9,3100,0,3,5,,2,070,"BIG DIPPER ROAD","IOWA HILL ROAD",2500.00,N,N,A,-,N,,,,,,,,,,Y,3,0,1,1,A,-,03,22350,,N,A,I,A,A,H,-,B,D,0,,,,,Y,,A,07,0,1,0,0,0,0,0,0,0,"- ","- ",39.062381744384766,-120.51219177246094,PLACER,UNINCORPORATED,-120.85874176025391,39.108959197998047
91527373,2021,2021-07-23,9220,2021-07-18,0950,015961,,7,1,9,3100,0,2,4,,2,077,"AUBURN FOLSOM RD","OX BOW LANE",43.00,S,N,A,-,N,,,,,,,,,,Y,2,0,1,1,C,-,18,,,N,H,H,A,A,H,-,A,D,0,,,Y,,Y,,-,"- ",1,0,0,0,0,0,0,0,1,"- ","- ",38.823188781738281,-121.25096130371094,PLACER,UNINCORPORATED,-121.12517547607422,38.823108673095703
91527376,2021,2021-07-23,9220,2021-07-20,1540,015197,,2,2,9,3100,0,2,4,,2,077,"AUBURN-FOLSOM ROAD","DIRK LN",246.00,S,N,A,-,N,,,,,,,,,,N,4,0,1,3,A,-,08,22107,,N,E,I,A,A,H,-,A,D,0,,,,Y,Y,,A,07,0,0,1,0,0,0,0,0,0,"- ","- ",38.816238403320312,-121.12663269042969,PLACER,UNINCORPORATED,-121.12651062011719,38.815876007080078
91527440,2021,2021-07-23,9221,2021-07-18,0350,021216,,7,3,9,3100,0,1,1,,2,384,"WESTBOUND I-80","MAGRA ROAD",5597.00,W,N,A,-,Y,,,80,,,,,,,Y,3,0,1,1,A,-,01,23152,A,N,E,A,A,A,H,-,D,D,0,,,,,Y,Y,A,01,0,1,0,0,0,0,0,0,0,"- ","- ",39.168128967285156,-120.87516784667969,PLACER,UNINCORPORATED,-120.87509918212891,39.168083190917969
91527550,2021,2021-07-23,9220,2021-07-21,1515,019178,,3,2,9,3100,0,1,1,,2,281,"I-80 W/B","RIVERSIDE AVE",300.00,W,N,A,-,Y,,,80,,,,,,W,Y,4,0,1,2,A,-,08,22107,,N,D,C,A,A,H,-,A,D,0,,,,,Y,,A,01,0,0,1,0,0,0,0,0,0,"- ","- ",38.728000640869141,-121.28646087646484,PLACER,UNINCORPORATED,-121.28671264648438,38.728271484375
91527682,2021,2021-07-23,9222,2021-07-16,1932,017907,,5,2,9,3100,0,1,3,,1,014,SR-28,"SIERRA TERRACE",620.00,W,N,A,-,Y,,,28,,,,,,,Y,3,0,1,2,A,-,01,23152,A,N,D,C,A,A,H,-,A,D,0,,,,,Y,Y,A,01,0,1,0,0,0,0,0,0,0,"- ","- ",39.175418853759766,-120.13614654541016,PLACER,UNINCORPORATED,-120.13613128662109,39.175392150878906
91527793,2021,2021-07-23,9222,2021-07-17,1818,017907,,6,2,9,3100,0,3,5,,2,010,"TAHOE PARK HEIGHTS","PINE AVENUE",400.00,W,N,A,-,N,,,,,,,,,,Y,3,0,1,1,A,-,01,23152,A,N,F,A,A,A,H,-,A,D,0,,,,,Y,Y,A,01,0,1,0,0,0,0,0,0,0,"- ","- ",39.144691467285156,-120.16034698486328,PLACER,UNINCORPORATED,-120.15802764892578,39.144268035888672
91529183,2021,2021-07-26,9220,2021-07-20,1415,019178,,2,2,9,3100,0,1,3,,1,265,SR-65,"PLEASANT GROVE O/C",1980.00,N,N,A,-,Y,,,,,,,,,,Y,3,0,3,5,A,-,03,22350,,N,B,C,A,A,H,-,A,D,0,,,,,Y,,A,01,0,2,1,0,0,0,0,0,0,"- ","- ",38.78955078125,-121.29017639160156,PLACER,UNINCORPORATED,-121.28997802734375,38.789371490478516
91530493,2021,2021-07-28,9222,2021-07-17,1428,017907,,6,2,9,3100,0,1,3,,2,012,"SR-89 SOUTH (RIVER ROAD)","TWIN CRAGS",6336.00,N,N,A,-,Y,,,89,,,,,,,Y,4,0,4,2,A,-,08,22105,,N,D,C,A,A,H,-,A,D,0,,,,,Y,,A,01,0,0,4,0,0,0,0,0,0,"- ","- ",39.1656494140625,-120.17842102050781,PLACER,UNINCORPORATED,-120.17842102050781,39.165641784667969
91531702,2021,2021-07-29,9220,2021-07-23,0615,016685,,5,1,9,3100,0,1,3,,1,265,SR-65,"NELSON LANE",0.00,,Y,A,-,Y,,,65,,,,,,,Y,4,0,1,3,A,-,12,21453,A,N,D,C,A,A,H,-,A,A,0,,,,Y,Y,,G,25,0,0,1,0,0,0,0,0,0,"- ","- ",38.885898590087891,-121.34008026123047,PLACER,UNINCORPORATED,-121.34008026123047,38.8858642578125
91533889,2021,2021-07-30,9220,2021-05-04,0629,015917,,2,1,9,3100,0,3,5,,2,010,"ATHENS AVE","CASINO HOTEL DRIVEWAY",0.00,,Y,A,-,N,,,,,,,,,,Y,2,0,3,2,A,-,08,22107,,N,B,C,A,A,H,-,A,D,0,,,,,Y,,A,01,1,0,2,0,0,0,0,0,0,"- ","- ",38.839241027832031,-121.30919647216797,PLACER,UNINCORPORATED,-121.31395721435547,38.839042663574219
91534850,2021,2021-08-02,9220,2021-07-24,1902,017027,,6,2,9,3100,0,1,1,,2,283,"I-80 W/B","DRY CREEK ROAD",2640.00,E,N,A,-,Y,,,80,,,,,,W,Y,2,0,1,1,A,-,03,22350,,N,F,A,A,A,H,-,A,D,0,,,Y,,Y,,C,02,1,0,0,0,0,0,0,0,1,"- ","- ",38.961811065673828,-121.02654266357422,PLACER,UNINCORPORATED,-121.02650451660156,38.961753845214844
91535104,2021,2021-08-02,9220,2021-07-28,0923,013794,,3,1,9,3100,0,2,4,,2,066,"FORESTHILL ROAD","SEQUOIA WAY",1056.00,W,N,A,-,N,,,,,,,,,,Y,2,0,1,1,C,-,18,,,N,H,H,A,A,H,-,A,D,0,,,,,Y,,-,"- ",1,0,0,0,0,0,0,0,0,"- ","- ",39.060470581054688,-120.75633239746094,PLACER,UNINCORPORATED,-120.75544738769531,39.061912536621094
91535612,2021,2021-08-03,9220,2021-07-24,0200,019148,,6,3,9,3100,0,2,4,,2,064,"FINNING MILL RD","HOLLOW LOGGING RD.",2640.00,N,N,A,-,N,,,,,,,,,,Y,2,0,2,1,A,-,01,23152,A,N,E,J,A,A,H,-,D,D,0,,,,,Y,Y,A,07,1,1,0,0,0,0,0,0,0,"- ","- ",39.094070434570312,-120.77751922607422,PLACER,UNINCORPORATED,,
91536647,2021,2021-08-04,9222,2021-08-02,1320,016852,,1,1,9,3100,0,1,3,,1,014,"STATE ROUTE 28 (RIVER ROAD - 100 W. BLOCK)","WEST LAKE BOULEVARD",18.00,W,N,A,-,Y,,,28,,,,,,,N,4,0,1,2,A,-,03,22350,,N,C,C,A,A,H,-,A,A,0,,,,,Y,,A,07,0,0,1,0,0,0,0,0,0,"- ","- ",39.167591094970703,-120.14528656005859,PLACER,UNINCORPORATED,-120.14519500732422,39.167755126953125
91536824,2021,2021-08-04,9220,2021-07-28,1735,015961,,3,2,9,3100,0,1,1,,2,281,"I-80 W/B","TAYLOR RD O/C",900.00,E,N,F,-,Y,,,,,,,,,,N,4,0,1,2,A,-,03,22350,,N,C,C,A,A,H,-,A,D,0,,,,,Y,,A,01,0,0,1,0,0,0,0,0,0,"- ","- ",38.767269134521484,-121.25331878662109,PLACER,UNINCORPORATED,-121.25369262695312,38.766937255859375
91538547,2021,2021-08-06,9222,2021-07-31,2020,017907,,6,2,9,3100,0,1,3,,1,015,"SR-28 (NORTH LAKE BOULEVARD)","ESTATES DR",441.00,E,N,A,-,Y,,,28,,,,,,,Y,2,0,1,6,A,-,03,22350,,N,C,E,A,A,H,-,C,D,0,,,,,Y,,A,01,1,0,0,0,0,0,0,0,0,"- ","- ",39.240760803222656,-120.05712127685547,PLACER,UNINCORPORATED,-120.05712127685547,39.240798950195312
91540224,2021,2021-08-09,9221,2021-07-28,1740,017881,,3,2,9,3100,0,1,3,,1,320,"SR20 W/B","BOWMAN LAKE ROAD",4752.00,E,N,A,-,Y,,,20,,,,,,W,Y,3,0,1,1,A,-,08,22107,,N,E,8,A,A,H,-,A,D,0,,,,,Y,,A,01,0,1,0,0,0,0,0,0,0,"- ","- ",39.309249877929688,-120.65534973144531,PLACER,UNINCORPORATED,-120.65525054931641,39.309139251708984
91542266,2021,2021-08-11,9221,2021-07-31,2208,018740,,6,3,9,3100,0,3,5,,2,070,"NORTON GRADE RD.","GLEN ELDER RD.",950.00,W,N,A,-,N,,,,,,,,,,Y,3,0,1,1,A,-,01,23152,A,N,E,I,A,A,H,-,D,D,0,,,,,Y,Y,A,07,0,1,0,0,0,0,0,0,0,"- ","- ",39.129081726074219,-120.9429931640625,PLACER,UNINCORPORATED,-120.94187164306641,39.130413055419922
91542749,2021,2021-08-11,9220,2021-07-29,1720,017863,,4,2,9,3100,0,1,1,,2,281,"I-80 E/B","EUREKA RD. OVERCROSSING",1000.00,W,N,A,-,Y,,,,,,,,,,Y,3,0,1,3,A,-,03,22350,,N,C,C,A,A,H,-,A,D,0,,,,,Y,,A,01,0,1,0,0,0,0,0,0,0,"- ","- ",38.769889831542969,-121.25331878662109,PLACER,UNINCORPORATED,-121.26311492919922,38.755577087402344
91543385,2021,2021-08-12,9220,2021-08-01,1137,016685,,7,1,9,3100,0,1,3,,1,249,SR-49,"MASTERS CT",0.00,,Y,A,-,Y,,,49,,,,,,,Y,3,0,1,4,A,-,09,21802,A,N,D,C,A,A,H,-,A,A,0,,,,,Y,,D,22,0,1,0,0,0,0,0,0,0,"- ","- ",38.937519073486328,-121.09549713134766,PLACER,UNINCORPORATED,-121.09542083740234,38.937557220458984
91543511,2021,2021-08-12,9222,2021-08-01,1210,017288,,7,1,9,3100,0,1,3,,1,015,SR-28,"CHIPMUNK STREET",8.00,E,N,A,-,Y,,,28,,,,,,,Y,3,0,1,2,A,-,06,21755,A,N,D,C,A,A,H,-,A,D,0,,,Y,,Y,,C,02,0,1,0,0,0,0,0,0,1,"- ","- ",39.233230590820312,-120.01567840576172,PLACER,UNINCORPORATED,-120.01575469970703,39.233169555664062
91543828,2021,2021-08-12,9220,2021-08-06,0926,015961,,5,1,9,3100,0,1,1,,2,281,"I-80 W/B","DOUGLAS BLVD O/C",800.00,W,N,B,-,Y,,,,,,,,,,Y,3,0,3,2,A,-,08,22107,,N,E,I,A,A,H,-,A,D,0,,,,,Y,,A,07,0,2,1,0,0,0,0,0,0,"- ","- ",38.741878509521484,-121.272216796875,PLACER,UNINCORPORATED,-121.27214050292969,38.742088317871094
91544480,2021,2021-08-13,9220,2021-08-07,2500,015961,,6,4,9,3100,0,1,1,,2,281,"I-80 E/B FROM EUREKA RD E/B","EUREKA RD O/C",370.00,W,N,A,-,Y,,,,,,,,,,Y,3,0,1,1,A,-,03,22350,,N,E,I,A,A,H,-,C,D,0,,,,,Y,,A,01,0,1,0,0,0,0,0,0,0,"- ","- ",38.757610321044922,-121.26158142089844,PLACER,UNINCORPORATED,-121.26212310791016,38.757122039794922
91545543,2021,2021-08-16,9220,2021-08-05,1945,015060,,4,2,9,3100,0,1,1,,2,282,"I-80 E/B","ROCK SPRINGS RD.",100.00,E,N,A,-,Y,,,,,,,,,,Y,4,0,2,3,A,-,03,22350,,F,B,C,A,A,D,-,A,D,0,,,,Y,Y,,A,01,0,0,2,0,0,0,0,0,0,"- ","- ",38,-121,PLACER,UNINCORPORATED,-121.15480804443359,38.845260620117188
91545844,2021,2021-08-16,9220,2021-08-07,1425,017375,,6,2,9,3100,0,1,3,,1,249,"SR-49 (GRASS VALLEY HIGHWAY)","QUARTZ DR",15.00,S,N,B,-,Y,,,49,,,,,,,Y,3,0,1,2,A,-,03,22350,,N,C,C,A,A,H,-,A,A,0,,,,,Y,,A,01,0,1,0,0,0,0,0,0,0,"- ","- ",38.947738647460938,-121.09884643554688,PLACER,UNINCORPORATED,-121.09894561767578,38.947704315185547
91545957,2021,2021-08-16,9220,2021-08-07,1744,017027,,6,2,9,3100,0,3,5,,2,050,"ADELINE DR","WEST WEIMAR CROSS ROAD",860.00,S,N,B,-,N,,,,,,,,,,Y,3,0,1,1,A,-,01,23152,A,M,E,I,A,A,G,-,A,D,0,,,,,Y,Y,D,22,0,1,0,0,0,0,0,0,0,"- ","- ",39.041828155517578,-120.980712890625,PLACER,UNINCORPORATED,-120.98063659667969,39.041854858398438
91547018,2021,2021-08-17,9220,2021-08-10,1415,017027,,2,2,9,3100,0,1,3,,1,249,SR-49,"IVY LANE",230.00,N,N,A,-,Y,,,49,,,,,,,Y,4,0,2,2,A,-,09,21804,A,N,D,C,A,A,H,-,A,D,0,,,,,Y,,A,01,0,0,2,0,0,0,0,0,0,"- ","- ",38.922809600830078,-121.08332824707031,PLACER,UNINCORPORATED,-121.08327484130859,38.922840118408203
91547091,2021,2021-08-17,9220,2021-08-11,1535,013465,,3,2,9,3100,0,1,3,,1,265,"SR-65 N/B","BLUE OAKS BLVD",707.00,N,N,A,-,Y,,,65,,,,,,N,Y,3,0,2,2,A,-,01,23152,A,N,C,C,A,A,H,-,A,D,0,,,,,Y,Y,A,07,0,1,1,0,0,0,0,0,0,"- ","- ",38.797508239746094,-121.29844665527344,PLACER,UNINCORPORATED,-121.29843139648438,38.797519683837891
91548417,2021,2021-08-18,9221,2021-08-04,1905,017881,,3,2,9,3100,0,1,1,,2,384,"I-80 W/B",SR174,3000.00,E,N,A,-,Y,,,80,,,,,,W,Y,3,0,2,3,A,-,07,21658,A,N,B,C,A,A,H,-,A,D,0,,,,Y,Y,,D,22,0,1,1,0,0,0,0,0,0,"- ","- ",39.104831695556641,-120.94825744628906,PLACER,UNINCORPORATED,-120.94817352294922,39.104804992675781
91550498,2021,2021-08-20,9220,2021-08-06,1045,016685,,5,1,9,3100,0,2,4,,2,064,"FORESTHILL RD","SPRING GARDEN ROAD",528.00,W,N,A,-,N,,,,,,,,,,Y,3,0,1,1,A,-,08,22107,,N,E,I,A,A,H,-,A,D,0,,,,,Y,,D,22,0,1,0,0,0,0,0,0,0,"- ","- ",39.000888824462891,-121.91165161132812,PLACER,UNINCORPORATED,-120.90906524658203,39.001026153564453
91551362,2021,2021-08-23,9222,2021-08-19,1640,017515,,4,2,9,3100,0,3,5,,2,010,"RACCOON STREET","RAINBOW AVENUE",0.00,,Y,A,-,N,,,,,,,,,,N,4,0,1,2,A,-,21,22106,,N,D,C,A,A,H,-,A,A,0,,,,,Y,,D,22,0,0,1,0,0,0,0,0,0,"- ","- ",39.238391876220703,-120.02187347412109,PLACER,UNINCORPORATED,-120.02194976806641,39.238540649414062
91551433,2021,2021-08-23,9220,2021-08-14,2355,019148,,6,3,9,3100,0,2,4,,2,015,"INDUSTRIAL AVE.","ATHENS AVE.",1056.00,S,N,A,-,N,,,,,,,,,,Y,3,0,2,2,A,-,01,23152,A,N,B,C,A,A,H,-,C,D,0,,,,,Y,Y,A,07,0,2,0,0,0,0,0,0,0,"- ","- ",38.835479736328125,-121.30699920654297,PLACER,UNINCORPORATED,-121.30702209472656,38.836093902587891
91551557,2021,2021-08-23,9220,2021-06-29,0850,015917,,2,1,5,3105,0,1,1,,2,281,I-80,"DOUGLAS BLVD",384.00,W,N,A,-,Y,,,,,,,,,,Y,3,0,3,3,A,-,03,22350,,N,C,C,A,A,H,-,A,D,0,,,,,Y,,A,01,0,1,2,0,0,0,0,0,0,"- ","- ",38.796321868896484,-121.3966064453125,PLACER,ROSEVILLE,-121.27147674560547,38.74310302734375
91551877,2021,2021-08-23,9220,2021-08-11,1500,015197,,3,2,9,3100,0,2,4,,2,021,"SIERRA COLLEGE BLVD","INDIGO CREEK",0.00,,Y,A,-,N,,,,,,,,,,N,3,0,1,2,D,-,00,,,M,D,G,A,A,H,-,A,A,0,,Y,,,Y,,-,"- ",0,1,0,0,0,0,1,0,0,"- ","- ",38.740200042724609,-121.22627258300781,PLACER,UNINCORPORATED,,
91552738,2021,2021-08-24,9221,2021-08-16,2102,019565,,1,2,9,3100,0,1,1,,2,384,"I-80 E/B","CAPE HORN U/C",3168.00,W,N,A,-,Y,,,80,,,,,,E,Y,2,0,2,2,A,-,03,22350,,N,C,C,A,A,H,-,D,D,0,,,,Y,Y,,D,22,1,1,0,0,0,0,0,0,0,"- ","- ",39.13616943359375,-120.93000793457031,PLACER,UNINCORPORATED,-120.93003082275391,39.136180877685547
91552761,2021,2021-11-02,9220,2021-08-20,2324,019148,,5,3,9,3100,0,2,4,,1,012,"BASELINE RD.","COUNTRY ACRES LN.",5440.00,E,N,A,G,N,,,,,,,,,,Y,2,0,3,2,A,-,01,23152,A,F,B,C,A,A,H,-,D,D,0,,,,,Y,Y,-,"- ",1,2,0,0,0,0,0,0,0,"- ","- ",38.751708984375,-121.41352081298828,PLACER,UNINCORPORATED,-121.41357421875,38.751701354980469
91555196,2021,2021-10-07,9220,2021-07-24,0120,018768,,6,3,9,3100,0,1,1,,2,282,"INTERSTATE 80 WESTBOUND TO PENRYN ROAD","PENRYN ROAD",471.00,E,N,A,-,Y,,,80,,,,R,,W,Y,1,1,0,1,A,-,01,23152,A,N,E,I,A,A,H,-,C,D,0,,,Y,,Y,Y,C,02,0,0,0,0,0,0,0,1,0,"- ","- ",38.835781097412109,-121.16677856445312,PLACER,UNINCORPORATED,-121.16677856445312,38.835781097412109
91558014,2021,2021-08-30,9220,2021-08-10,1920,013997,,2,2,9,3100,0,3,5,,2,060,"OLD FORESTHILL ROAD","MAMMOTH BAR ROAD",1056.00,N,N,A,-,N,,,,,,,,,,Y,3,0,1,1,A,-,01,23152,A,N,E,I,A,A,H,-,B,D,0,,,,,Y,Y,A,07,0,1,0,0,0,0,0,0,0,"- ","- ",38.92095947265625,-121.01850128173828,PLACER,UNINCORPORATED,,
91558049,2021,2021-08-30,9220,2021-08-18,2055,013997,,3,2,9,3100,0,2,4,,2,064,"FORESTHILL ROAD","RACETRACK STREET",0.00,,Y,A,-,N,,,,,,,,,,Y,2,0,2,2,A,-,03,22350,,N,A,C,A,A,H,-,D,D,0,,,Y,,Y,,C,02,1,1,0,0,0,0,0,0,1,"- ","- ",39.019290924072266,-120.82585906982422,PLACER,UNINCORPORATED,-120.82604217529297,39.019294738769531
91558068,2021,2021-08-30,9220,2021-08-21,2000,015060,,6,2,9,3100,0,1,3,,2,293,SR-193,"SKYVIEW DR.",2400.00,E,N,A,-,Y,,,193,,,,,,,Y,3,0,2,3,A,-,01,23152,A,N,B,C,A,A,D,-,D,D,0,,,,,Y,Y,A,07,0,2,0,0,0,0,0,0,0,"- ","- ",38.878940582275391,-121.14518737792969,PLACER,UNINCORPORATED,-121.14518737792969,38.878971099853516
91558783,2021,2021-08-30,9221,2021-08-26,1705,019020,,4,2,9,3100,0,3,5,,2,070,"ROLLINS LAKE RD","DRIVEWAY TO 27407 ROLLINS LAKE RD.",368.00,E,N,A,-,N,,,,,,,,,,N,2,0,1,1,A,-,03,22350,,N,E,I,A,A,H,-,A,D,0,,,Y,,Y,,C,02,1,0,0,0,0,0,0,0,1,"- ","- ",39.144580841064453,-120.92527770996094,PLACER,UNINCORPORATED,-120.94564056396484,39.126209259033203
91559244,2021,2021-08-31,9220,2021-08-19,1404,016001,,4,2,9,3100,0,2,4,,2,021,"SIERRA COLLEGE BLVD","OLYMPUS DRIVE",76.00,S,N,A,-,N,,,,,,,,,,Y,4,0,1,3,A,-,07,21658,A,N,B,C,A,A,H,-,A,D,0,,,,,Y,,A,01,0,0,1,0,0,0,0,0,0,"- ","- ",38.750080108642578,-121.22651672363281,PLACER,UNINCORPORATED,-121.22653198242188,38.750171661376953
91560408,2021,2021-09-01,9220,2021-08-28,1305,015961,,6,1,9,3100,0,2,4,,1,012,"BASELINE RD","LOCUST RD",1267.00,E,N,A,-,N,,,,,,,,,,Y,3,0,2,2,A,-,08,22100,B,N,D,C,A,A,H,-,A,D,0,,,,,Y,,A,01,0,2,0,0,0,0,0,0,0,"- ","- ",38.751590728759766,-121.46536254882812,PLACER,UNINCORPORATED,-121.46534729003906,38.751579284667969