CASE_ID,ACCIDENT_YEAR,PROC_DATE,JURIS,COLLISION_DATE,COLLISION_TIME,OFFICER_ID,REPORTING_DISTRICT,DAY_OF_WEEK,CHP_SHIFT,POPULATION,CNTY_CITY_LOC,SPECIAL_COND,BEAT_TYPE,CHP_BEAT_TYPE,CITY_DIVISION_LAPD,CHP_BEAT_CLASS,BEAT_NUMBER,PRIMARY_RD,SECONDARY_RD,DISTANCE,DIRECTION,INTERSECTION,WEATHER_1,WEATHER_2,STATE_HWY_IND,CALTRANS_COUNTY,CALTRANS_DISTRICT,STATE_ROUTE,ROUTE_SUFFIX,POSTMILE_PREFIX,POSTMILE,LOCATION_TYPE,RAMP_INTERSECTION,SIDE_OF_HWY,TOW_AWAY,COLLISION_SEVERITY,NUMBER_KILLED,NUMBER_INJURED,PARTY_COUNT,PRIMARY_COLL_FACTOR,PCF_CODE_OF_VIOL,PCF_VIOL_CATEGORY,PCF_VIOLATION,PCF_VIOL_SUBSECTION,HIT_AND_RUN,TYPE_OF_COLLISION,MVIW,PED_ACTION,ROAD_SURFACE,ROAD_COND_1,ROAD_COND_2,LIGHTING,CONTROL_DEVICE,CHP_ROAD_TYPE,PEDESTRIAN_ACCIDENT,BICYCLE_ACCIDENT,MOTORCYCLE_ACCIDENT,TRUCK_ACCIDENT,NOT_PRIVATE_PROPERTY,ALCOHOL_INVOLVED,STWD_VEHTYPE_AT_FAULT,CHP_VEHTYPE_AT_FAULT,COUNT_SEVERE_INJ,COUNT_VISIBLE_INJ,COUNT_COMPLAINT_PAIN,COUNT_PED_KILLED,COUNT_PED_INJURED,COUNT_BICYCLIST_KILLED,COUNT_BICYCLIST_INJURED,COUNT_MC_KILLED,COUNT_MC_INJURED,PRIMARY_RAMP,SECONDARY_RAMP,LATITUDE,LONGITUDE,COUNTY,CITY,POINT_X,POINT_Y
91560477,2021,2021-09-01,9222,2021-08-24,1300,017288,,2,1,9,3100,0,2,4,,2,018,"LAKE FOREST ROAD",SR-28,71.00,S,N,A,-,N,,,,,,,,,,N,3,0,1,2,A,-,09,21804,A,N,D,G,A,A,H,-,A,A,0,,Y,,,Y,,L,04,0,1,0,0,0,0,1,0,0,"- ","- ",39.184791564941406,-120.12161254882812,PLACER,UNINCORPORATED,-120.12159729003906,39.184925079345703
91560661,2021,2021-09-01,9220,2021-08-29,2115,015197,,7,2,9,3100,0,1,1,,2,281,SR-193,"TAYLOR RD",1584.00,W,N,A,-,Y,,,193,,,,,,,Y,2,0,1,2,A,-,08,22107,,N,E,I,A,A,H,-,D,D,0,,,,,Y,,A,07,1,0,0,0,0,0,0,0,0,"- ","- ",38.876491546630859,-121.154296875,PLACER,UNINCORPORATED,-121.154296875,38.876502990722656
91561189,2021,2021-09-02,9220,2021-08-25,2015,015197,,3,2,9,3100,0,1,1,,2,281,I-80,"ATLANTIC ST.",50.00,E,N,A,-,Y,,,,,,,,,,Y,3,0,2,2,A,-,03,22350,,N,C,C,A,A,H,-,D,D,0,,,,,Y,,A,01,0,1,1,0,0,0,0,0,0,"- ","- ",38.872169494628906,-121.12822723388672,PLACER,UNINCORPORATED,,
91562139,2021,2021-09-03,9220,2021-08-15,1245,015272,,7,1,9,3100,0,1,1,,2,283,"I-80 W/B","OPHIR RD",2640.00,W,N,A,-,Y,,,80,,,,,,W,Y,3,0,1,2,A,-,03,22350,,N,C,C,A,A,H,-,A,D,0,,,,,Y,,A,01,0,1,0,0,0,0,0,0,0,"- ","- ",38.88922119140625,-121.09033203125,PLACER,UNINCORPORATED,-121.09033203125,38.889232635498047
91562494,2021,2021-09-03,9220,2021-08-30,1900,020072,,1,2,9,3100,0,1,3,,1,267,"SR-65 S/B","RIOSA RD",1056.00,S,N,A,-,N,,,65,,,,,,S,Y,4,0,1,2,A,-,01,23152,A,M,C,C,A,A,H,-,A,D,0,,,,,Y,Y,A,01,0,0,1,0,0,0,0,0,0,"- ","- ",38.975368499755859,-121.38099670410156,PLACER,UNINCORPORATED,-121.38104248046875,38.975349426269531
91563481,2021,2021-09-06,9220,2021-09-01,0830,015060,,3,1,9,3100,0,2,4,,2,024,"EUREKA RD","FARSCHON PL.",100.00,E,N,A,-,N,,,,,,,,,,Y,4,0,1,2,A,-,03,22350,,N,C,C,A,A,H,-,A,D,0,,,,,Y,,A,07,0,0,1,0,0,0,0,0,0,"- ","- ",38.736400604248047,-121.21051025390625,PLACER,UNINCORPORATED,-121.21024322509766,38.736320495605469
91563500,2021,2021-09-06,9220,2021-09-01,2023,019148,,3,2,9,3100,0,1,3,,1,267,"SR-65 N/B","RIOSA RD.",0.00,,Y,A,-,Y,,,65,,,,,,N,Y,2,0,3,2,A,-,09,21453,C,N,A,C,A,A,H,-,C,A,0,,,,,Y,,A,07,2,1,0,0,0,0,0,0,0,"- ","- ",38.978950500488281,-121.38246154785156,PLACER,UNINCORPORATED,-121.38254547119141,38.978908538818359
91565081,2021,2021-09-08,9220,2021-09-03,0725,015917,,5,1,5,3105,0,1,3,,1,265,"SR-65 SOUTHBOUND","BLUE OAKS BLVD",540.00,S,N,A,-,Y,,,65,,,,,,S,N,4,0,1,2,A,-,03,22350,,N,C,C,A,A,H,-,A,D,0,,,,,Y,,D,22,0,0,1,0,0,0,0,0,0,"- ","- ",38.794330596923828,-121.29640960693359,PLACER,ROSEVILLE,-121.29644012451172,38.794300079345703
91565396,2021,2021-09-08,9220,2021-09-06,1205,013794,,1,1,9,3100,0,1,1,,2,282,"I-80 (E/B)","GILARDI ROAD",2640.00,E,N,A,-,Y,,,80,,,,,,,Y,3,0,1,2,A,-,03,22350,,N,C,C,A,A,H,-,A,D,0,,,,,Y,,D,22,0,1,0,0,0,0,0,0,0,"- ","- ",38.861530303955078,-121.13498687744141,PLACER,UNINCORPORATED,-121.13502502441406,38.861576080322266
91565425,2021,2021-09-08,9220,2021-09-05,1033,016391,,7,1,9,3100,0,1,3,,2,293,"STATE ROUTE 49 (SR-49)","BELL ROAD",300.00,E,N,A,-,Y,,,49,,,,,,,N,4,0,2,3,A,-,03,22350,,N,C,C,A,A,H,-,A,D,0,,,,,Y,,A,01,0,0,2,0,0,0,0,0,0,"- ","- ",38.942089080810547,-121.09709930419922,PLACER,UNINCORPORATED,-121.09712219238281,38.942085266113281
91565786,2021,2021-09-08,9221,2021-08-27,1810,017669,,5,2,9,3100,0,1,1,,2,386,"I-80 W/B",WHITMORE,1320.00,W,N,A,-,Y,,,,,,,,,,Y,3,0,1,2,A,-,03,22350,,N,C,C,A,A,H,-,A,D,0,,,,Y,Y,,D,22,0,1,0,0,0,0,0,0,0,"- ","- ",39.145401000976562,-120.443603515625,PLACER,UNINCORPORATED,,
91566297,2021,2021-09-09,9220,2021-09-06,0930,015869,,1,1,9,3100,0,1,3,,1,249,"STATE ROUTE 49 (GRASS VALLEY HIGHWAY)","LONE STAR RD",0.00,,Y,A,-,Y,,,49,,,,,,,Y,3,0,1,2,A,-,09,21802,A,N,D,C,A,A,H,-,A,A,0,,,,,Y,,A,01,0,1,0,0,0,0,0,0,0,"- ","- ",38.996479034423828,-121.10913848876953,PLACER,UNINCORPORATED,-121.10912322998047,38.996463775634766
91566719,2021,2021-09-09,9220,2021-08-18,1619,013465,,3,2,9,3100,0,1,3,,1,265,"SR-65 S/B OFF TO SUNSET BLVD","SUNSET BLVD",360.00,N,N,A,-,Y,,,65,,,,R,,S,Y,4,0,1,1,A,-,03,22350,,N,E,I,A,A,H,-,A,D,0,,,Y,,Y,,C,02,0,0,1,0,0,0,0,0,1,"- ","- ",38.818279266357422,-121.30156707763672,PLACER,UNINCORPORATED,-121.30156707763672,38.818279266357422
91566770,2021,2021-09-09,9220,2021-07-02,1415,013465,,5,2,9,3100,0,3,5,,2,030,"SHERIDAN-LINCOLN BLVD","GLADDING RD",3221.00,N,N,A,-,N,,,,,,,,,,Y,2,0,1,2,A,-,08,22107,,N,C,C,A,A,H,-,A,D,0,,,,Y,Y,,D,22,1,0,0,0,0,0,0,0,0,"- ","- ",38.904499053955078,-121.30570983886719,PLACER,UNINCORPORATED,-121.30564117431641,38.905063629150391
91567243,2021,2021-09-23,9220,2021-09-02,0410,016657,,4,3,9,3100,0,2,4,,2,058,"DRY CREEK RD","GRIFFIN WAY",2.00,S,N,A,-,N,,,,,,,,,,Y,3,0,1,2,A,-,08,22107,,N,E,I,A,A,H,-,D,D,0,,,,,Y,,A,01,0,1,0,0,0,0,0,0,0,"- ","- ",38.959579467773438,-121.09838104248047,PLACER,UNINCORPORATED,-121.09799194335938,38.960212707519531
91567286,2021,2021-09-10,9220,2021-08-06,1600,017863,,5,2,9,3100,0,1,1,,2,282,"I-80 E/B","ROCK SPRINGS RD. UNDERCROSSING",528.00,W,N,B,-,Y,,,80,,,,,,E,Y,4,0,1,2,A,-,03,22350,,M,C,C,A,A,H,-,A,D,0,,,,,Y,,A,01,0,0,1,0,0,0,0,0,0,"- ","- ",38.84381103515625,-121.15657043457031,PLACER,UNINCORPORATED,-121.15658569335938,38.843833923339844
91567778,2021,2021-09-10,9220,2021-09-05,1105,015197,,7,1,9,3100,0,3,5,,2,020,"KINGSGATE DR.","STIRLING ST.",0.00,,Y,A,-,N,,,,,,,,,,N,3,0,1,2,A,-,12,22450,A,N,D,G,A,A,H,-,A,A,0,,Y,,,Y,,L,04,0,1,0,0,0,0,1,0,0,"- ","- ",38.745231628417969,-121.70847320556641,PLACER,UNINCORPORATED,-121.20848083496094,38.745243072509766
91568441,2021,2021-09-13,9220,2021-09-05,2020,017762,,7,2,9,3100,0,2,4,,2,051,"PLACER HILLS RD.","WHISPERING PINES RD",194.00,S,N,A,-,N,,,,,,,,,,Y,2,0,1,1,A,-,08,22107,,N,E,J,A,A,H,-,D,D,0,,,,,Y,Y,D,22,1,0,0,0,0,0,0,0,0,"- ","- ",39.031780242919922,-121.00459289550781,PLACER,UNINCORPORATED,-121.00460815429688,39.031650543212891
91568579,2021,2021-09-13,9220,2021-09-06,1940,017762,,1,2,9,3100,0,1,3,,1,249,SR-49,"FLORENCE LANE",490.00,S,N,A,-,N,,,49,,,,,,,Y,3,0,3,2,A,-,03,22350,,N,C,C,A,A,H,-,B,D,0,,,,,Y,,A,01,0,2,1,0,0,0,0,0,0,"- ","- ",38.976848602294922,-121.10800933837891,PLACER,UNINCORPORATED,-121.10792541503906,38.976871490478516
91568647,2021,2021-09-13,9221,2021-09-04,1720,017669,,6,2,9,3100,0,3,5,,2,070,"ALTA RESERVOIR RD","ALTA BONNYNOOK ROAD",2640.00,E,N,A,-,N,,,,,,,,,,N,2,0,1,1,A,-,03,22350,,N,F,A,A,A,H,-,A,D,0,,,Y,,Y,,C,03,1,0,0,0,0,0,0,0,1,"- ","- ",39.215011596679688,-120.7860107421875,PLACER,UNINCORPORATED,-120.7874755859375,39.213512420654297
91568650,2021,2021-09-13,9220,2021-08-13,1420,017863,,5,2,9,3100,0,1,1,,2,282,"I-80 W/B","BRACE RD. OVERCROSSING",725.00,E,N,A,-,Y,,,,,,,,,,Y,3,0,3,2,A,-,08,22107,,N,D,2,A,A,H,-,A,D,0,,,,,Y,,A,01,0,3,0,0,0,0,0,0,0,"- ","- ",38.811931610107422,-121.19499969482422,PLACER,UNINCORPORATED,-121.19498443603516,38.811866760253906
91568936,2021,2021-09-13,9220,2021-09-10,1512,015917,,5,2,5,3105,0,1,1,,2,281,"I-80 EASTBOUND","TAYLOR RD OVERCROSSING",488.00,E,N,A,-,Y,,,,,,,,,,Y,3,0,2,2,A,-,03,22350,,N,C,C,A,A,H,-,A,D,0,,,,,Y,,A,01,0,1,1,0,0,0,0,0,0,"- ","- ",38.819801330566406,-121.02760314941406,PLACER,ROSEVILLE,-121.25530242919922,38.765659332275391
91569555,2021,2021-09-14,9220,2021-09-01,2024,019148,,3,2,9,3100,0,1,3,,1,267,"SR-65 N/B","RIOSA RD.",0.00,,Y,A,-,Y,,,65,,,,,,N,Y,2,0,4,2,A,-,03,22350,,N,A,C,A,A,H,-,C,A,0,,,,,Y,,A,01,1,3,0,0,0,0,0,0,0,"- ","- ",38.979118347167969,-121.38253021240234,PLACER,UNINCORPORATED,-121.38262176513672,38.979080200195312
91572020,2021,2021-09-16,9221,2021-09-07,2010,016634,,2,2,9,3100,0,1,1,,2,386,"I-80 WESTBOUND","BLUE CANYON UNDERCROSSING",3168.00,W,N,A,-,Y,,,80,,,,,,W,N,4,0,2,1,A,-,21,22106,,M,E,I,A,A,H,-,D,D,0,,,,,Y,,A,07,0,0,2,0,0,0,0,0,0,"- ","- ",39.279190063476562,-120.71327972412109,PLACER,UNINCORPORATED,-120.71340942382812,39.279315948486328
91573056,2021,2021-09-17,9220,2021-09-09,1520,015491,,4,2,9,3100,0,3,5,,2,010,"ATHENS AVENUE","FOOTHILLS BOULEVARD NORTH",250.00,W,N,A,-,N,,,,,,,,,,Y,3,0,1,1,A,-,08,22107,,N,E,I,A,A,H,-,A,D,0,,,,,Y,,A,07,0,1,0,0,0,0,0,0,0,"- ","- ",38.838958740234375,-121.33023834228516,PLACER,UNINCORPORATED,-121.32677459716797,38.838985443115234
91573080,2021,2022-04-11,9220,2021-09-10,1515,015060,,5,2,3,3101,0,1,1,,2,282,I-80,"OPHIR ROAD",900.00,E,N,A,-,Y,,,80,,,,,,,Y,4,0,1,2,A,-,03,22350,,N,C,C,A,A,H,-,A,D,0,,,,,Y,,A,01,0,0,1,0,0,0,0,0,0,"- ","- ",38.895030975341797,-121.08171844482422,PLACER,AUBURN,-121.08167266845703,38.894985198974609
91573197,2021,2021-09-17,9221,2021-09-07,2016,017881,,2,2,9,3100,0,1,1,,2,386,"I-80 W/B","LAKE VALLEY ROAD",3168.00,W,N,C,-,Y,,,80,,,,,,W,Y,3,0,1,2,A,-,01,23152,A,N,B,C,A,A,H,-,C,D,0,,,,Y,Y,Y,A,07,0,1,0,0,0,0,0,0,0,"- ","- ",39.315498352050781,-120.62471771240234,PLACER,UNINCORPORATED,-120.62471008300781,39.315471649169922
91573507,2021,2021-09-17,9220,2021-09-15,2243,016031,,3,3,9,3100,0,3,5,,2,070,"FOWLER RD","WINDOW LN",1584.00,S,N,A,-,N,,,,,,,,,,Y,3,0,1,1,A,-,01,23152,A,N,E,I,A,A,H,-,A,D,0,,,,,Y,Y,A,07,0,1,0,0,0,0,0,0,0,"- ","- ",38.904331207275391,-121.21919250488281,PLACER,UNINCORPORATED,-121.21923065185547,38.904270172119141
91574194,2021,2021-09-20,9220,2021-09-12,0020,016657,,7,3,9,3100,0,1,1,,2,282,"I-80 W/B","HORSESHOE BAR RD",100.00,E,N,A,-,Y,,,,,,,,,,Y,3,0,1,1,A,-,01,23152,A,N,E,I,A,A,H,-,C,D,0,,,,,Y,Y,A,01,0,1,0,0,0,0,0,0,0,"- ","- ",38.816501617431641,-121.1900634765625,PLACER,UNINCORPORATED,-121.18890380859375,38.816970825195312
91574290,2021,2022-07-08,9220,2021-09-05,1845,016657,,7,2,9,3100,0,1,3,,1,267,SR-65,"WISE RD",380.00,S,N,A,-,Y,,,65,,,,,,,Y,2,0,2,2,A,-,03,22350,,N,C,C,A,A,H,-,B,A,0,,,,,Y,,D,22,1,0,1,0,0,0,0,0,0,"- ","- ",38.925258636474609,-121.36833190917969,PLACER,UNINCORPORATED,-121.36835479736328,38.925262451171875
91574731,2021,2021-09-20,9220,2021-09-17,1505,019621,,5,2,5,3105,0,1,1,,2,281,"I-80 W/B","ROSEVILLE PKWY",125.00,E,N,A,-,Y,,,80,,,,,,W,N,4,0,1,2,A,-,03,22350,,F,C,C,A,A,H,-,A,A,0,,,,,Y,,-,99,0,0,1,0,0,0,0,0,0,"- ","- ",38.763328552246094,-121.25833129882812,PLACER,ROSEVILLE,-121.25834655761719,38.763339996337891
91574849,2021,2021-09-20,9220,2021-07-17,2050,015917,,6,2,5,3105,0,1,1,,2,281,"I-80 WESTBOUND",SR-65,2165.00,E,N,A,-,Y,,,,,,,,,,Y,4,0,1,2,A,-,01,23152,A,N,C,C,A,A,H,-,C,D,0,,,,Y,Y,Y,A,07,0,0,1,0,0,0,0,0,0,"- ","- ",38.773200988769531,-121.24369812011719,PLACER,ROSEVILLE,,
91574900,2021,2021-09-20,9220,2021-04-03,0045,016031,,6,3,2,3103,0,1,3,,1,265,"SR-65 N/B TO LINCOLN BLVD.","LINCOLN BLVD",420.00,S,N,A,-,Y,,,65,,,,R,,N,Y,2,0,4,1,A,-,01,23152,A,N,E,I,A,A,H,-,D,D,0,,,,,Y,Y,A,01,3,1,0,0,0,0,0,0,0,"- ","- ",38.864700317382812,-121.29982757568359,PLACER,LINCOLN,-121.29982757568359,38.864700317382812
91575837,2021,2021-09-21,9221,2021-09-12,0220,018740,,7,3,9,3100,0,1,1,,2,384,"I-80 W/B",SR-174,7920.00,W,N,A,-,Y,,,80,,,,,,W,Y,3,0,1,1,A,-,08,22107,,N,E,I,A,A,H,-,D,D,0,,,,,Y,,A,01,0,1,0,0,0,0,0,0,0,"- ","- ",39.116901397705078,-120.94338226318359,PLACER,UNINCORPORATED,-120.94319915771484,39.116779327392578
91578849,2021,2021-09-24,9221,2021-09-18,2349,021216,,6,3,9,3100,0,1,1,,2,384,"I-80 W/B","CARPENTER RD",350.00,W,N,B,C,Y,,,80,,,,,,W,Y,4,0,1,1,A,-,03,22350,,N,E,I,A,B,H,-,D,D,0,,,,,Y,,A,07,0,0,1,0,0,0,0,0,0,"- ","- ",39.120880126953125,-120.94126129150391,PLACER,UNINCORPORATED,-120.94121551513672,39.120868682861328
91579050,2021,2021-09-24,9222,2021-09-10,1200,015913,,5,1,9,3100,0,1,3,,1,016,SR-267,"HIGHLANDS VIEW RD.",2112.00,S,N,A,-,Y,,,267,,,,,,,Y,2,0,1,2,A,-,21,22106,,N,D,C,A,A,H,-,A,D,0,,,,Y,Y,,A,01,1,0,0,0,0,0,0,0,0,"- ","- ",39.273601531982422,-120.10002899169922,PLACER,UNINCORPORATED,-120.10012054443359,39.273517608642578
91580078,2021,2021-09-27,9220,2021-09-06,1710,017762,,1,2,9,3100,0,1,3,,1,249,SR-49,"DRY CREEK RD.",60.00,N,N,A,-,N,,,49,,,,,,,N,4,0,2,2,A,-,21,22106,,N,C,C,A,A,H,-,A,A,0,,,,,Y,,A,01,0,0,2,0,0,0,0,0,0,"- ","- ",38.956901550292969,-121.10150146484375,PLACER,UNINCORPORATED,-121.10138702392578,38.956924438476562
91580115,2021,2021-09-27,9220,2021-09-16,1540,017482,,4,2,9,3100,0,3,5,,2,040,"SHERIDAN LINCOLN RD","GLADDING ST",2948.00,N,N,A,-,N,,,,,,,,,,Y,3,0,1,2,A,-,01,23152,A,N,B,C,A,A,H,-,A,D,0,,,,,Y,Y,A,01,0,1,0,0,0,0,0,0,0,"- ","- ",38.904701232910156,-121.30499267578125,PLACER,UNINCORPORATED,-121.30490112304688,38.904624938964844
91580156,2021,2021-09-27,9220,2021-09-17,1740,015060,,5,2,9,3100,0,2,4,,2,075,"TAYLOR RD.","ENGLISH COLONY WAY",1000.00,S,N,A,-,N,,,,,,,,,,N,3,0,1,2,A,-,05,21460,A,N,D,C,A,A,H,-,A,D,0,,,Y,,Y,,D,22,0,1,0,0,0,0,0,0,1,"- ","- ",38.848911285400391,-121.16673278808594,PLACER,UNINCORPORATED,-121.16656494140625,38.849117279052734
91580226,2021,2021-09-27,9220,2021-09-21,0845,015917,,2,1,5,3105,0,1,1,,2,281,"I-80 EASTBOUND","LEAD HILL BLVD",534.00,W,N,A,-,Y,,,80,,,,,,E,N,4,0,3,2,A,-,03,22350,,N,C,C,A,A,H,-,A,D,0,,,,,Y,,A,01,0,0,3,0,0,0,0,0,0,"- ","- ",38.75067138671875,-121.26605987548828,PLACER,ROSEVILLE,-121.26625061035156,38.750789642333984
91580324,2021,2021-09-27,9220,2021-09-21,1920,015060,,2,2,9,3100,0,3,5,,2,070,"ENGLISH COLONY","BUTLER ROAD",1000.00,W,N,A,-,N,,,,,,,,,,Y,3,0,2,1,C,-,18,,,N,H,H,A,A,H,-,D,D,0,,,Y,,Y,,-,"- ",0,2,0,0,0,0,0,0,2,"- ","- ",38.854080200195312,-121.18119049072266,PLACER,UNINCORPORATED,-121.20449066162109,38.854026794433594
91580400,2021,2021-09-27,9221,2021-09-19,1114,018530,,7,1,9,3100,0,1,1,,2,387,"I80 EASTBOUND","YUBA GAP OVER-CROSSING",1056.00,E,N,B,-,Y,,,,,,,,,,Y,3,0,1,2,A,-,07,21658,A,N,B,C,A,A,H,-,A,D,0,,,,Y,Y,,A,01,0,1,0,0,0,0,0,0,0,"- ","- ",39.319511413574219,-120.60929107666016,PLACER,UNINCORPORATED,-120.46635437011719,39.314144134521484
91580807,2021,2021-09-27,9220,2021-09-17,1606,019431,,5,2,9,3100,0,3,5,,2,010,"ATHENS AVE.","FOOTHILL BLVD.",0.00,,Y,A,-,N,,,,,,,,,,Y,3,0,1,2,A,-,09,21801,A,N,D,C,A,A,H,-,A,D,0,,,,,Y,,A,01,0,1,0,0,0,0,0,0,0,"- ","- ",38.838901519775391,-121.32550811767578,PLACER,UNINCORPORATED,-121.32589721679688,38.838985443115234
91583787,2021,2021-09-30,9220,2021-09-22,1553,019431,,3,2,9,3100,0,1,3,,1,265,"SR-65 N/B","BLUE OAKS BLVD.",1500.00,S,N,A,-,Y,,,,,,,,,,Y,3,0,3,3,A,-,03,22350,,N,C,C,A,A,H,-,A,D,0,,,,,Y,,A,07,0,3,0,0,0,0,0,0,0,"- ","- ",38.789108276367188,-121.28804779052734,PLACER,UNINCORPORATED,-121.29409790039062,38.792327880859375
91584023,2021,2021-09-30,9220,2021-09-27,1145,016685,,1,1,9,3100,0,1,3,,1,265,"SR-65 S/B",I-80,1700.00,N,N,A,-,Y,,,,,,,,,,N,4,0,1,2,A,-,07,21658,A,M,B,C,A,A,H,-,A,D,0,,,,,Y,Y,-,99,0,0,1,0,0,0,0,0,0,"- ","- ",38.772708892822266,-121.25398254394531,PLACER,UNINCORPORATED,,
91584028,2021,2021-09-30,9220,2021-09-26,1205,016685,,7,1,5,3105,0,1,3,,1,265,"SR-65 S/B FROM PLEASANT GROVE BOULEVARD","PLEASANT GROVE BLVD OVER-CROSSING",170.00,N,N,A,-,Y,,,65,,,,R,,S,Y,3,0,1,2,A,-,03,22350,,N,C,C,A,A,H,-,A,D,0,,,,,Y,,A,07,0,1,0,0,0,0,0,0,0,"- ","- ",38.786651611328125,-121.28498840332031,PLACER,ROSEVILLE,-121.28498840332031,38.786651611328125
91585790,2021,2021-10-01,9221,2021-09-25,1130,015869,,6,1,9,3100,0,3,5,,2,070,"FORESTHILL ROAD","DEADWOOD ROAD",1584.00,W,N,A,-,Y,,,,,,,,,,N,2,0,1,1,A,-,08,22107,,N,H,A,A,A,H,-,A,D,0,,,Y,,Y,,C,02,1,0,0,0,0,0,0,0,1,"- ","- ",39.175991058349609,-120.63500213623047,PLACER,UNINCORPORATED,-120.63428497314453,39.176399230957031
91585899,2021,2021-10-01,9220,2021-09-25,1258,015491,,6,1,9,3100,0,1,3,,2,293,"STATE ROUTE 193","STAGECOACH LANE",365.00,E,N,A,-,Y,,,193,,,,,,,Y,2,0,1,2,A,-,06,21750,,N,B,C,A,A,H,-,A,A,0,,,Y,,Y,,C,02,1,0,0,0,0,0,0,0,1,"- ","- ",38.886451721191406,-121.24362945556641,PLACER,UNINCORPORATED,-121.24362945556641,38.886516571044922
91585969,2021,2021-10-01,9220,2021-09-28,1920,019621,,2,2,9,3100,0,2,4,,2,027,"AUBURN FOLSOM RD S/B","SEQUOIA DR",375.00,S,N,A,-,N,,,,,,,,,,Y,3,0,1,1,C,-,18,,,N,E,H,A,A,H,-,D,A,0,,,Y,,Y,,-,"- ",0,1,0,0,0,0,0,0,1,"- ","- ",38.798030853271484,-121.13263702392578,PLACER,UNINCORPORATED,-121.13260650634766,38.798130035400391
91586116,2021,2021-10-01,9221,2021-09-25,2350,018740,,6,3,9,3100,0,1,1,,2,388,"I-80 E/B","CISCO GROVE O/C",320.00,W,N,A,-,Y,,,80,,,,,,E,Y,3,0,1,1,A,-,08,22107,,N,E,I,A,A,H,-,D,D,0,,,,,Y,,A,08,0,1,0,0,0,0,0,0,0,"- ","- ",39.312301635742188,-120.54799652099609,PLACER,UNINCORPORATED,-120.54820251464844,39.311927795410156
91586171,2021,2021-10-01,9221,2021-09-26,0650,015950,,7,1,9,3100,0,1,1,,2,384,"I-80 WESTBOUND","CAPE HORN ROAD",2640.00,W,N,A,-,Y,,,80,,,,,,W,Y,2,0,1,1,A,-,03,22350,,N,E,I,A,A,H,-,B,A,0,,,Y,,Y,,C,02,1,0,0,0,0,0,0,0,1,"- ","- ",39.138389587402344,-120.92861175537109,PLACER,UNINCORPORATED,-120.92857360839844,39.138343811035156
91587684,2021,2021-10-04,9220,2021-09-26,1600,017027,,7,2,9,3100,0,2,4,,2,022,"DOUGLAS BLVD","BERG ST",289.00,S,N,A,-,N,,,,,,,,,,Y,3,0,3,2,A,-,09,21804,A,N,C,C,A,A,H,-,A,D,0,,,,,Y,,A,07,0,1,2,0,0,0,0,0,0,"- ","- ",38.744098663330078,-121.19754028320312,PLACER,UNINCORPORATED,-121.19863128662109,38.744148254394531
91588304,2021,2021-10-05,9220,2021-10-02,0920,015869,,6,1,9,3100,0,1,1,,2,283,"I-80 E/B","PLACER HILLS ROAD",1056.00,E,N,A,-,Y,,,,,,,,,,Y,4,0,2,2,A,-,03,22350,,N,C,C,A,A,H,-,A,D,0,,,,Y,Y,,A,01,0,0,2,0,0,0,0,0,0,"- ","- ",38.976181030273438,-121.12507629394531,PLACER,UNINCORPORATED,-121.01731109619141,38.970016479492188
91588345,2021,2021-10-05,9220,2021-10-02,1000,015961,,6,1,5,3105,0,1,1,,2,281,"I-80 (E/B)","TAYLOR RD O/C",285.00,W,N,A,-,Y,,,80,,,,,,,Y,3,0,1,1,C,-,18,,,N,F,A,A,A,H,-,A,D,0,,,Y,,Y,,-,"- ",0,1,0,0,0,0,0,0,1,"- ","- ",38.761920928955078,-121.25877380371094,PLACER,ROSEVILLE,-121.2589111328125,38.762016296386719
91589313,2021,2021-10-06,9220,2021-09-26,1715,017762,,7,2,9,3100,0,2,4,,2,064,"FORESTHILL RD.","TODD VALLEY RD.",0.00,,Y,A,-,N,,,,,,,,,,Y,3,0,2,2,A,-,09,21802,A,N,D,C,A,A,H,-,A,A,0,,,,,Y,,A,07,0,2,0,0,0,0,0,0,0,"- ","- ",38.998260498046875,-121.87505340576172,PLACER,UNINCORPORATED,-120.87491607666016,38.998260498046875
91589323,2021,2021-10-06,9220,2021-09-27,1445,017762,,1,2,5,3105,0,1,3,,1,265,"SR-65 N/B","PLEASANT GROVE BLVD.",2640.00,S,N,A,-,Y,,,,,,,,,,Y,4,0,2,2,A,-,03,22350,,N,C,C,A,A,H,-,A,D,0,,,,,Y,,A,01,0,0,2,0,0,0,0,0,0,"- ","- ",38.819801330566406,-121.02760314941406,PLACER,ROSEVILLE,-121.27618408203125,38.782707214355469