CASE_ID,ACCIDENT_YEAR,PROC_DATE,JURIS,COLLISION_DATE,COLLISION_TIME,OFFICER_ID,REPORTING_DISTRICT,DAY_OF_WEEK,CHP_SHIFT,POPULATION,CNTY_CITY_LOC,SPECIAL_COND,BEAT_TYPE,CHP_BEAT_TYPE,CITY_DIVISION_LAPD,CHP_BEAT_CLASS,BEAT_NUMBER,PRIMARY_RD,SECONDARY_RD,DISTANCE,DIRECTION,INTERSECTION,WEATHER_1,WEATHER_2,STATE_HWY_IND,CALTRANS_COUNTY,CALTRANS_DISTRICT,STATE_ROUTE,ROUTE_SUFFIX,POSTMILE_PREFIX,POSTMILE,LOCATION_TYPE,RAMP_INTERSECTION,SIDE_OF_HWY,TOW_AWAY,COLLISION_SEVERITY,NUMBER_KILLED,NUMBER_INJURED,PARTY_COUNT,PRIMARY_COLL_FACTOR,PCF_CODE_OF_VIOL,PCF_VIOL_CATEGORY,PCF_VIOLATION,PCF_VIOL_SUBSECTION,HIT_AND_RUN,TYPE_OF_COLLISION,MVIW,PED_ACTION,ROAD_SURFACE,ROAD_COND_1,ROAD_COND_2,LIGHTING,CONTROL_DEVICE,CHP_ROAD_TYPE,PEDESTRIAN_ACCIDENT,BICYCLE_ACCIDENT,MOTORCYCLE_ACCIDENT,TRUCK_ACCIDENT,NOT_PRIVATE_PROPERTY,ALCOHOL_INVOLVED,STWD_VEHTYPE_AT_FAULT,CHP_VEHTYPE_AT_FAULT,COUNT_SEVERE_INJ,COUNT_VISIBLE_INJ,COUNT_COMPLAINT_PAIN,COUNT_PED_KILLED,COUNT_PED_INJURED,COUNT_BICYCLIST_KILLED,COUNT_BICYCLIST_INJURED,COUNT_MC_KILLED,COUNT_MC_INJURED,PRIMARY_RAMP,SECONDARY_RAMP,LATITUDE,LONGITUDE,COUNTY,CITY,POINT_X,POINT_Y
91591032,2021,2021-10-07,9220,2021-10-01,1525,015272,,5,2,9,3100,0,1,3,,1,267,"SR-65 N/B","WHEATLAND RD",250.00,N,N,A,-,Y,,,,,,,,,,Y,4,0,1,2,A,-,03,22350,,N,C,C,A,A,H,-,A,D,0,,,,,Y,,A,08,0,0,1,0,0,0,0,0,0,"- ","- ",34.123458862304688,-121.12345886230469,PLACER,UNINCORPORATED,-121.40084838867188,38.996627807617188
91591049,2021,2021-10-07,9221,2021-09-04,1545,015950,,6,2,9,3100,0,3,5,,2,070,"MAGRA ROAD","RIVER RIDGE ROAD",2640.00,E,N,A,-,N,,,,,,,,,,Y,1,1,0,1,A,-,03,22350,,N,E,I,A,A,H,-,A,A,0,,,,,Y,Y,A,01,0,0,0,0,0,0,0,0,0,"- ","- ",39.156108856201172,-120.87528228759766,PLACER,UNINCORPORATED,-120.87491607666016,39.156929016113281
91593911,2021,2021-10-12,9220,2021-09-30,0745,013794,,4,1,9,3100,0,2,4,,2,064,"FORESTHILL ROAD","LITTLE OAK LANE",0.00,,Y,A,-,N,,,,,,,,,,Y,3,0,2,2,A,-,09,21802,A,N,D,D,A,A,H,-,A,A,0,,,,,Y,,A,07,0,2,0,0,0,0,0,0,0,"- ","- ",38.998050689697266,-120.87359619140625,PLACER,UNINCORPORATED,-120.87346649169922,38.99810791015625
91595278,2021,2021-10-13,9220,2021-10-04,1445,016682,,1,2,9,3100,0,1,3,,1,265,"SR-65 S/B","SUNSET BLVD",1765.00,S,N,A,-,Y,,,65,,,,,,S,N,4,0,1,2,A,-,03,22350,,N,C,C,A,A,H,-,A,D,0,,,,,Y,,A,01,0,0,1,0,0,0,0,0,0,"- ","- ",38.822319030761719,-121.30023956298828,PLACER,UNINCORPORATED,-121.30028533935547,38.822319030761719
91595293,2021,2021-10-13,9220,2021-10-03,0225,019040,,7,3,5,3105,0,1,1,,2,281,"I-80 W/B","EAST ROSEVILLE PKY",225.00,E,N,A,-,Y,,,80,,,,,,W,Y,4,0,1,1,A,-,08,22107,,N,E,I,A,A,H,-,C,D,0,,,,,Y,,A,01,0,0,1,0,0,0,0,0,0,"- ","- ",38.763671875,-121.25833129882812,PLACER,ROSEVILLE,-121.25818634033203,38.763557434082031
91596571,2021,2021-10-14,9220,2021-10-10,0255,020072,,7,3,9,3100,0,1,3,,1,265,"SR-265 S/B","BLUE OAKS BLVD",2640.00,N,N,A,-,Y,,,,,,,,,,Y,4,0,1,2,A,-,07,21658,A,F,B,C,A,A,H,-,D,D,0,,,,,Y,Y,-,99,0,0,1,0,0,0,0,0,0,"- ","- ",38.802009582519531,-121.30019378662109,PLACER,UNINCORPORATED,,
91596582,2021,2021-10-14,9220,2021-10-11,1247,015917,,1,1,5,3105,0,1,1,,2,281,"I-80 EASTBOUND","ROCKLIN RD",100.00,W,N,A,G,Y,,,,,,,,,,Y,4,0,3,3,A,-,03,22350,,N,C,C,A,A,H,-,A,D,0,,,,,Y,,A,07,0,0,3,0,0,0,0,0,0,"- ","- ",38.788070678710938,-121.2236328125,PLACER,ROSEVILLE,-121.22409820556641,38.787151336669922
91597654,2021,2021-10-15,9220,2021-10-13,2230,018768,,3,3,9,3100,0,3,5,,2,070,"BRENNANS RD","OLD ORCHARD ROAD",1584.00,N,N,A,-,N,,,,,,,,,,Y,4,0,1,1,C,-,18,,,N,E,H,A,A,H,-,D,D,0,,,,,Y,,-,"- ",0,0,1,0,0,0,0,0,0,"- ","- ",38.829170227050781,-121.13252258300781,PLACER,UNINCORPORATED,-121.13283538818359,38.829399108886719
91597784,2021,2021-10-15,9220,2021-10-14,1118,015197,,4,1,5,3105,0,1,1,,2,281,"I-80 E/B","EAST ROSEVILLE PKWY",50.00,E,N,A,-,Y,,,,,,,,,,Y,3,0,1,2,A,-,03,22350,,N,C,C,A,A,H,-,A,D,0,,,,,Y,,A,01,0,1,0,0,0,0,0,0,0,"- ","- ",38.582401275634766,-121.49539947509766,PLACER,ROSEVILLE,-121.25830078125,38.762813568115234
91599635,2021,2021-10-18,9221,2021-10-17,1510,019869,,7,2,9,3100,0,1,1,,2,385,"INTERSTATE 80 EASTBOUND","CRYSTAL SPRINGS ROAD",69.00,W,N,B,-,Y,,,,,,,,,,Y,2,0,1,1,A,-,03,22350,,N,E,I,A,A,D,-,A,A,0,,,,,Y,,A,01,1,0,0,0,0,0,0,0,0,"- ","- ",39.209171295166016,-120.18636322021484,PLACER,UNINCORPORATED,-120.78415679931641,39.210411071777344
91600068,2021,2021-10-19,9220,2021-10-07,1640,013997,,4,2,9,3100,0,2,4,,2,051,"PLACER HILLS ROAD","SUGAR PINE ROAD",240.00,S,N,B,-,N,,,,,,,,,,Y,3,0,1,1,A,-,03,22350,,N,E,I,A,B,H,-,A,D,0,,,,,Y,,A,01,0,1,0,0,0,0,0,0,0,"- ","- ",38.980888366699219,-121.02471160888672,PLACER,UNINCORPORATED,-121.02468872070312,38.981040954589844
91600234,2021,2021-10-19,9220,2021-10-09,1545,017762,,6,2,9,3100,0,2,4,,1,011,"BASELINE RD.","WATT AVE.",5280.00,W,N,A,-,N,,,,,,,,,,N,4,0,1,1,A,-,08,22107,,N,E,I,A,A,H,-,A,D,0,,,,,Y,,D,22,0,0,1,0,0,0,0,0,0,"- ","- ",38.751628875732422,-121.39994812011719,PLACER,UNINCORPORATED,-121.41118621826172,38.751708984375
91600247,2021,2021-10-19,9220,2021-10-11,1255,014988,,1,1,5,3105,0,1,3,,1,265,"SR-65 N/B TO BLUE OAKS BOULEVARD","BLUE OAKS BLVD",1500.00,S,N,A,-,Y,,,65,,,,R,,N,N,4,0,1,2,A,-,07,21658,A,N,B,C,A,A,H,-,A,D,0,,,,,Y,,A,01,0,0,1,0,0,0,0,0,0,"- ","- ",38.793411254882812,-121.29456329345703,PLACER,ROSEVILLE,-121.29456329345703,38.793411254882812
91600410,2021,2021-10-19,9220,2021-10-16,1355,017863,,6,1,9,3100,0,1,3,,1,249,"SR-49 N/B","DRY CREEK RD.",400.00,S,N,A,-,Y,,,49,,,,,,N,N,3,0,1,2,A,-,03,22350,,N,C,C,A,A,H,-,A,A,0,,,,,Y,,D,22,0,1,0,0,0,0,0,0,0,"- ","- ",38.955471038818359,-121.10098266601562,PLACER,UNINCORPORATED,-121.10107421875,38.955448150634766
91600626,2021,2021-10-19,9220,2021-10-17,0628,015917,,7,1,9,3100,0,2,4,,2,022,"DOUGLAS BLVD EASTBOUND","SEENO AVE",118.00,E,N,A,-,N,,,,,,,,,,N,4,0,1,1,A,-,08,22107,,N,E,I,A,A,H,-,C,D,0,,,,,Y,,A,01,0,0,1,0,0,0,0,0,0,"- ","- ",38.743858337402344,-121.20980834960938,PLACER,UNINCORPORATED,-121.21029663085938,38.743980407714844
91601823,2021,2021-10-20,9222,2021-05-25,1520,017515,,2,2,9,3100,0,1,3,,1,013,"STATE ROUTE 89 SOUTH","CABIN CREEK ROAD",317.00,N,N,A,-,Y,,,,,,,,,,Y,1,2,1,2,A,-,05,21460,A,N,A,C,A,A,H,-,A,D,0,,,,Y,Y,,A,01,0,1,0,0,0,0,0,0,0,"- ","- ",39.286800384521484,-120.12300109863281,PLACER,UNINCORPORATED,-120.20695495605469,39.279071807861328
91604051,2021,2021-10-22,9220,2021-10-12,0505,016657,,2,3,9,3100,0,1,1,,2,283,"I-80 E/B","CANYON WAY",3168.00,W,N,A,-,Y,,,80,,,,,,E,Y,3,0,1,1,A,-,01,23152,A,N,E,I,A,A,H,-,D,D,0,,,,,Y,Y,A,01,0,1,0,0,0,0,0,0,0,"- ","- ",39.070011138916016,-120.96398162841797,PLACER,UNINCORPORATED,-120.9639892578125,39.070011138916016
91605389,2021,2021-10-25,9220,2021-10-13,1455,016682,,3,2,5,3105,0,1,1,,2,281,"I-80 E/B","ROSEVILLE PARKWAY",232.00,W,N,A,-,Y,,,80,,,,,,E,N,4,0,1,2,A,-,03,22350,,N,C,C,A,A,H,-,A,D,0,,,,,Y,,A,01,0,0,1,0,0,0,0,0,0,"- ","- ",38.762100219726562,-121.25881195068359,PLACER,ROSEVILLE,-121.25884246826172,38.762123107910156
91605423,2021,2021-10-25,9220,2021-10-14,1425,017397,,4,2,9,3100,0,1,1,,2,282,"I-80 E/B","GILARDI RD.",1600.00,E,N,A,-,Y,,,80,,,,,,E,Y,3,0,1,2,A,-,03,22350,,N,C,2,A,A,H,-,A,D,0,,,,,Y,,A,01,0,1,0,0,0,0,0,0,0,"- ","- ",38.857810974121094,-121.13967895507812,PLACER,UNINCORPORATED,-121.1396484375,38.857769012451172
91605478,2021,2021-10-25,9220,2021-10-12,1805,016682,,2,2,9,3100,0,2,S,,2,901,"SIERRA COLLEGE BLVD","DOUGLAS BLVD",624.00,N,N,A,-,N,,,,,,,,,,Y,4,0,2,2,A,-,09,21804,A,N,D,C,A,A,H,-,B,D,0,,,,,Y,,A,07,0,0,2,0,0,0,0,0,0,"- ","- ",38.745681762695312,-121.22635650634766,PLACER,UNINCORPORATED,-121.226318359375,38.745651245117188
91605788,2021,2021-10-25,9220,2021-10-18,1735,017397,,1,2,9,3100,0,3,5,,2,010,"PLEASANT GROVE RD","TIMS LN.",2265.00,S,N,A,-,N,,,,,,,,,,Y,2,0,1,2,A,-,05,21650,,N,B,C,A,A,H,-,A,D,0,,,,Y,Y,,D,22,1,0,0,0,0,0,0,0,0,"- ","- ",38.737239837646484,-121.48438262939453,PLACER,UNINCORPORATED,-121.48438262939453,38.737400054931641
91605857,2021,2021-10-25,9220,2021-10-21,0140,018768,,4,3,5,3105,0,1,1,,2,281,"INTERSTATE 80 (EASTBOUND)","TAYLOR ROAD",108.00,W,N,B,-,Y,,,80,,,,,,,Y,4,0,1,1,A,-,08,22107,,N,E,I,A,B,H,-,C,D,0,,,,,Y,,D,22,0,0,1,0,0,0,0,0,0,"- ","- ",38.765140533447266,-121.25630187988281,PLACER,ROSEVILLE,-121.25626373291016,38.765083312988281
91605887,2021,2021-10-25,9220,2021-10-21,0025,016657,,4,3,9,3100,0,1,1,,2,283,"I-80 W/B","HEATHER GLEN ROAD",1800.00,E,N,B,C,Y,,,80,,,,,,W,Y,4,0,2,2,A,-,08,22107,,N,E,8,A,B,H,-,D,D,0,,,,Y,Y,,A,01,0,0,2,0,0,0,0,0,0,"- ","- ",39.021438598632812,-120.97930145263672,PLACER,UNINCORPORATED,-120.97948455810547,39.021595001220703
91606325,2021,2021-10-26,9220,2021-10-15,2153,019454,,5,2,5,3105,0,1,3,,1,265,"SR-65 NORTHBOUND","GALLERIA BOULEVARD",673.00,S,N,A,-,Y,,,65,,,,,,N,Y,3,0,1,1,A,-,01,23152,A,N,E,I,A,A,H,-,D,D,0,,,,,Y,Y,A,01,0,1,0,0,0,0,0,0,0,"- ","- ",38.776290893554688,-121.26357269287109,PLACER,ROSEVILLE,-121.26351928710938,38.776382446289062
91607481,2021,2021-10-27,9221,2021-10-21,1910,017669,,4,2,9,3100,0,1,3,,1,374,"STATE ROUTE 174","WHITE OAK DRIVE",1056.00,N,N,B,-,Y,,,,,,,,,,Y,4,0,1,1,A,-,03,22350,,N,E,I,A,B,H,-,D,D,0,,,,,Y,,A,07,0,0,1,0,0,0,0,0,0,"- ","- ",39.126781463623047,-120.85807037353516,PLACER,UNINCORPORATED,-120.95745849609375,39.126392364501953
91608584,2021,2021-11-16,9220,2021-10-18,1630,016682,,1,2,9,3100,0,2,4,,2,027,"AUBURN FOLSOM RD","LAKE TRAIL CT",433.00,S,N,A,-,N,,,,,,,,,,Y,4,0,3,3,A,-,03,22350,,N,C,C,A,A,H,-,A,D,0,,,,,Y,,A,07,0,0,3,0,0,0,0,0,0,"- ","- ",38.734340667724609,-121.17046356201172,PLACER,UNINCORPORATED,-121.17054748535156,38.734210968017578
91608878,2021,2021-10-28,9220,2021-10-21,0615,013794,,4,1,9,3100,0,1,1,,2,283,"I-80 (E/B)","RUSSELL ROAD",2112.00,W,N,B,-,Y,,,,,,,,,,Y,3,0,1,1,A,-,08,22107,,N,E,I,A,B,H,-,D,D,0,,,,,Y,,A,01,0,1,0,0,0,0,0,0,0,"- ","- ",38.909328460693359,-121.06977081298828,PLACER,UNINCORPORATED,-121.06732940673828,38.911731719970703
91610736,2021,2021-10-29,9220,2021-10-23,0015,019621,,6,3,9,3100,0,3,5,,2,010,"INDUSTRIAL AVENUE","CYBER CT",2112.00,N,N,B,-,N,,,,,,,,,,N,4,0,1,2,A,-,11,21954,A,N,G,B,E,A,H,-,D,A,0,Y,,,,Y,,N,60,0,0,1,0,1,0,0,0,0,"- ","- ",38.828830718994141,-121.30713653564453,PLACER,UNINCORPORATED,-121.30710601806641,38.828498840332031
91610741,2021,2021-10-29,9220,2021-10-24,1530,017397,,7,2,9,3100,0,1,1,,2,283,"I-80 E/B","W WEIMAR CROSS RD.",2760.00,E,N,C,-,Y,,,80,,,,,,E,Y,3,0,1,2,A,-,03,22350,,N,E,I,A,B,H,-,A,D,0,,,,Y,Y,,A,01,0,1,0,0,0,0,0,0,0,"- ","- ",39.0518798828125,-120.9705810546875,PLACER,UNINCORPORATED,-120.970703125,39.051921844482422
91610787,2021,2021-10-29,9220,2021-10-27,1635,017397,,3,2,9,3100,0,1,1,,2,282,"I-80 E/B","ROCK SPRINGS RD.",650.00,E,N,A,-,Y,,,80,,,,,,E,Y,3,0,1,2,A,-,03,22350,,N,C,C,A,A,H,-,A,D,0,,,,,Y,,A,07,0,1,0,0,0,0,0,0,0,"- ","- ",38.846511840820312,-121.15337371826172,PLACER,UNINCORPORATED,-121.15335083007812,38.846481323242188
91615123,2021,2021-11-03,9220,2021-10-28,2317,019621,,4,3,9,3100,0,1,1,,2,282,"I-80 W/B","HORSESHOE BAR ROAD",400.00,E,N,A,-,Y,,,,,,,,,,Y,4,0,1,2,A,-,08,22107,,N,E,I,A,A,H,-,A,A,0,,,,Y,Y,,A,01,0,0,1,0,0,0,0,0,0,"- ","- ",38.817531585693359,-121.18804168701172,PLACER,UNINCORPORATED,-121.18818664550781,38.817577362060547
91616132,2021,2021-11-04,9220,2021-11-01,1454,017375,,1,2,9,3100,0,1,1,,2,283,"I-80 E/B","ELM AVE",230.00,E,N,C,-,Y,,,,,,,,,,Y,4,0,1,2,A,-,08,22107,,N,A,C,A,B,H,-,A,D,0,,,,,Y,,B,01,0,0,1,0,0,0,0,0,0,"- ","- ",38.904048919677734,-121.07128143310547,PLACER,UNINCORPORATED,-121.07156372070312,38.903499603271484
91616140,2021,2021-11-04,9220,2021-10-26,0720,016685,,2,1,5,3105,0,1,1,,2,281,"I-80 E/B","TAYLOR ROAD",1056.00,E,N,B,-,Y,,,80,,,,,,E,N,4,0,1,3,A,-,07,21658,A,N,B,C,A,A,H,-,A,D,0,,,,,Y,,A,01,0,0,1,0,0,0,0,0,0,"- ","- ",38.767181396484375,-121.25286865234375,PLACER,ROSEVILLE,-121.25287628173828,38.767192840576172
91617387,2021,2021-11-05,9220,2021-10-29,1605,016685,,5,2,9,3100,0,3,5,,2,070,"PENRYN ROAD","BOULDER CREEK PLACE",20.00,N,N,A,-,N,,,,,,,,,,N,3,0,1,1,A,-,03,22350,,N,F,A,A,A,H,-,A,D,0,,,,,Y,,A,01,0,1,0,0,0,0,0,0,0,"- ","- ",38.832359313964844,-121.16864776611328,PLACER,UNINCORPORATED,-121.16859436035156,38.832324981689453
91617580,2021,2021-11-05,9220,2021-11-04,1710,015961,,4,2,5,3105,0,1,1,,2,281,"I-80 (W/B)","DOUGLAS BLVD O/C",365.00,W,N,B,-,Y,,,80,,,,,,,N,4,0,1,2,A,-,02,22400,A,N,C,C,A,A,H,-,A,D,0,,,,Y,Y,,A,01,0,0,1,0,0,0,0,0,0,"- ","- ",38.743049621582031,-121.27162170410156,PLACER,ROSEVILLE,-121.27153778076172,38.742996215820312
91618675,2021,2021-11-08,9220,2021-10-31,2205,016657,,7,3,9,3100,0,1,1,,2,283,"I-80 W/B","ELM AVE",400.00,E,N,A,-,Y,,,,,,,,,,Y,4,0,1,3,A,-,03,22350,,N,B,C,A,A,H,-,C,D,0,,,,,Y,,D,22,0,0,1,0,0,0,0,0,0,"- ","- ",38.904560089111328,-121.07145690917969,PLACER,UNINCORPORATED,-121.07176971435547,38.903518676757812
91618757,2021,2021-11-08,9220,2021-10-30,1415,017762,,6,2,5,3105,0,1,1,,2,281,"I-80 E/B","ROSEVILLE PARKWAY",240.00,E,N,A,-,Y,,,80,,,,,,E,Y,4,0,1,3,A,-,03,22350,,N,C,C,A,A,H,-,A,D,0,,,,,Y,,A,01,0,0,1,0,0,0,0,0,0,"- ","- ",38.763351440429688,-121.25794982910156,PLACER,ROSEVILLE,-121.25797271728516,38.763362884521484
91618766,2021,2021-11-08,9220,2021-11-03,1130,015197,,3,1,9,3100,0,2,4,,2,027,"AUBURN FOLSOM RD","DOUGLAS BLVD",10.00,N,N,A,-,N,,,,,,,,,,N,4,0,1,2,A,-,08,22107,,M,B,G,A,A,H,-,A,A,0,,Y,,,Y,Y,-,99,0,0,1,0,0,0,1,0,0,"- ","- ",38.744331359863281,-121.17048645019531,PLACER,UNINCORPORATED,-121.17060852050781,38.743476867675781
91619923,2021,2021-11-09,9220,2021-10-29,2130,019454,,5,2,9,3100,0,3,5,,2,030,"GLADDING ROAD","WEST WISE ROAD",2895.00,S,N,A,-,N,,,,,,,,,,Y,3,0,1,1,A,-,08,22107,,N,F,I,A,A,H,-,D,D,0,,,,,Y,,A,01,0,1,0,0,0,0,0,0,0,"- ","- ",38.918521881103516,-121.29342651367188,PLACER,UNINCORPORATED,-121.29350280761719,38.918552398681641
91620295,2021,2021-11-09,9220,2021-10-29,0610,015272,,5,1,9,3100,0,3,5,,2,010,"SUNSET BLVD","CINCINNATI AVE",0.00,,Y,A,-,N,,,,,,,,,,Y,3,0,2,2,D,-,00,,,N,D,C,A,A,H,-,D,A,0,,,,,Y,,-,"- ",0,2,0,0,0,0,0,0,0,"- ","- ",38.123458862304688,-121.12345886230469,PLACER,UNINCORPORATED,-121.31198120117188,38.817340850830078
91620774,2021,2021-11-09,9220,2021-11-07,1333,017375,,7,1,9,3100,0,1,3,,1,249,"SR-49(GRASS VALLEY HIGHWAY)","KEMPER ROAD",0.00,,Y,A,-,Y,,,49,,,,,,,Y,3,0,3,2,A,-,12,21453,A,N,A,C,A,A,H,-,A,A,0,,,,,Y,,A,01,0,2,1,0,0,0,0,0,0,"- ","- ",38.932300567626953,-121.09075927734375,PLACER,UNINCORPORATED,-121.09073638916016,38.932315826416016
91620814,2021,2021-11-09,9221,2021-11-05,1105,015950,,5,1,9,3100,0,1,1,,2,385,"I-80 EASTBOUND","DRUM FOREBAY ROAD",200.00,W,N,A,-,Y,,,80,,,,,,E,Y,3,0,1,3,A,-,08,22107,,N,E,I,A,A,D,-,A,A,0,,,,Y,Y,,A,01,0,1,0,0,0,0,0,0,0,"- ","- ",39.236400604248047,-120.75306701660156,PLACER,UNINCORPORATED,-120.75311279296875,39.236423492431641
91620892,2021,2021-11-09,9221,2021-11-06,1605,019869,,6,2,9,3100,0,1,1,,2,386,"INTERSTATE 80 EASTBOUND","OLD NYACK ROAD",3168.00,W,N,B,C,Y,,,80,,,,,,E,N,2,0,2,2,A,-,03,22350,,N,B,C,A,B,H,-,A,D,0,,,,,Y,,A,01,2,0,0,0,0,0,0,0,0,"- ","- ",39.290210723876953,-120.68979644775391,PLACER,UNINCORPORATED,-120.68977355957031,39.290157318115234
91621602,2021,2021-11-10,9220,2021-11-01,1010,013794,,1,1,9,3100,0,3,5,,2,050,"CHRISTIAN VALLEY ROAD","WINDCHESTER WAY",39.00,W,N,B,-,N,,,,,,,,,,Y,3,0,1,1,A,-,08,22107,,N,F,A,A,A,H,-,A,D,0,,,Y,,Y,,C,02,0,1,0,0,0,0,0,0,1,"- ","- ",38.972328186035156,-121.04216766357422,PLACER,UNINCORPORATED,-121.04244995117188,38.972335815429688
91624254,2021,2021-11-22,9220,2021-11-06,1503,019621,,6,2,5,3105,0,1,3,,1,265,"SR-65 N/B TO GALLERIA BLVD","GALLERIA BLVD",450.00,N,N,B,-,Y,,,65,,,,R,,N,Y,3,0,4,1,A,-,03,22350,,N,F,A,A,B,H,-,A,A,0,,,,,Y,,A,07,0,4,0,0,0,0,0,0,0,"- ","- ",38.778629302978516,-121.26724243164062,PLACER,ROSEVILLE,-121.26724243164062,38.778629302978516
91624574,2021,2021-11-15,9220,2021-11-12,1235,016685,,5,1,9,3100,0,1,1,,2,283,"I-80 W/B","ELM AVENUE",400.00,E,N,A,-,Y,,,,,,,,,,N,3,0,1,2,A,-,03,22350,,N,C,C,A,A,H,-,A,D,0,,,Y,,Y,,C,02,0,1,0,0,0,0,0,0,1,"- ","- ",38.904518127441406,-121.07142639160156,PLACER,UNINCORPORATED,-121.07176971435547,38.903518676757812
91630516,2021,2021-11-19,9220,2021-11-10,0140,019148,,3,3,9,3100,0,1,3,,1,267,"SR-65 N/B","RIOSA RD.",1056.00,S,N,A,-,Y,,,65,,,,,,N,Y,4,0,1,1,A,-,08,22107,,N,E,I,A,B,H,-,C,D,0,,,,,Y,,A,01,0,0,1,0,0,0,0,0,0,"- ","- ",38.976650238037109,-121.38127899169922,PLACER,UNINCORPORATED,-121.38144683837891,38.976573944091797
91630585,2021,2021-11-19,9220,2021-11-09,1712,017482,,2,2,9,3100,0,1,3,,1,265,"SR-65 S/B","BLUE OAKS BLVD",4375.00,N,N,B,-,Y,,,,,,,,,,Y,3,0,2,2,A,-,03,22350,,N,C,C,A,B,H,-,C,D,0,,,,,Y,,A,01,0,1,1,0,0,0,0,0,0,"- ","- ",38.867328643798828,-121.30049133300781,PLACER,UNINCORPORATED,-121.30045318603516,38.807170867919922
91631720,2021,2021-11-22,9220,2021-11-15,1830,017762,,1,2,5,3105,0,1,3,,1,265,"SR-65 S/B","PLEASANT GROVE BLVD. O/C",204.00,N,N,A,-,Y,,,65,,,,,,S,Y,4,0,1,2,A,-,03,22350,,N,C,C,A,A,H,-,C,A,0,,,,,Y,,A,01,0,0,1,0,0,0,0,0,0,"- ","- ",38.786701202392578,-121.28510284423828,PLACER,ROSEVILLE,-121.28501129150391,38.786884307861328
91632104,2021,2021-11-22,9220,2021-11-16,1846,017397,,2,2,9,3100,0,1,1,,2,282,"I-80 W/B","GILARDI RD.",3480.00,E,N,A,-,Y,,,80,,,,,,W,Y,3,0,1,2,A,-,03,22350,,N,D,C,A,A,H,-,D,D,0,,,,,Y,,A,01,0,1,0,0,0,0,0,0,0,"- ","- ",38.861148834228516,-121.13536071777344,PLACER,UNINCORPORATED,-121.13555908203125,38.861377716064453
91632374,2021,2021-11-22,9220,2021-11-17,1750,015060,,3,2,5,3105,0,1,1,,2,281,I-80,"TAYLOR ROAD",250.00,W,N,A,-,Y,,,,,,,,,,Y,3,0,1,2,A,-,03,22350,,N,C,C,A,A,H,-,C,D,0,,,,,Y,,D,22,0,1,0,0,0,0,0,0,0,"- ","- ",38.767848968505859,-121.25660705566406,PLACER,ROSEVILLE,-121.25617218017578,38.765411376953125
91633093,2021,2021-11-23,9220,2021-11-15,0600,015272,,1,1,9,3100,0,1,1,,2,282,"I-80 E/B","WERNER RD",366.00,E,N,A,-,Y,,,80,,,,,,E,Y,4,0,1,3,A,-,03,22350,,N,B,C,A,A,H,-,D,D,0,,,,,Y,,A,01,0,0,1,0,0,0,0,0,0,"- ","- ",38.883338928222656,-121.10324859619141,PLACER,UNINCORPORATED,-121.10322570800781,38.883289337158203
91633095,2021,2021-11-23,9220,2021-11-15,0559,015272,,1,3,9,3100,0,1,1,,2,282,"I-80 E/B","WENER RD",62.00,E,N,A,-,Y,,,80,,,,,,E,Y,3,0,2,1,A,-,08,22107,,N,E,I,A,A,H,-,D,D,0,,,,,Y,,A,01,0,2,0,0,0,0,0,0,0,"- ","- ",38.882778167724609,-121.10402679443359,PLACER,UNINCORPORATED,-121.10406494140625,38.882846832275391
91634203,2021,2021-11-24,9220,2021-11-12,1710,016682,,5,2,5,3105,0,1,1,,2,281,"I-80 E/B",SR-65,553.00,W,N,A,-,Y,,,80,,,,,,E,Y,3,0,3,5,A,-,03,22350,,N,C,C,A,A,H,-,B,D,0,,,,,Y,,A,01,0,1,2,0,0,0,0,0,0,"- ","- ",38.768890380859375,-121.24993896484375,PLACER,ROSEVILLE,-121.25000762939453,38.768993377685547
91634240,2021,2021-11-24,9220,2021-11-12,1715,019621,,5,2,5,3105,0,1,3,,1,265,"SR-65 S/B","GALLERIA BLVD",1584.00,S,N,E,-,Y,,,65,,,,,,S,N,4,0,1,2,A,-,03,22350,,N,C,C,A,A,H,-,B,A,0,,,,,Y,,A,07,0,0,1,0,0,0,0,0,0,"- ","- ",38.774429321289062,-121.26004028320312,PLACER,ROSEVILLE,-121.26003265380859,38.774456024169922
91634342,2021,2021-11-24,9220,2021-11-14,1800,017762,,7,2,9,3100,0,3,5,,2,010,"ATHENS AVE.","CASINO HOTEL DRIVEWAY",100.00,E,N,B,-,N,,,,,,,,,,N,4,0,2,2,A,-,03,22350,,N,C,C,A,A,H,-,C,A,0,,,,,Y,,A,01,0,0,2,0,0,0,0,0,0,"- ","- ",38.839111328125,-121.31349945068359,PLACER,UNINCORPORATED,-121.31359100341797,38.839027404785156