CASE_ID,ACCIDENT_YEAR,PROC_DATE,JURIS,COLLISION_DATE,COLLISION_TIME,OFFICER_ID,REPORTING_DISTRICT,DAY_OF_WEEK,CHP_SHIFT,POPULATION,CNTY_CITY_LOC,SPECIAL_COND,BEAT_TYPE,CHP_BEAT_TYPE,CITY_DIVISION_LAPD,CHP_BEAT_CLASS,BEAT_NUMBER,PRIMARY_RD,SECONDARY_RD,DISTANCE,DIRECTION,INTERSECTION,WEATHER_1,WEATHER_2,STATE_HWY_IND,CALTRANS_COUNTY,CALTRANS_DISTRICT,STATE_ROUTE,ROUTE_SUFFIX,POSTMILE_PREFIX,POSTMILE,LOCATION_TYPE,RAMP_INTERSECTION,SIDE_OF_HWY,TOW_AWAY,COLLISION_SEVERITY,NUMBER_KILLED,NUMBER_INJURED,PARTY_COUNT,PRIMARY_COLL_FACTOR,PCF_CODE_OF_VIOL,PCF_VIOL_CATEGORY,PCF_VIOLATION,PCF_VIOL_SUBSECTION,HIT_AND_RUN,TYPE_OF_COLLISION,MVIW,PED_ACTION,ROAD_SURFACE,ROAD_COND_1,ROAD_COND_2,LIGHTING,CONTROL_DEVICE,CHP_ROAD_TYPE,PEDESTRIAN_ACCIDENT,BICYCLE_ACCIDENT,MOTORCYCLE_ACCIDENT,TRUCK_ACCIDENT,NOT_PRIVATE_PROPERTY,ALCOHOL_INVOLVED,STWD_VEHTYPE_AT_FAULT,CHP_VEHTYPE_AT_FAULT,COUNT_SEVERE_INJ,COUNT_VISIBLE_INJ,COUNT_COMPLAINT_PAIN,COUNT_PED_KILLED,COUNT_PED_INJURED,COUNT_BICYCLIST_KILLED,COUNT_BICYCLIST_INJURED,COUNT_MC_KILLED,COUNT_MC_INJURED,PRIMARY_RAMP,SECONDARY_RAMP,LATITUDE,LONGITUDE,COUNTY,CITY,POINT_X,POINT_Y
91634413,2021,2021-11-24,9220,2021-11-17,1700,017762,,3,2,5,3105,0,1,1,,2,281,"I-80 W/B","EUREKA RD.",600.00,E,N,A,-,Y,,,80,,,,,,W,Y,4,0,2,2,A,-,03,22350,,N,C,C,A,A,H,-,B,D,0,,,,,Y,,A,07,0,0,2,0,0,0,0,0,0,"- ","- ",38.761180877685547,-121.25975799560547,PLACER,ROSEVILLE,-121.259765625,38.761180877685547
91634770,2021,2021-11-24,9220,2021-11-20,1415,019621,,6,2,9,3100,0,2,4,,2,027,"AUBURN FOLSOM ROAD N/B","FULLER DR",300.00,N,N,A,-,N,,,,,,,,,,N,4,0,1,2,A,-,09,21801,A,N,D,C,A,A,H,-,A,A,0,,,,,Y,,A,01,0,0,1,0,0,0,0,0,0,"- ","- ",38.740730285644531,-121.17053985595703,PLACER,UNINCORPORATED,-121.17062377929688,38.740653991699219
91637115,2021,2021-11-29,9220,2021-11-20,2250,019148,,6,3,4,3104,0,1,1,,2,281,"I-80 W/B","ROCKLIN RD.",1584.00,E,N,A,-,Y,,,80,,,,,,W,Y,4,0,1,2,A,-,08,22107,,N,B,C,A,A,H,-,C,D,0,,,,,Y,,A,01,0,0,1,0,0,0,0,0,0,"- ","- ",38.791641235351562,-121.21906280517578,PLACER,ROCKLIN,-121.21906280517578,38.791641235351562
91638252,2021,2021-11-30,9220,2021-11-19,2120,015961,,5,2,9,3100,0,2,4,,2,027,"AUBRUN FOLSOM RD","CAVITT STALLMAN RD",0.00,,Y,A,-,N,,,,,,,,,,Y,2,0,1,1,A,-,01,23152,A,N,E,I,A,A,H,-,C,D,0,,,Y,,Y,Y,C,02,1,0,0,0,0,0,0,0,1,"- ","- ",38.766368865966797,-121.16297149658203,PLACER,UNINCORPORATED,-121.16273498535156,38.766429901123047
91638255,2021,2021-11-30,9220,2021-11-19,2040,019454,,5,2,9,3100,0,2,4,,2,051,"PLACER HILLS ROAD","WALGRA MEADOWS ROAD",1584.00,E,N,E,-,N,,,,,,,,,,N,4,0,1,1,C,-,18,,,N,H,J,A,A,H,-,D,D,0,,,,,Y,,-,"- ",0,0,1,0,0,0,0,0,0,"- ","- ",39.007389068603516,-121.01157379150391,PLACER,UNINCORPORATED,-121.01151275634766,39.007633209228516
91638658,2021,2021-11-30,9220,2021-11-24,1755,017375,,3,2,5,3105,0,1,1,,2,281,"I-80 W/B FROM TAYLOR ROAD","ROSEVILLE PKY",528.00,E,N,A,-,Y,,,80,,,,R,,W,Y,4,0,1,2,A,-,03,22350,,N,C,C,A,A,H,-,C,A,0,,,,,Y,,A,07,0,0,1,0,0,0,0,0,0,"- ","- ",38.765541076660156,-121.25675201416016,PLACER,ROSEVILLE,-121.25675201416016,38.765541076660156
91639377,2021,2021-12-01,9220,2021-11-23,1440,017397,,2,2,9,3100,0,3,5,,2,050,"LOCKSLEY LN","SR-49 (GRASS VALLEY HIGHWAY)",1725.00,E,N,A,-,N,,,,,,,,,,N,2,0,3,2,A,-,09,21801,A,N,D,C,A,A,H,-,A,D,0,,,,,Y,,D,22,1,2,0,0,0,0,0,0,0,"- ","- ",38.950321197509766,-121.09368133544922,PLACER,UNINCORPORATED,-121.09388732910156,38.950271606445312
91639959,2021,2021-12-01,9220,2021-11-28,1505,017375,,7,2,9,3100,0,1,1,,2,282,"I-80 W/B",SR-193,3168.00,E,N,A,-,Y,,,80,,,,,,W,Y,4,0,1,2,A,-,03,22350,,N,B,C,A,A,H,-,A,D,0,,,,,Y,,A,01,0,0,1,0,0,0,0,0,0,"- ","- ",38.879459381103516,-121.11496734619141,PLACER,UNINCORPORATED,-121.11496734619141,38.879451751708984
91642082,2021,2021-12-03,9222,2021-11-24,2500,016852,,3,4,9,3100,0,3,5,,2,020,"DONNER PASS ROAD (58400 BLOCK)","NEVADA COUNTY LINE",1625.00,W,N,A,-,N,,,,,,,,,,Y,3,0,1,1,A,-,08,22107,,N,F,A,A,A,H,-,D,D,0,,,,,Y,Y,A,01,0,1,0,0,0,0,0,0,0,"- ","- ",39.313701629638672,-120.33844757080078,PLACER,UNINCORPORATED,,
91643472,2021,2021-12-09,9220,2021-10-23,2210,016467,,6,3,9,3100,0,2,4,,2,042,"10279 MT. VERNON ROAD","ATWOOD ROAD",2270.00,E,N,B,C,N,,,,,,,,,,Y,3,0,1,1,A,-,03,22350,,M,E,I,A,B,H,-,D,A,0,,,,,Y,,A,01,0,1,0,0,0,0,0,0,0,"- ","- ",38.927268981933594,-121.11961364746094,PLACER,UNINCORPORATED,-121.11981201171875,38.927253723144531
91643654,2021,2021-12-06,9220,2021-11-25,0012,019040,,4,3,9,3100,0,1,3,,1,249,"SR-49 N/B","DRY CREEK RD",300.00,S,N,A,-,Y,,,49,,,,,,N,N,2,0,1,2,A,-,11,21954,A,N,G,B,D,A,H,-,C,D,0,Y,,,,Y,,N,60,1,0,0,0,1,0,0,0,0,"- ","- ",38.955768585205078,-121.10098266601562,PLACER,UNINCORPORATED,-121.10113525390625,38.955738067626953
91643667,2021,2021-12-06,9220,2021-11-26,1720,019621,,5,2,5,3105,0,1,1,,2,281,"I-80 W/B","DOUGLAS BOULEVARD",1056.00,W,N,A,-,Y,,,80,,,,,,W,N,2,0,1,3,A,-,03,22350,,N,B,C,A,A,H,-,D,A,0,,,Y,Y,Y,,C,02,1,0,0,0,0,0,0,0,1,"- ","- ",38.742031097412109,-121.27223968505859,PLACER,ROSEVILLE,-121.272216796875,38.742015838623047
91643700,2021,2021-12-06,9220,2021-11-27,0020,019454,,6,3,9,3100,0,2,4,,2,015,"INDUSTRIAL AVENUE","PLACER CORPERATE DRIVE",430.00,N,N,A,-,N,,,,,,,,,,N,3,0,1,2,A,-,03,22350,,N,B,G,A,A,H,-,D,D,0,,Y,,,Y,,D,22,0,1,0,0,0,0,1,0,0,"- ","- ",38.820621490478516,-121.30721282958984,PLACER,UNINCORPORATED,-121.3072509765625,38.816989898681641
91643792,2021,2022-01-24,9220,2021-11-29,1230,015869,,1,1,9,3100,0,3,5,,2,040,"RICHARDSON DRIVE","B AVENUE",366.00,N,N,A,-,N,,,,,,,,,,Y,3,0,1,3,A,-,08,22107,,N,A,E,A,A,H,-,A,D,0,,,,,Y,,A,01,0,1,0,0,0,0,0,0,0,"- ","- ",38.938869476318359,-121.07820892333984,PLACER,UNINCORPORATED,-121.10787200927734,38.939090728759766
91643802,2021,2021-12-06,9220,2021-11-29,1410,017027,,1,2,9,3100,0,3,5,,2,050,"PLACER HILLS ROAD","DRIVEWAY TO 16505 PLACER HILLS ROAD",0.00,,Y,A,-,N,,,,,,,,,,Y,3,0,2,2,A,-,09,21804,A,N,D,C,A,A,H,-,A,A,0,,,,,Y,,D,22,0,2,0,0,0,0,0,0,0,"- ","- ",38.991958618164062,-121.02427673339844,PLACER,UNINCORPORATED,,
91644003,2021,2021-12-06,9220,2021-11-29,1748,016685,,1,2,9,3100,0,1,3,,1,249,"SR-49 N/B","EDUCATION STREET",200.00,S,N,A,-,Y,,,49,,,,,,N,Y,3,0,4,4,A,-,03,22350,,N,C,C,A,A,H,-,A,A,0,,,,,Y,,A,01,0,1,3,0,0,0,0,0,0,"- ","- ",38.943580627441406,-121.09735107421875,PLACER,UNINCORPORATED,-121.0975341796875,38.943504333496094
91644078,2021,2021-12-06,9220,2021-12-01,1250,013975,,3,1,2,3103,0,1,3,,1,265,"STATE ROUTE 65 N/B","TWELVE BRIDGES DR",1011.00,S,N,A,-,Y,,,65,,,,,,N,N,4,0,1,3,A,-,03,22350,,N,C,C,A,A,H,-,A,D,0,,,Y,,Y,,O,05,0,0,1,0,0,0,0,0,0,"- ","- ",38.845211029052734,-121.29923248291016,PLACER,LINCOLN,-121.29965972900391,38.84521484375
91644275,2021,2021-12-06,9220,2021-12-04,1035,015961,,6,1,9,3100,0,1,3,,1,249,SR-49,"EDUCATION ST.",120.00,N,N,A,-,Y,,,49,,,,,,,N,4,0,1,2,A,-,03,22350,,N,C,C,A,A,H,-,A,A,0,,,,,Y,,D,22,0,0,1,0,0,0,0,0,0,"- ","- ",38.944889068603516,-121.09810638427734,PLACER,UNINCORPORATED,-121.0980224609375,38.944919586181641
91645596,2021,2021-12-07,9220,2021-12-03,2130,020072,,5,2,9,3100,0,2,4,,2,075,"TAYLOR RD","BUENA VISTA AVE",260.00,W,N,E,-,N,,,,,,,,,,Y,3,0,2,2,A,-,05,21460,A,N,A,C,A,A,H,-,D,D,0,,,,,Y,Y,A,07,0,2,0,0,0,0,0,0,0,"- ","- ",38.875450134277344,-121.13633728027344,PLACER,UNINCORPORATED,-121.13578796386719,38.875679016113281
91649117,2021,2021-12-10,9221,2021-12-01,0400,017881,,3,3,9,3100,0,1,1,,2,386,"I-80 E/B","WHITMORE CALTRANS YARD",4224.00,E,N,A,-,Y,,,80,,,,,,E,Y,3,0,2,1,A,-,08,22107,,N,E,I,A,A,H,-,D,D,0,,,,,Y,,A,07,0,2,0,0,0,0,0,0,0,"- ","- ",39.267879486083984,-120.72396850585938,PLACER,UNINCORPORATED,-120.72393798828125,39.267780303955078
91651603,2021,2022-12-30,9220,2021-12-07,1050,013794,,2,1,9,3100,0,1,1,,2,283,"I-80 (E/B)","WEIMAR CROSS ROAD",528.00,W,N,A,-,Y,,,80,,,,,,,Y,4,0,1,1,A,-,08,22107,,N,F,A,A,A,H,-,A,D,0,,,,Y,Y,,F,26,0,0,1,0,0,0,0,0,0,"- ","- ",39.040958404541016,-120.97338104248047,PLACER,UNINCORPORATED,-120.9735107421875,39.040920257568359
91652136,2021,2021-12-14,9220,2021-12-03,1948,015961,,5,2,9,3100,0,1,3,,1,249,SR-49,"DRY CREEK RD",266.00,S,N,A,-,Y,,,49,,,,,,,Y,4,0,1,3,A,-,03,22350,,N,C,C,A,A,H,-,C,A,0,,,,,Y,,A,07,0,0,1,0,0,0,0,0,0,"- ","- ",38.955780029296875,-121.10108947753906,PLACER,UNINCORPORATED,-121.10114288330078,38.955768585205078
91652842,2021,2021-12-15,9220,2021-12-03,1715,015060,,5,2,5,3105,0,1,1,,2,281,I-80,"DOUGLAS BLVD.",875.00,E,N,A,-,Y,,,80,,,,,,,Y,3,0,4,6,A,-,01,23152,A,N,C,C,A,A,H,-,C,D,0,,,,,Y,Y,A,01,0,4,0,0,0,0,0,0,0,"- ","- ",38.746299743652344,-121.26907348632812,PLACER,ROSEVILLE,-121.26914978027344,38.746353149414062
91653121,2021,2021-12-15,9220,2021-12-04,1452,019621,,6,2,9,3100,0,2,4,,2,027,"AUBURN FOLSOM ROAD","ROBIN HOOD WAY",180.00,N,N,A,-,N,,,,,,,,,,N,3,0,1,2,A,-,12,21453,A,N,G,G,A,A,H,-,A,A,0,,Y,,,Y,,A,01,0,1,0,0,0,0,1,0,0,"- ","- ",38.747928619384766,-121.17063903808594,PLACER,UNINCORPORATED,-121.17057800292969,38.747913360595703
91653188,2021,2021-12-15,9220,2021-12-14,0745,015869,,2,1,9,3100,0,2,4,,2,042,"MOUNT VERNON ROAD","BAXTER GRADE ROAD",630.00,E,N,B,-,N,,,,,,,,,,Y,3,0,1,1,A,-,08,22107,,N,E,I,A,B,H,-,A,D,0,,,,,Y,,A,01,0,1,0,0,0,0,0,0,0,"- ","- ",38.938030242919922,-121.14218139648438,PLACER,UNINCORPORATED,-121.14218902587891,38.938076019287109
91653897,2021,2021-12-16,9220,2021-10-23,1608,017482,,6,2,9,3100,0,3,5,,2,050,"NEW AIRPORT RD",SR-49,598.00,E,N,B,C,N,,,,,,,,,,Y,1,1,1,2,A,-,05,21460,A,N,A,C,A,B,H,-,A,D,0,,,,,Y,,A,07,1,0,0,0,0,0,0,0,0,"- ","- ",38.933521270751953,-121.08905792236328,PLACER,UNINCORPORATED,-121.08919525146484,38.933395385742188
91654427,2021,2021-12-16,9220,2021-12-08,0045,019148,,3,3,9,3100,0,2,4,,1,011,"WATT AVE.","DYER LN.",1056.00,S,N,E,-,N,,,,,,,,,,Y,2,0,1,1,A,-,08,22107,,N,E,I,A,A,H,-,D,D,0,,,,,Y,,A,01,1,0,0,0,0,0,0,0,0,"- ","- ",38.733478546142578,-121.39241027832031,PLACER,UNINCORPORATED,-121.39252471923828,38.733219146728516
91657583,2021,2021-12-21,9222,2021-12-08,1605,017515,,3,2,9,3100,0,1,3,,1,016,"STATE ROUTE 267","TRUCKEE AIRPORT ROAD",3168.00,S,N,B,-,Y,,,267,,,,,,,Y,4,0,2,3,A,-,05,21460,A,N,B,C,A,A,H,-,A,D,0,,,,,Y,,D,22,0,0,2,0,0,0,0,0,0,"- ","- ",39.309368133544922,-120.13826751708984,PLACER,UNINCORPORATED,-120.13819885253906,39.309436798095703
91658874,2021,2021-12-22,9220,2021-12-08,1810,017397,,3,2,9,3100,0,2,4,,2,053,"LINCOLN WAY","FORESTHILL RD",0.00,,Y,E,-,N,,,,,,,,,,Y,3,0,2,2,A,-,09,21453,C,N,D,C,A,B,H,-,C,A,0,,,,,Y,,A,07,0,2,0,0,0,0,0,0,0,"- ","- ",38.923248291015625,-121.05605316162109,PLACER,UNINCORPORATED,-121.05596923828125,38.923236846923828
91659169,2021,2021-12-22,9220,2021-12-13,0430,016657,,1,3,9,3100,0,2,4,,2,064,"FORESTHILL RD","DRIVERS FLAT ROAD",2787.00,E,N,B,C,N,,,,,,,,,,Y,2,0,2,1,A,-,08,22107,,N,F,A,A,B,H,-,D,D,0,,,,,Y,,D,22,1,0,1,0,0,0,0,0,0,"- ","- ",38.971538543701172,-120.94806671142578,PLACER,UNINCORPORATED,-120.95679473876953,38.965087890625
91662513,2021,2021-12-27,9220,2021-12-17,1800,015060,,5,2,4,3104,0,1,1,,2,281,I-80,SR-65,2112.00,E,N,A,-,Y,,,80,,,,,,,Y,3,0,2,2,A,-,03,22350,,N,C,C,A,A,H,-,C,D,0,,,,,Y,,A,01,0,1,1,0,0,0,0,0,0,"- ","- ",38.773960113525391,-121.24259948730469,PLACER,ROCKLIN,-121.24253845214844,38.773857116699219
91665433,2021,2021-12-29,9220,2021-12-14,1205,015917,,2,1,9,3100,0,2,4,,2,021,"SIERRA COLLEGE BLVD","DOUGLAS BLVD",300.00,S,N,B,-,N,,,,,,,,,,Y,3,0,2,2,A,-,09,21804,A,N,D,C,A,B,H,-,A,D,0,,,,,Y,,A,01,0,1,1,0,0,0,0,0,0,"- ","- ",38.743198394775391,-121.22627258300781,PLACER,UNINCORPORATED,-121.22606658935547,38.743129730224609
91665593,2021,2021-12-29,9220,2021-12-17,1750,019621,,5,2,5,3105,0,1,3,,1,265,"SR-65 S/B",I-80,528.00,N,N,A,-,Y,,,65,,,,,,S,Y,4,0,1,2,A,-,03,22350,,N,C,C,A,A,H,-,D,A,0,,,,,Y,,A,01,0,0,1,0,0,0,0,0,0,"- ","- ",38.771228790283203,-121.25103759765625,PLACER,ROSEVILLE,-121.25102996826172,38.771247863769531
91666397,2021,2021-12-30,9220,2021-12-17,0955,015197,,5,1,9,3100,0,2,4,,2,024,"EUREKA RD","GREYHAWK DR.",0.00,,Y,A,-,N,,,,,,,,,,Y,2,0,1,2,A,-,09,21802,A,N,D,C,A,A,H,-,A,A,0,,,,,Y,,A,01,1,0,0,0,0,0,0,0,0,"- ","- ",38.736579895019531,-121.22044372558594,PLACER,UNINCORPORATED,-121.22001647949219,38.736656188964844
91666440,2021,2021-12-30,9220,2021-12-22,1450,017397,,3,2,5,3105,0,1,1,,2,281,"I-80 E/B","E. ROSEVILLE PKWY",10.00,E,N,B,C,Y,,,80,,,,,,E,Y,4,0,2,3,A,-,03,22350,,N,C,C,A,B,H,-,A,D,0,,,,,Y,,A,01,0,0,2,0,0,0,0,0,0,"- ","- ",38.762901306152344,-121.25820922851562,PLACER,ROSEVILLE,-121.25827026367188,38.762943267822266
91668159,2021,2022-01-03,9220,2021-12-17,0755,016685,,5,1,9,3100,0,3,5,,2,050,"DRY CREEK ROAD","BLACK OAK ROAD",340.00,E,N,A,-,N,,,,,,,,,,N,2,0,1,1,A,-,03,22350,,N,E,I,A,C,H,-,A,D,0,,,,,Y,,D,22,1,0,0,0,0,0,0,0,0,"- ","- ",38.960041046142578,-121.06729888916016,PLACER,UNINCORPORATED,-121.06735229492188,38.960002899169922
91668161,2021,2022-01-03,9220,2021-12-21,1125,015197,,2,1,9,3100,0,3,5,,2,070,"NEWCASTLE RD","BRENNANS RD",0.00,,Y,B,-,N,,,,,,,,,,Y,3,0,1,2,A,-,09,21802,A,N,D,G,A,A,H,-,A,A,0,,Y,,,Y,,-,"- ",0,1,0,0,0,0,1,0,0,"- ","- ",38.852439880371094,-121.13136291503906,PLACER,UNINCORPORATED,-121.13137054443359,38.852577209472656
91668162,2021,2022-01-03,9220,2021-12-21,1355,017375,,2,1,9,3100,0,1,3,,1,249,"SR-49(GRASS VALLEY HIGHWAY)","QUARTZ DR",626.00,S,N,B,-,Y,,,49,,,,,,,N,4,0,1,2,A,-,03,22350,,N,C,C,A,A,H,-,A,D,0,,,,,Y,,D,22,0,0,1,0,0,0,0,0,0,"- ","- ",38.946098327636719,-121.09847259521484,PLACER,UNINCORPORATED,-121.09839630126953,38.946125030517578
91669054,2021,2022-01-04,9220,2021-12-28,1420,017027,,2,2,9,3100,0,3,5,,2,040,"STONE HOUSE ROAD","OPHIR ROAD",2900.00,N,N,B,-,N,,,,,,,,,,Y,3,0,1,1,A,-,01,23152,A,N,E,I,A,B,H,-,A,D,0,,,,,Y,Y,A,01,0,1,0,0,0,0,0,0,0,"- ","- ",38.897621154785156,-121.09281158447266,PLACER,UNINCORPORATED,-121.09276580810547,38.897602081298828
91670114,2021,2022-01-04,9220,2021-12-23,1745,017397,,4,2,9,3100,0,1,3,,1,249,"SR-49 (EL DORADO ST.)","OLD FORESTHILL RD.",1900.00,W,N,C,-,Y,,,49,,,,,,,Y,4,0,1,2,A,-,05,21460,A,N,B,C,A,B,H,-,D,D,0,,,,,Y,,A,01,0,0,1,0,0,0,0,0,0,"- ","- ",38.912078857421875,-121.04308319091797,PLACER,UNINCORPORATED,-121.0430908203125,38.912090301513672
91671093,2021,2022-01-05,9220,2021-12-29,1900,017397,,3,2,9,3100,0,3,5,,2,020,"SUNRISE BLVD","KENSINGTON DR.",175.00,S,N,B,-,N,,,,,,,,,,Y,2,0,4,2,A,-,09,21804,A,N,D,C,A,A,H,-,C,D,0,,,,,Y,,A,01,1,3,0,0,0,0,0,0,0,"- ","- ",38.722141265869141,-121.27207183837891,PLACER,UNINCORPORATED,-121.27207183837891,38.726680755615234
91671112,2021,2022-01-05,9220,2021-12-30,1908,017027,,4,2,9,3100,0,1,3,,1,249,SR-49,"WILLOW CREEK DR",0.00,,Y,B,-,Y,,,49,,,,,,,Y,3,0,1,2,A,-,12,21453,A,N,D,C,A,A,H,-,C,A,0,,,,,Y,,D,22,0,1,0,0,0,0,0,0,0,"- ","- ",38.938430786132812,-121.09590148925781,PLACER,UNINCORPORATED,-121.09589385986328,38.938430786132812
91680792,2021,2022-01-19,9220,2021-11-25,1538,016682,,4,2,5,3105,0,1,1,,2,281,"I-80 W/B","SR-65 N/B",522.00,E,N,A,-,Y,,,80,,,,,,W,Y,3,0,1,1,A,-,01,23152,A,N,E,I,A,A,H,-,A,D,0,,,,,Y,Y,A,01,0,1,0,0,0,0,0,0,0,"- ","- ",38.770061492919922,-121.24961090087891,PLACER,ROSEVILLE,-121.24933624267578,38.769622802734375
91699035,2021,2022-02-11,9221,2021-09-23,2155,018740,,4,2,9,3100,0,1,1,,2,388,"I-80 W/B","CISCO GROVE",3643.00,W,N,A,-,Y,,,80,,,,,,W,Y,1,1,0,1,A,-,08,22107,,N,E,I,A,A,H,-,D,D,0,,,,,Y,,A,07,0,0,0,0,0,0,0,0,0,"- ","- ",39.315299987792969,-120.55484008789062,PLACER,UNINCORPORATED,-120.55480194091797,39.315399169921875
91735451,2021,2022-03-28,9220,2021-09-11,1830,019621,,6,2,9,3100,0,2,4,,2,032,"W. WISE RD","SHERIDAN LINCOLN BLVD",485.00,W,N,A,-,N,,,,,,,,,,Y,1,2,0,1,A,-,01,23152,A,N,E,I,A,A,H,-,A,A,0,,,,,Y,Y,A,07,0,0,0,0,0,0,0,0,0,"- ","- ",38.926410675048828,-121.33898162841797,PLACER,UNINCORPORATED,-121.33893585205078,38.926471710205078
9206277,2021,2021-03-20,3104,2021-01-30,1834,268,11,6,5,4,3104,0,0,0,,0,004,"LONETREE BL","GRAND CANYON DR",75.00,W,N,A,-,N,,,,,,,,,,N,4,0,2,2,A,-,03,22350,,N,C,C,A,-,H,-,C,D,0,,,,,Y,,A,01,0,0,2,0,0,0,0,0,0,"- ","- ",38.798519134521484,-121.2926025390625,PLACER,ROCKLIN,-121.292724609375,38.798675537109375
9206308,2021,2021-03-17,3100,2021-01-13,0655,62,,3,5,2,3106,0,0,0,,0,LOP,"SWETZER RD","KING RD",0.00,,Y,A,-,N,,,,,,,,,,N,2,0,1,2,A,-,10,21950,A,N,G,B,B,A,H,-,B,A,0,Y,,,,Y,,-,,1,0,0,0,1,0,0,0,0,"- ","- ",,,PLACER,LOOMIS,-121.19239044189453,38.825126647949219
9208901,2021,2021-03-16,3104,2021-01-16,2259,309,42,6,5,4,3104,0,0,0,,0,001,"GRANITE DR","PGE POLE 3532",60.00,E,N,A,-,N,,,,,,,,,,Y,3,0,1,2,A,-,08,22107,A,N,E,I,A,A,H,-,C,D,0,,,,,Y,,A,01,0,1,0,0,0,0,0,0,0,"- ","- ",38.797210693359375,-121.21537017822266,PLACER,ROCKLIN,,
9208906,2021,2021-03-16,3105,2021-01-02,1207,1062,,6,5,5,3105,0,0,0,,0,004,"VINEYARD RD","BRADY LN",0.00,,Y,C,-,N,,,,,,,,,,Y,2,0,1,2,A,-,12,22450,A,N,D,C,A,B,H,-,A,A,0,,,,,Y,,D,22,1,0,0,0,0,0,0,0,0,"- ","- ",38.743839263916016,-121.31376647949219,PLACER,ROSEVILLE,-121.31372833251953,38.743846893310547
9208907,2021,2021-03-16,3105,2021-01-10,1311,1015,,7,5,5,3105,0,0,0,,0,006,"BLUE OAKS BL","WOODCREEK OAKS BL",0.00,,Y,A,-,N,,,,,,,,,,Y,3,0,1,3,A,-,09,21453,C,N,D,C,A,A,H,-,A,A,0,,,,,Y,,A,07,0,1,0,0,0,0,0,0,0,"- ","- ",38.795478820800781,-121.32868957519531,PLACER,ROSEVILLE,-121.32872772216797,38.795238494873047
9208908,2021,2021-03-15,3105,2021-01-11,1551,1117,,1,5,5,3105,0,0,0,,0,007,"WESTBROOK BL","OCTAVE A",0.00,,Y,A,-,N,,,,,,,,,,N,3,0,1,2,A,-,09,21802,A,N,D,G,A,A,H,-,B,D,0,,Y,,,Y,,A,07,0,1,0,0,0,0,1,0,0,"- ","- ",38.779800415039062,-121.38558959960938,PLACER,ROSEVILLE,-121.3856201171875,38.779830932617188
9208911,2021,2021-03-15,3105,2021-01-19,0235,1108,,2,5,5,3105,0,0,0,,0,007,"FIDDYMENT RD","BASELINE RD",0.00,,Y,A,-,N,,,,,,,,,,Y,3,0,1,1,A,-,03,22350,,N,F,A,A,A,H,-,C,A,0,,,Y,,Y,,C,02,0,1,0,0,0,0,0,0,1,"- ","- ",,,PLACER,ROSEVILLE,-121.35858154296875,38.751766204833984
9212701,2021,2021-03-09,3105,2021-01-09,2328,1124,,6,5,5,3105,0,0,0,,0,002,"EURKEA RD","TAYLOR RD",0.00,,Y,A,-,Y,PLA,3,80,-,-,2.851,R,4,E,Y,4,0,2,2,A,-,12,21453,A,N,B,C,A,A,H,-,C,A,0,,,,,Y,,A,01,0,0,2,0,0,0,0,0,0,"- ","- ",38.757469177246094,-121.2596435546875,PLACER,ROSEVILLE,-121.26309204101562,38.755630493164062
9219082,2021,2021-03-18,3105,2021-01-08,0705,188,,5,5,5,3105,0,0,0,,0,007,"PLEASANT GROVE BL","FIDDYMENT RD",130.00,W,N,B,-,N,,,,,,,,,,Y,4,0,1,3,A,-,03,22350,,N,C,C,A,B,H,-,C,A,0,,,,,Y,,A,01,0,0,1,0,0,0,0,0,0,"- ","- ",38.766288757324219,-121.35868835449219,PLACER,ROSEVILLE,-121.35918426513672,38.766300201416016
9219364,2021,2021-03-22,3103,2021-01-22,1416,AELLI,L8,5,5,2,3103,0,0,0,,0,0L4,"TWELVE BRIDGES DR","E JOINER PKWY",23.00,E,N,C,-,N,,,,,,,,,,Y,3,0,1,2,A,-,"- ",,,N,D,D,A,B,H,-,A,A,0,,,,,Y,,-,"- ",0,1,0,0,0,0,0,0,0,"- ","- ",38.850738525390625,-121.28517150878906,PLACER,LINCOLN,-121.28453826904297,38.851318359375
9219400,2021,2021-03-18,3103,2021-01-15,1014,MPLUC,L5,5,5,2,3103,0,0,0,,0,0L3,"LINCOLN BL","1ST ST",0.00,,Y,A,-,N,,,,,,,,,,N,3,0,3,2,A,-,03,22350,,N,C,C,A,A,H,-,A,A,0,,,,Y,Y,,A,01,0,3,0,0,0,0,0,0,0,"- ","- ",,,PLACER,LINCOLN,-121.29282379150391,38.886543273925781