CASE_ID,ACCIDENT_YEAR,PROC_DATE,JURIS,COLLISION_DATE,COLLISION_TIME,OFFICER_ID,REPORTING_DISTRICT,DAY_OF_WEEK,CHP_SHIFT,POPULATION,CNTY_CITY_LOC,SPECIAL_COND,BEAT_TYPE,CHP_BEAT_TYPE,CITY_DIVISION_LAPD,CHP_BEAT_CLASS,BEAT_NUMBER,PRIMARY_RD,SECONDARY_RD,DISTANCE,DIRECTION,INTERSECTION,WEATHER_1,WEATHER_2,STATE_HWY_IND,CALTRANS_COUNTY,CALTRANS_DISTRICT,STATE_ROUTE,ROUTE_SUFFIX,POSTMILE_PREFIX,POSTMILE,LOCATION_TYPE,RAMP_INTERSECTION,SIDE_OF_HWY,TOW_AWAY,COLLISION_SEVERITY,NUMBER_KILLED,NUMBER_INJURED,PARTY_COUNT,PRIMARY_COLL_FACTOR,PCF_CODE_OF_VIOL,PCF_VIOL_CATEGORY,PCF_VIOLATION,PCF_VIOL_SUBSECTION,HIT_AND_RUN,TYPE_OF_COLLISION,MVIW,PED_ACTION,ROAD_SURFACE,ROAD_COND_1,ROAD_COND_2,LIGHTING,CONTROL_DEVICE,CHP_ROAD_TYPE,PEDESTRIAN_ACCIDENT,BICYCLE_ACCIDENT,MOTORCYCLE_ACCIDENT,TRUCK_ACCIDENT,NOT_PRIVATE_PROPERTY,ALCOHOL_INVOLVED,STWD_VEHTYPE_AT_FAULT,CHP_VEHTYPE_AT_FAULT,COUNT_SEVERE_INJ,COUNT_VISIBLE_INJ,COUNT_COMPLAINT_PAIN,COUNT_PED_KILLED,COUNT_PED_INJURED,COUNT_BICYCLIST_KILLED,COUNT_BICYCLIST_INJURED,COUNT_MC_KILLED,COUNT_MC_INJURED,PRIMARY_RAMP,SECONDARY_RAMP,LATITUDE,LONGITUDE,COUNTY,CITY,POINT_X,POINT_Y
9219471,2021,2021-03-13,3105,2021-01-01,2500,1155,,5,5,5,3105,0,0,0,,0,004,"WASHINGTON BL","GROVE ST",50.00,N,N,A,-,N,,,,,,,,,,Y,3,0,1,1,A,-,03,22350,,N,A,I,A,A,H,-,A,D,0,,,,,Y,,A,01,0,1,0,0,0,0,0,0,0,"- ","- ",38.753921508789062,-121.28797912597656,PLACER,ROSEVILLE,-121.28788757324219,38.753078460693359
9220035,2021,2021-03-18,3105,2021-01-02,1341,1141,,6,5,5,3105,0,0,0,,0,00D,"ROSEVILLE PKWY","PLESANT GROVE BL",117.00,E,N,C,-,N,,,,,,,,,,Y,4,0,2,3,A,-,03,22350,,N,D,C,A,B,H,-,A,D,0,,,,,Y,,A,01,0,0,2,0,0,0,0,0,0,"- ","- ",38.77825927734375,-121.28826141357422,PLACER,ROSEVILLE,-121.28792572021484,38.778095245361328
9222282,2021,2021-03-19,3105,2021-03-07,1945,1115,,7,5,5,3105,0,0,0,,0,001,"GALLERIA BL","ANTELOPE CREEK DR",0.00,,Y,A,-,N,,,,,,,,,,Y,3,0,4,3,A,-,12,21453,A,N,H,C,A,A,H,-,C,A,0,,,,,Y,,A,07,0,1,3,0,0,0,0,0,0,"- ","- ",38.772129058837891,-121.26587677001953,PLACER,ROSEVILLE,-121.26587677001953,38.772117614746094
9223231,2021,2021-03-04,3105,2021-01-23,1536,1145,,6,5,5,3105,0,0,0,,0,002,"MELODY LN","CIRBY WY",490.00,S,N,A,-,N,,,,,,,,,,Y,3,0,1,1,A,-,03,22350,,N,F,I,A,A,A,H,A,D,0,,,,,Y,,D,22,0,1,0,0,0,0,0,0,0,"- ","- ",,,PLACER,ROSEVILLE,-121.2911376953125,38.728309631347656
9223243,2021,2021-03-23,3105,2021-01-28,0841,1155,,4,5,5,3105,0,0,0,,0,003,"CIRBY WY","LINDSAY DR",124.00,W,N,C,-,N,,,,,,,,,,Y,4,0,1,2,A,-,03,22350,,N,C,C,A,B,H,-,A,A,0,,,,,Y,,A,01,0,0,1,0,0,0,0,0,0,"- ","- ",38.729328155517578,-121.29470062255859,PLACER,ROSEVILLE,-121.29513549804688,38.729351043701172
9223251,2021,2021-03-04,3105,2021-01-18,1541,1145,,1,5,5,3105,0,0,0,,0,001,"EAST ROSEVILLE PKWY","STONE CANYON DR",218.00,S,N,A,-,N,,,,,,,,,,Y,3,0,1,2,A,-,07,21658,A,N,B,C,A,A,H,-,A,D,0,,,,,Y,,D,22,0,1,0,0,0,0,0,0,0,"- ","- ",,,PLACER,ROSEVILLE,-121.24526214599609,38.758262634277344
9226223,2021,2021-03-05,3105,2021-01-30,2231,1162,,6,5,5,3105,0,0,0,,0,002,"EUREKA RD","NORTH SUNRISE AV",0.00,,Y,A,-,N,,,,,,,,,,Y,4,0,1,2,A,-,09,21453,C,N,D,C,A,A,H,-,C,A,0,,,,,Y,,A,01,0,0,1,0,0,0,0,0,0,"- ","- ",38.755599975585938,-121.25511932373047,PLACER,ROSEVILLE,-121.255126953125,38.755584716796875
9226224,2021,2021-04-12,3105,2021-01-29,1233,196,,5,5,5,3105,0,0,0,,0,007,"FIDDYMENT RD","PLEASANT GROVE BL",588.00,N,N,B,-,N,,,,,,,,,,N,4,0,1,2,A,-,11,21956,,N,G,B,E,-,H,-,A,D,0,Y,,,,Y,,N,60,0,0,1,0,1,0,0,0,0,"- ","- ",38.766159057617188,-121.35871124267578,PLACER,ROSEVILLE,-121.35867309570312,38.767902374267578
9226511,2021,2021-03-23,3105,2021-02-01,1527,1140,,1,5,5,3105,0,0,0,,0,007,"PLEASANT GROVE BL","HORTON LN",70.00,W,N,A,-,N,,,,,,,,,,,4,0,2,3,A,-,03,22350,,N,C,C,A,A,H,-,A,D,0,,,,,Y,,A,01,0,0,2,0,0,0,0,0,0,"- ","- ",38.768218994140625,-121.36441802978516,PLACER,ROSEVILLE,-121.36463928222656,38.768363952636719
9226908,2021,2021-04-13,3105,2021-02-19,1039,184,,5,5,5,3105,0,0,0,,0,001,"TAYLOR RD","ROSEVILLE PK",0.00,,Y,C,-,N,,,,,,,,,,N,4,0,1,2,A,-,03,22350,,N,C,C,A,B,H,-,A,A,0,,,,,Y,,A,01,0,0,1,0,0,0,0,0,0,"- ","- ",38.762008666992188,-121.25586700439453,PLACER,ROSEVILLE,-121.25586700439453,38.762008666992188
9227014,2021,2021-03-23,3105,2021-02-15,2328,1119,,1,5,5,3105,0,0,0,,0,007,"BLUE OAKS BL","DEL WEBB BL",528.00,W,N,A,-,N,,,,,,,,,,Y,3,0,1,1,A,-,03,22350,1,N,E,I,A,A,H,-,C,D,0,,,,,Y,,A,07,0,1,0,0,0,0,0,0,0,"- ","- ",,,PLACER,ROSEVILLE,-121.34880828857422,38.792388916015625
9229220,2021,2021-04-09,3104,2021-02-01,0530,315,52,1,5,4,3104,0,0,0,,0,001,"ROCKLIN RD","SIERRA COLLEGE BL",0.00,,Y,A,-,N,,,,,,,,,,Y,3,0,1,2,A,-,"- ",,,N,A,C,A,A,H,-,C,A,0,,,,,Y,,A,01,0,1,0,0,0,0,0,0,0,"- ","- ",38.787700653076172,-121.20284271240234,PLACER,ROCKLIN,-121.20607757568359,38.788623809814453
9229365,2021,2021-03-18,3103,2021-01-30,1611,DSEAR,L3,6,5,2,3103,0,0,0,,0,0L1,"3RD ST","R ST",0.00,,Y,B,-,N,,,,,,,,,,N,4,0,1,2,A,-,09,21800,A,N,D,C,A,A,H,-,A,A,0,,,,,Y,,A,08,0,0,1,0,0,0,0,0,0,"- ","- ",38.889141082763672,-121.30809020996094,PLACER,LINCOLN,-121.30811309814453,38.889171600341797
9230068,2021,2021-03-24,3103,2021-02-02,1750,46,L1,2,5,2,3103,0,0,0,,0,0L1,"JORGENSON DR","EL CAMINO VERDE DR",60.00,E,N,A,-,N,,,,,,,,,,N,3,0,1,2,A,-,08,22107,,N,D,E,A,A,H,-,B,D,0,,,,,Y,,A,01,0,1,0,0,0,0,0,0,0,"- ","- ",38.904560089111328,-121.32023620605469,PLACER,LINCOLN,-121.32036590576172,38.90472412109375
9230494,2021,2021-04-06,3105,2021-02-07,1433,1109,,7,5,5,3105,0,0,0,,0,006,"JUNCTION BL","BASELINE RD",1042.00,N,N,A,-,N,,,,,,,,,,N,3,0,1,2,A,-,09,21800,A,N,D,G,A,A,H,-,A,D,0,,Y,,,Y,,A,01,0,1,0,0,0,0,1,0,0,"- ","- ",38.753890991210938,-121.35199737548828,PLACER,ROSEVILLE,-121.35179138183594,38.754600524902344
9231633,2021,2021-03-29,3105,2021-03-10,1925,1009,,3,5,5,3105,0,0,0,,0,002,"DOUGLAS BL","ROCKY RIDGE DR",358.00,E,N,C,-,N,,,,,,,,,,Y,3,0,1,3,A,-,08,22107,,N,D,C,A,B,H,-,C,D,0,,,,,Y,,A,01,0,1,0,0,0,0,0,0,0,"- ","- ",38.742851257324219,-121.25150299072266,PLACER,ROSEVILLE,-121.25176239013672,38.744186401367188
9232389,2021,2021-03-16,3105,2021-01-26,1200,1102,,2,5,5,3105,0,0,0,,0,002,"ROCKY RIDGE DR","DOUGLAS BL",570.00,N,N,A,-,N,,,,,,,,,,Y,4,0,1,2,A,-,09,21804,A,N,D,C,A,A,H,-,A,B,0,,,,,Y,,A,07,0,0,1,0,0,0,0,0,0,"- ","- ",38.744338989257812,-121.2530517578125,PLACER,ROSEVILLE,-121.25303649902344,38.745723724365234
9232390,2021,2021-03-23,3105,2021-01-27,2111,1118,,3,5,5,3105,0,0,0,,0,007,"PLEASANT GROVE BL","UPLAND DR",0.00,,Y,C,G,N,,,,,,,,,,Y,4,0,1,1,A,-,03,22350,,N,F,I,A,B,H,-,C,D,0,,,,,Y,,A,01,0,0,1,0,0,0,0,0,0,"- ","- ",38.768299102783203,-121.36432647705078,PLACER,ROSEVILLE,-121.36233520507812,38.766887664794922
9232976,2021,2021-03-05,3105,2021-01-15,0757,1151,,5,5,5,3105,0,0,0,,0,002,"CIRBY WY","SUNRISE AV",0.00,,Y,A,-,N,,,,,,,,,,N,4,0,1,2,A,-,03,22350,,N,C,C,A,A,H,-,A,A,0,,,,,Y,Y,A,01,0,0,1,0,0,0,0,0,0,"- ","- ",38.729488372802734,-121.27207183837891,PLACER,ROSEVILLE,-121.27208709716797,38.729511260986328
9232979,2021,2021-03-05,3105,2021-01-28,1231,1158,,4,5,5,3105,0,0,0,,0,002,"SUNRISE AV","OAK RIDGE DR",0.00,,Y,C,-,N,,,,,,,,,,N,4,0,1,2,A,-,03,22350,,N,A,C,A,B,H,-,A,A,0,,,,,Y,,A,01,0,0,1,0,0,0,0,0,0,"- ","- ",38.743289947509766,-121.27037811279297,PLACER,ROSEVILLE,-121.27043151855469,38.743171691894531
9232980,2021,2021-03-05,3105,2021-01-22,1908,1158,,5,5,5,3105,0,0,0,,0,002,"AUTOMALL DR","NORTH SUNRISE AV",0.00,,Y,B,-,N,,,,,,,,,,N,4,0,3,2,A,-,08,22107,,N,D,C,A,-,H,-,C,A,0,,,,,Y,,A,07,0,0,3,0,0,0,0,0,0,"- ","- ",38.753250122070312,-121.25935363769531,PLACER,ROSEVILLE,-121.25936126708984,38.753269195556641
9232996,2021,2021-03-08,3105,2021-01-19,1405,1055,,2,5,5,3105,0,0,0,,0,004,"WASHINGTON BL","GROVE ST",0.00,,Y,A,-,N,,,,,,,,,,Y,4,0,2,2,A,-,09,21802,A,N,D,C,A,A,H,-,-,D,0,,,,,Y,,A,01,0,0,2,0,0,0,0,0,0,"- ","- ",38.7529296875,-121.28797149658203,PLACER,ROSEVILLE,-121.28788757324219,38.752937316894531
9232997,2021,2021-03-08,3105,2021-01-13,1545,3049,,3,5,5,3105,0,0,0,,0,001,"SECRET RAVINE PKWY","WILLENHALL WY",369.00,E,N,A,-,,,,,,,,,,,Y,4,0,1,1,A,-,03,22350,,N,E,I,A,A,H,-,A,D,0,,,,,Y,,A,01,0,0,1,0,0,0,0,0,0,"- ","- ",38.764778137207031,-121.22271728515625,PLACER,ROSEVILLE,-121.22653198242188,38.764430999755859
9232998,2021,2021-03-08,3105,2021-01-02,2056,1086,,6,5,5,3105,0,0,0,,0,006,"WOODCREEK OAKS BL","BLUE OAKS BL",0.00,,Y,A,-,N,,,,,,,,,,Y,4,0,1,2,A,-,12,21453,A,N,D,C,A,A,H,-,C,A,0,,,,,Y,,A,01,0,0,1,0,0,0,0,0,0,"- ","- ",,,PLACER,ROSEVILLE,-121.32872772216797,38.795238494873047
9235131,2021,2021-03-29,3105,2021-02-13,0829,1151,,6,5,5,3105,0,0,0,,0,002,"DOUGLAS BL","SUNRISE AV",0.00,,Y,A,-,N,,,,,,,,,,Y,4,0,1,1,A,-,08,22107,,N,A,I,A,B,H,-,A,A,0,,,,,Y,,A,01,0,0,1,0,0,0,0,0,0,"- ","- ",38.744129180908203,-121.26622772216797,PLACER,ROSEVILLE,-121.26619720458984,38.744098663330078
9235132,2021,2021-03-29,3105,2021-02-13,0928,1099,,6,5,5,3105,0,0,0,,0,006,"JUNCTION BL","COUNTRY CLUB DR",0.00,,Y,A,-,N,,,,,,,,,,Y,4,0,3,2,A,-,12,21453,A,N,D,C,A,B,H,-,A,A,0,,,,,Y,,A,01,0,0,3,0,0,0,0,0,0,"- ","- ",,,PLACER,ROSEVILLE,-121.32712554931641,38.756233215332031
9235134,2021,2021-03-29,3105,2021-02-14,1327,1162,,7,5,5,3105,0,0,0,,0,006,"SHROPSHIRE ST","ATWELL ST",26.00,N,N,A,-,N,,,,,,,,,,,3,0,1,2,C,-,18,,,N,C,E,A,A,H,-,A,D,0,,,,,Y,Y,-,"- ",0,1,0,0,0,0,0,0,0,"- ","- ",38.756099700927734,-121.34713745117188,PLACER,ROSEVILLE,-121.349853515625,38.75543212890625
9235209,2021,2021-04-14,3105,2021-03-14,2147,1138,,7,5,5,3105,0,0,0,,0,005,"HIGHLAND PARK DR","PLEASANT GROVE BL",0.00,,Y,C,-,N,,,,,,,,,,Y,4,0,2,2,A,-,12,21453,A,N,D,C,A,B,H,-,C,A,0,,,,,Y,,A,01,0,0,2,0,0,0,0,0,0,"- ","- ",38.792369842529297,-121.27909851074219,PLACER,ROSEVILLE,-121.27910614013672,38.792377471923828
9235744,2021,2021-03-25,3105,2021-02-24,1005,"  197",,3,5,5,3105,0,0,0,,0,002,"EAST ROSEVILLE PKWY","EUREKA RD",0.00,,Y,A,-,N,,,,,,,,,,Y,4,0,3,2,A,-,12,21453,A,N,D,C,A,A,H,-,A,A,0,,,,,Y,,A,01,0,0,3,0,0,0,0,0,0,"- ","- ",38.736869812011719,-121.23567199707031,PLACER,ROSEVILLE,-121.23567962646484,38.736709594726562
9235899,2021,2021-03-20,3103,2021-02-11,1202,BROGE,L7,4,5,2,3103,0,0,0,,0,0L4,"DEL WEBB BL","STONERIDGE BL",458.00,N,N,A,-,N,,,,,,,,,,N,3,0,1,1,A,-,08,22107,,N,E,I,A,A,H,-,A,D,0,,,,,Y,,A,07,0,1,0,0,0,0,0,0,0,"- ","- ",,,PLACER,LINCOLN,-121.27233123779297,38.869022369384766
9236043,2021,2021-03-29,3104,2021-02-28,1730,256,46,7,5,4,3104,0,0,0,,0,002,"PACIFIC ST","PACIFIC ST 6101",0.00,,Y,A,-,N,,,,,,,,,,N,3,0,1,1,C,-,18,,,N,F,A,A,A,H,-,A,D,0,,,,,Y,,-,"- ",0,1,0,0,0,0,0,0,0,"- ","- ",38.779239654541016,-121.24320983886719,PLACER,ROCKLIN,-122.19571685791016,39.276233673095703
9236045,2021,2021-03-29,3104,2021-02-26,1236,279,53,5,5,4,3104,0,0,0,,0,001,"BROOKSHIRE DR","SAXONY DR",0.00,,Y,A,-,N,,,,,,,,,,N,3,0,1,1,A,-,08,22107,,N,E,I,A,A,H,-,A,D,0,,,,,Y,,M,97,0,1,0,0,0,0,0,0,0,"- ","- ",33.878108978271484,-121.22118377685547,PLACER,ROCKLIN,-121.22118377685547,38.780433654785156
9236100,2021,2021-04-08,3105,2021-02-15,1528,1121,,1,5,5,3105,0,0,0,,0,003,"CIRBY WY","MELODY LN",0.00,,Y,B,-,N,,,,,,,,,,Y,3,0,3,2,A,-,12,21453,A,N,D,C,A,A,H,-,A,A,0,,,,,Y,,A,08,0,2,1,0,0,0,0,0,0,"- ","- ",38.729328155517578,-121.29212188720703,PLACER,ROSEVILLE,-121.29210662841797,38.729339599609375
9238089,2021,2021-03-26,3105,2021-02-07,1436,1141,,7,5,5,3105,0,0,0,,0,001,"ROSEVILLE PKWY","CREEKSIDE RIDGE DR",168.00,E,N,A,-,N,,,,,,,,,,N,4,0,4,2,A,-,03,22350,,N,C,C,A,A,H,-,A,A,0,,,,,Y,,A,01,0,0,4,0,0,0,0,0,0,"- ","- ",38.767051696777344,-121.26306915283203,PLACER,ROSEVILLE,-121.26271057128906,38.766693115234375
9238091,2021,2021-03-26,3105,2021-02-20,1547,1121,,6,5,5,3105,0,0,0,,0,003,"FOOTHILLS BL","CIRBY WY",446.00,N,N,A,-,N,,,,,,,,,,N,4,0,3,4,A,-,03,22350,,N,C,C,A,A,H,-,A,A,0,,,,,Y,,A,01,0,0,3,0,0,0,0,0,0,"- ","- ",38.729251861572266,-121.30400085449219,PLACER,ROSEVILLE,-121.30294799804688,38.730537414550781
9238093,2021,2021-03-26,3105,2021-02-24,1215,1161,,3,5,5,3105,0,0,0,,0,005,"PLEASANT GROVE BL","FAIRWAY DR",1125.00,W,N,A,-,N,,,,,,,,,,Y,3,0,2,3,A,-,03,22350,,N,C,C,A,A,H,-,A,D,0,,,,,Y,Y,A,07,0,2,0,0,0,0,0,0,0,"- ","- ",38.785671234130859,-121.28648376464844,PLACER,ROSEVILLE,-121.28376770019531,38.786853790283203
9238094,2021,2021-03-26,3105,2021-02-02,1223,343,,2,5,5,3105,0,0,0,,0,001,"GALLERIA BL","BERRY ST",405.00,N,N,B,-,N,,,,,,,,,,Y,4,0,1,2,A,-,03,22350,,N,C,C,A,B,H,-,A,A,0,,,,,Y,,A,01,0,0,1,0,0,0,0,0,0,"- ","- ",38.7593994140625,-121.26580047607422,PLACER,ROSEVILLE,-121.26512145996094,38.759590148925781
9238496,2021,2021-04-16,3105,2021-03-10,2205,1100,,3,5,5,3105,0,0,0,,0,002,"SUNRISE AV","CIRBY WY",0.00,,Y,A,-,,,,,,,,,,,Y,4,0,1,3,A,-,01,23152,A,N,C,C,A,B,H,-,C,A,0,,,,,Y,Y,A,01,0,0,1,0,0,0,0,0,0,"- ","- ",38.729488372802734,-121.27207183837891,PLACER,ROSEVILLE,-121.27208709716797,38.729511260986328
9238822,2021,2021-04-14,3105,2021-03-01,1413,1140,,1,5,5,3105,0,0,0,,0,006,"WOODCREEK OAKS BL","PAINTED DESERT",373.00,N,N,A,-,N,,,,,,,,,,,4,0,1,2,A,-,09,21804,A,N,G,G,A,A,H,-,A,D,0,,Y,,,Y,,A,01,0,0,1,0,0,0,1,0,0,"- ","- ",38.794010162353516,-121.33062744140625,PLACER,ROSEVILLE,-121.32871246337891,38.793315887451172
9238824,2021,2021-04-14,3105,2021-03-15,0826,1063,,1,5,5,3105,0,0,0,,0,002,"SIERRA COLLEGE BL","EUREKA RD",0.00,,Y,A,-,N,,,,,,,,,,Y,4,0,1,2,A,-,12,21453,A,N,D,C,A,B,H,-,A,A,0,,,,,Y,,A,01,0,0,1,0,0,0,0,0,0,"- ","- ",38.736610412597656,-121.22596740722656,PLACER,ROSEVILLE,-121.22576904296875,38.736682891845703
9239682,2021,2021-04-13,3101,2021-01-31,1504,A741,AU01,7,5,3,3101,0,0,0,,0,0A2,"AUBURN FOLSOM BL","AUBURN FOLSOM RD",22.00,W,N,B,-,N,,,,,,,,,,Y,3,0,1,1,A,-,03,22350,,N,H,I,A,A,H,-,A,D,0,,,,,Y,,A,01,0,1,0,0,0,0,0,0,0,"- ","- ",38.869209289550781,-121.09464263916016,PLACER,AUBURN,-121.17514801025391,38.713397979736328
9240467,2021,2021-04-14,3105,2021-03-21,1156,1149,,7,5,5,3105,0,0,0,,0,004,"VINEYARD RD","OPPORTUNITY DR",244.00,E,N,A,-,N,,,,,,,,,,N,4,0,1,2,A,-,09,21804,A,N,D,C,A,A,H,-,A,A,0,,,,,Y,,A,01,0,0,1,0,0,0,0,0,0,"- ","- ",38.743808746337891,-121.30918121337891,PLACER,ROSEVILLE,-121.30580139160156,38.743968963623047
9240471,2021,2021-04-14,3105,2021-03-26,0050,1100,,5,5,5,3105,0,0,0,,0,002,"SUNRISE AV","OAK RIDGE DR",400.00,S,N,A,-,N,,,,,,,,,,Y,3,0,1,1,A,-,08,22107,,N,B,I,A,A,H,-,C,D,0,,,,,Y,,A,01,0,1,0,0,0,0,0,0,0,"- ","- ",38.743289947509766,-121.27030181884766,PLACER,ROSEVILLE,-121.27124786376953,38.742275238037109
9240943,2021,2021-04-20,3104,2021-03-15,1601,298,10B,1,5,4,3104,0,0,0,,0,004,"PARK DR","SANDY TRAIL WY",0.00,,Y,A,-,N,,,,,,,,,,Y,3,0,1,2,D,-,00,,,N,D,C,A,A,H,-,A,A,0,,,,,Y,,-,"- ",0,1,0,0,0,0,0,0,0,"- ","- ",38.800010681152344,-121.27681732177734,PLACER,ROCKLIN,-121.27684783935547,38.800025939941406
9243374,2021,2021-04-14,3105,2021-03-26,1440,1160,,5,5,5,3105,0,0,0,,0,004,"GALLERIA BL","ROSEVILLE PKWY",1882.00,S,N,A,-,N,,,,,,,,,,Y,4,0,1,2,A,-,09,21801,A,N,D,C,A,A,H,-,A,D,0,,,,,Y,,A,01,0,0,1,0,0,0,0,0,0,"- ","- ",38.763618469238281,-121.2677001953125,PLACER,ROSEVILLE,-121.265869140625,38.763530731201172
9243375,2021,2021-04-14,3105,2021-03-26,1742,1134,,5,5,5,3105,0,0,0,,0,003,"FOOTHILLS BL","CIRBY WY",506.00,N,N,A,-,N,,,,,,,,,,Y,3,0,1,2,A,-,08,22107,,N,D,C,A,A,H,-,A,A,0,,,Y,,Y,,A,01,0,1,0,0,0,0,0,0,1,"- ","- ",38.729251861572266,-121.30400085449219,PLACER,ROSEVILLE,-121.30284881591797,38.730682373046875
9243376,2021,2021-04-14,3105,2021-03-26,1000,1084,,5,5,5,3105,0,0,0,,0,005,"PLEASANT GROVE BL","HIGHLAND POINTE RD",0.00,,Y,A,-,N,,,,,,,,,,N,4,0,1,2,A,-,08,22107,,F,B,C,A,A,H,-,A,A,0,,,,,Y,,A,01,0,0,1,0,0,0,0,0,0,"- ","- ",,,PLACER,ROSEVILLE,-121.2867431640625,38.783275604248047
9243379,2021,2021-04-14,3105,2021-03-27,0352,1100,,6,5,5,3105,0,0,0,,0,002,"EUREKA RD","DEER VALLEY DR",0.00,,Y,A,-,N,,,,,,,,,,Y,2,0,1,1,A,-,08,22107,,N,E,I,A,A,H,-,C,A,0,,,,,Y,,A,07,1,0,0,0,0,0,0,0,0,"- ","- ",38.739700317382812,-121.24259948730469,PLACER,ROSEVILLE,-121.24267578125,38.739681243896484
9243380,2021,2021-04-14,3105,2021-03-19,1659,1134,,5,5,5,3105,0,0,0,,0,002,"SUNRISE AV","ASCOT DR",272.00,E,N,B,C,N,,,,,,,,,,Y,4,0,1,1,A,-,03,22350,,N,F,I,A,B,H,-,A,A,0,,,,,Y,,A,01,0,0,1,0,0,0,0,0,0,"- ","- ",38.743518829345703,-121.26730346679688,PLACER,ROSEVILLE,-121.26757049560547,38.743328094482422
9243381,2021,2021-04-19,3105,2021-03-19,1852,1118,,5,5,5,3105,0,0,0,,0,,"FIDDYMENT RD","N HAYDEN PKWY",234.00,N,N,B,-,N,,,,,,,,,,Y,3,0,2,1,A,-,03,22350,,N,F,I,A,B,H,-,A,D,0,,,,,Y,,A,01,0,1,1,0,0,0,0,0,0,"- ","- ",38.802959442138672,-121.35350036621094,PLACER,ROSEVILLE,-121.35436248779297,38.802532196044922
9243382,2021,2021-04-19,3105,2021-03-21,0204,1138,,7,5,5,3105,0,0,0,,0,004,"WASHINGTON BL","LINCOLN ST",0.00,,Y,A,-,N,,,,,,,,,,Y,3,0,1,1,A,-,03,22350,,N,F,A,A,A,H,-,C,D,0,,,,,Y,Y,A,01,0,1,0,0,0,0,0,0,0,"- ","- ",38.756969451904297,-121.28849792480469,PLACER,ROSEVILLE,-121.28859710693359,38.756988525390625
9243383,2021,2021-04-19,3105,2021-03-23,0720,1102,,2,5,5,3105,0,0,0,,0,006,"BLUE OAKS BL","WOODCREEK OAKS BL",0.00,,Y,A,-,N,,,,,,,,,,Y,4,0,2,3,A,-,03,22350,,N,C,C,A,A,H,-,A,A,0,,,,,Y,,A,01,0,0,2,0,0,0,0,0,0,"- ","- ",38.79547119140625,-121.32859802246094,PLACER,ROSEVILLE,-121.32872772216797,38.795238494873047
9243386,2021,2021-04-19,3105,2021-03-25,1854,1131,,4,5,5,3105,0,0,0,,0,001,"TAYLOR RD","PLUMBER WY",286.00,S,N,A,-,N,,,,,,,,,,Y,4,0,2,3,A,-,03,22350,,N,C,C,A,A,H,-,B,D,0,,,,,Y,,A,01,0,0,2,0,0,0,0,0,0,TO,"- ",38.773788452148438,-121.25019836425781,PLACER,ROSEVILLE,,
9243432,2021,2021-05-10,3105,2021-04-02,1655,1130,,5,5,5,3105,0,0,0,,0,002,"DOUGLAS BL","SUNRISE AV",750.00,W,N,A,-,,,,,,,,,,,N,3,0,2,2,A,-,04,21703,,N,C,C,A,A,H,-,A,D,0,,,,,Y,,A,07,0,2,0,0,0,0,0,0,0,"- ","- ",38.744129180908203,-121.26622772216797,PLACER,ROSEVILLE,-121.26882934570312,38.744091033935547
9243433,2021,2021-05-10,3105,2021-04-06,2204,1124,,2,5,5,3105,0,0,0,,0,002,"SIERRA COLLEGE BL","E ROSEVILE PKWY",0.00,,Y,A,-,N,,,,,,,,,,Y,4,0,1,2,A,-,12,21453,A,N,D,C,A,A,H,-,C,A,0,,,,,Y,,A,01,0,0,1,0,0,0,0,0,0,"- ","- ",38.73114013671875,-121.26123046875,PLACER,ROSEVILLE,-121.22586059570312,38.730976104736328
9243481,2021,2021-04-20,3104,2021-03-20,1419,315,10,6,5,4,3104,0,0,0,,0,004,"PARK DR","ARNALD RD",0.00,,Y,A,-,N,,,,,,,,,,Y,4,0,1,2,A,-,08,22107,,N,D,C,A,A,H,-,A,D,0,,,,,Y,,A,01,0,0,1,0,0,0,0,0,0,"- ","- ",38.802188873291016,-121.27603149414062,PLACER,ROCKLIN,-121.27625274658203,38.802257537841797
9243858,2021,2021-04-23,3105,2021-03-24,0941,1109,,3,5,5,3105,0,0,0,,0,003,"RT 80","RIVERSIDE AV",0.00,,Y,A,-,Y,PLA,3,80,-,-,0.565,R,4,W,Y,3,0,1,1,A,-,03,22350,,N,A,I,A,A,H,-,A,A,0,,,,,Y,,D,22,0,1,0,0,0,0,0,0,0,WF,"- ",38.726890563964844,-121.29039764404297,PLACER,ROSEVILLE,-121.28702545166016,38.727981567382812
9243882,2021,2021-04-21,3104,2021-03-23,2249,308,7,2,5,4,3104,0,0,0,,0,004,"WILDCAT BL","WHITNEY RANCH PKWY",0.00,,Y,A,-,N,,,,,,,,,,Y,4,0,1,2,A,-,12,21453,A,N,D,C,A,A,H,-,C,A,0,,,,,Y,,D,72,0,0,1,0,0,0,0,0,0,"- ","- ",38.830551147460938,-121.28795623779297,PLACER,ROCKLIN,-121.28809356689453,38.8304443359375
9243918,2021,2021-04-26,3105,2021-03-25,1025,184,,4,5,5,3105,0,0,0,,0,001,"STANFORD RANCH RD","RT 65",0.00,,Y,A,-,Y,PLA,3,65,-,R,6.204,R,4,N,Y,2,0,2,2,A,-,09,21453,C,N,A,C,A,A,H,-,A,A,0,,,,Y,Y,,F,86,1,1,0,0,0,0,0,0,0,"- ",NO,38.778621673583984,-121.26580047607422,PLACER,ROSEVILLE,-121.27000427246094,38.779628753662109