CASE_ID,ACCIDENT_YEAR,PROC_DATE,JURIS,COLLISION_DATE,COLLISION_TIME,OFFICER_ID,REPORTING_DISTRICT,DAY_OF_WEEK,CHP_SHIFT,POPULATION,CNTY_CITY_LOC,SPECIAL_COND,BEAT_TYPE,CHP_BEAT_TYPE,CITY_DIVISION_LAPD,CHP_BEAT_CLASS,BEAT_NUMBER,PRIMARY_RD,SECONDARY_RD,DISTANCE,DIRECTION,INTERSECTION,WEATHER_1,WEATHER_2,STATE_HWY_IND,CALTRANS_COUNTY,CALTRANS_DISTRICT,STATE_ROUTE,ROUTE_SUFFIX,POSTMILE_PREFIX,POSTMILE,LOCATION_TYPE,RAMP_INTERSECTION,SIDE_OF_HWY,TOW_AWAY,COLLISION_SEVERITY,NUMBER_KILLED,NUMBER_INJURED,PARTY_COUNT,PRIMARY_COLL_FACTOR,PCF_CODE_OF_VIOL,PCF_VIOL_CATEGORY,PCF_VIOLATION,PCF_VIOL_SUBSECTION,HIT_AND_RUN,TYPE_OF_COLLISION,MVIW,PED_ACTION,ROAD_SURFACE,ROAD_COND_1,ROAD_COND_2,LIGHTING,CONTROL_DEVICE,CHP_ROAD_TYPE,PEDESTRIAN_ACCIDENT,BICYCLE_ACCIDENT,MOTORCYCLE_ACCIDENT,TRUCK_ACCIDENT,NOT_PRIVATE_PROPERTY,ALCOHOL_INVOLVED,STWD_VEHTYPE_AT_FAULT,CHP_VEHTYPE_AT_FAULT,COUNT_SEVERE_INJ,COUNT_VISIBLE_INJ,COUNT_COMPLAINT_PAIN,COUNT_PED_KILLED,COUNT_PED_INJURED,COUNT_BICYCLIST_KILLED,COUNT_BICYCLIST_INJURED,COUNT_MC_KILLED,COUNT_MC_INJURED,PRIMARY_RAMP,SECONDARY_RAMP,LATITUDE,LONGITUDE,COUNTY,CITY,POINT_X,POINT_Y
9248109,2021,2021-04-16,3105,2021-03-09,1717,1117,,2,5,5,3105,0,0,0,,0,006,"FOOTHILLS BL","MISTY WOOD DR",1175.00,N,N,B,C,N,,,,,,,,,,Y,4,0,1,2,A,-,09,21801,A,N,A,C,A,B,H,-,B,A,0,,,,,Y,,I,11,0,0,1,0,0,0,0,0,0,"- ","- ",38.779930114746094,-121.31172943115234,PLACER,ROSEVILLE,-121.31374359130859,38.781375885009766
9248877,2021,2021-04-30,3105,2021-04-09,1720,1134,,5,5,5,3105,0,0,0,,0,004,"FOOTHILL BL","ZINFANDEL DR",0.00,,Y,A,-,N,,,,,,,,,,Y,4,0,1,2,A,-,09,21802,A,N,D,C,A,A,H,-,A,A,0,,,,,Y,,A,01,0,0,1,0,0,0,0,0,0,"- ","- ",38.75177001953125,-121.30940246582031,PLACER,ROSEVILLE,-121.30943298339844,38.747150421142578
9249899,2021,2021-04-28,3105,2021-03-26,0941,184,,5,5,5,3105,0,0,0,,0,001,"EAST ROSEVILLE PKWY","NORTH SUNRISE AV",0.00,,Y,A,-,N,,,,,,,,,,N,4,0,2,3,A,-,07,21658,A,N,B,C,A,A,H,-,A,A,0,,,,,Y,,A,01,0,0,2,0,0,0,0,0,0,"- ","- ",38.761310577392578,-121.25,PLACER,ROSEVILLE,-121.25147247314453,38.762020111083984
9250267,2021,2021-04-28,3101,2021-03-26,1500,A737,AU05,5,5,3,3101,0,0,0,,0,0A2,"INDIAN HILL RD","VAL VISTA WY",0.00,,N,A,-,N,,,,,,,,,,N,2,0,1,2,A,-,06,21760,C,F,B,G,A,A,H,-,A,D,0,,Y,,,Y,,A,07,1,0,0,0,0,0,1,0,0,"- ","- ",38.872699737548828,-121.09541320800781,PLACER,AUBURN,-121.09537506103516,38.872718811035156
9250356,2021,2021-04-30,3105,2021-04-06,1643,1145,,2,5,5,3105,0,0,0,,0,002,"DOUGLAS BL","SIERRA GARDENS DR",0.00,,Y,A,-,N,,,,,,,,,,Y,3,0,2,3,A,-,12,21453,A,N,D,C,A,A,H,-,A,A,0,,,,,Y,,A,01,0,1,1,0,0,0,0,0,0,"- ","- ",,,PLACER,ROSEVILLE,-121.25921630859375,38.744270324707031
9250970,2021,2021-05-06,3105,2021-04-15,0951,197,,4,5,5,3105,0,0,0,,0,002,"ROCKY RIDGE DR","LEAD HILL BL",40.00,S,N,A,-,N,,,,,,,,,,Y,4,0,1,2,A,-,03,22350,,N,C,C,A,A,H,-,A,A,0,,,,,Y,,A,08,0,0,1,0,0,0,0,0,0,"- ","- ",38.748279571533203,-121.25306701660156,PLACER,ROSEVILLE,-121.25307464599609,38.748149871826172
9250975,2021,2021-05-06,3105,2021-04-25,0528,1137,,7,5,5,3105,0,0,0,,0,001,"ROSEVILLE PKWY","GALLERIA BL",0.00,,Y,B,-,N,,,,,,,,,,Y,4,0,1,2,A,-,12,21453,A,N,D,C,A,A,H,-,B,A,0,,,,,Y,,A,01,0,0,1,0,0,0,0,0,0,"- ","- ",,,PLACER,ROSEVILLE,-121.26589965820312,38.768695831298828
9250977,2021,2021-05-06,3105,2021-04-19,1716,143,,1,5,5,3105,0,0,0,,0,006,"JUNCTION BL","CARNELION DR",300.00,W,N,A,-,,,,,,,,,,,Y,4,0,2,1,A,-,03,22350,,N,E,I,A,A,H,-,A,D,0,,,,,Y,,A,01,0,0,2,0,0,0,0,0,0,"- ","- ",38.755470275878906,-121.35134887695312,PLACER,ROSEVILLE,-121.35176086425781,38.754680633544922
9254846,2021,2021-05-21,3105,2021-04-02,1505,1162,,5,5,5,3105,0,0,0,,0,003,"W DOUGLAS BLVD","RT 80",0.00,,Y,A,-,Y,PLA,3,80,-,-,1.814,R,4,E,N,3,0,1,2,A,-,11,21461,5,N,G,B,B,A,H,-,A,A,0,Y,,,,Y,,N,60,0,1,0,0,1,0,0,0,0,"- ",EF,,,PLACER,ROSEVILLE,-121.27206420898438,38.741905212402344
9254857,2021,2021-04-29,3105,2021-03-31,1439,1099,,3,5,5,3105,0,0,0,,0,003,"RIVERSIDE AV","FERN ST",178.00,N,N,A,-,N,,,,,,,,,,Y,3,0,6,2,A,-,05,21460,A,N,A,C,A,A,H,-,A,D,0,,,,,Y,,A,01,0,4,2,0,0,0,0,0,0,"- ","- ",,,PLACER,ROSEVILLE,-121.29058074951172,38.738929748535156
9254865,2021,2021-04-29,3105,2021-03-16,1518,1135,,2,5,5,3105,0,0,0,,0,006,"PLEASANT GROVE BL","WOODCREEK OAKS BL",600.00,W,N,A,-,N,,,,,,,,,,Y,3,0,2,3,A,-,03,22350,,N,F,C,A,A,H,-,A,A,0,,,,,Y,,A,07,0,1,1,0,0,0,0,0,0,"- ","- ",38.768741607666016,-121.33003234863281,PLACER,ROSEVILLE,-121.33217620849609,38.768581390380859
9254978,2021,2021-05-05,3105,2021-04-12,0854,1107,,1,5,5,3105,0,0,0,,0,007,"HAYDEN PW","ASHWELL WY",0.00,,Y,A,-,N,,,,,,,,,,Y,4,0,1,2,A,-,09,21801,A,N,C,C,A,A,H,-,A,D,0,,,,,Y,,D,22,0,0,1,0,0,0,0,0,0,"- ","- ",38.783828735351562,-121.36167144775391,PLACER,ROSEVILLE,-121.36167144775391,38.783771514892578
9256413,2021,2021-07-29,3101,2021-07-05,1626,A728,AU08,1,5,3,3101,0,0,0,,0,0A2,"SACRAMENTO ST","SACRAMENTO ST 360",0.00,,Y,A,-,N,,,,,,,,,,Y,2,0,1,1,C,-,18,,,N,E,J,A,A,H,-,A,D,0,,,,,Y,,-,"- ",1,0,0,0,0,0,0,0,0,"- ","- ",38.887409210205078,-121.07613372802734,PLACER,AUBURN,,
9256452,2021,2023-06-17,3100,2021-06-26,2147,62,,6,5,1,3102,0,0,0,,0,COC,"N MAIN ST","DEPOT ST",120.00,N,N,A,-,N,,,,,,,,,,Y,1,1,0,1,A,-,08,22107,,N,E,I,A,A,H,-,C,D,0,,,Y,,Y,Y,C,02,0,0,0,0,0,0,0,1,0,"- ","- ",,,PLACER,COLFAX,-120.95281219482422,39.101734161376953
9256503,2021,2023-06-17,3105,2021-01-08,2028,140,,5,5,5,3105,0,0,0,,0,002,"SUNRISE AV","COLOMA WY",0.00,,Y,A,-,N,,,,,,,,,,Y,1,1,0,2,A,-,05,21650,1,N,D,G,A,A,H,-,C,A,0,,Y,,,Y,,L,04,0,0,0,0,0,1,0,0,0,"- ","- ",38.736778259277344,-121.27201080322266,PLACER,ROSEVILLE,-121.27201080322266,38.736774444580078
9256992,2021,2021-06-11,3105,2021-04-26,1820,1158,,1,5,5,3105,0,0,0,,0,003,"BEN EZRA AV","FOLSOM RD",391.00,W,N,A,-,N,,,,,,,,,,N,2,0,1,2,A,-,09,21804,A,F,D,G,A,A,H,-,A,D,0,,Y,,Y,Y,Y,L,04,1,0,0,0,0,0,1,0,0,"- ","- ",38.745700836181641,-121.27751159667969,PLACER,ROSEVILLE,-121.27806854248047,38.745498657226562
9258899,2021,2021-05-14,3103,2021-04-09,1306,53,L6,5,5,2,3103,0,0,0,,0,0L4,"STONERIDGE BL","TWELVE BRIDGES DR",0.00,,Y,A,-,N,,,,,,,,,,Y,2,0,1,1,A,-,03,22350,,N,E,I,A,A,H,-,A,D,0,,,,,Y,,D,22,1,0,0,0,0,0,0,0,0,"- ","- ",,,PLACER,LINCOLN,-121.25302886962891,38.863853454589844
9258914,2021,2021-05-12,3103,2021-05-01,1553,48,L2,6,5,2,3103,0,0,0,,0,0L1,"JOINER PKWY","3RD ST",0.00,,Y,A,-,N,,,,,,,,,,Y,2,0,1,2,A,-,12,21453,A,N,D,C,A,A,H,-,A,A,0,,,,,Y,,A,01,1,0,0,0,0,0,0,0,0,"- ","- ",38.889129638671875,-121.31339263916016,PLACER,LINCOLN,-121.31340026855469,38.889118194580078
9259451,2021,2021-05-12,3103,2021-04-16,0930,BSCHN,L5,5,5,2,3103,0,0,0,,0,0L3,"3RD ST","LINCOLN BL",0.00,,Y,A,-,N,,,,,,,,,,N,3,0,1,2,A,-,10,21950,A,N,G,B,B,A,H,-,A,A,0,Y,,,,Y,,A,07,0,1,0,0,1,0,0,0,0,"- ","- ",38.889179229736328,-121.29279327392578,PLACER,LINCOLN,-121.29280090332031,38.889179229736328
9259453,2021,2021-05-12,3103,2021-04-23,1342,DSEAR,L7,5,5,2,3103,0,0,0,,0,0L4,"DEL WEBB BL","FALLEN LEAF LN",0.00,,Y,A,-,N,,,,,,,,,,Y,4,0,1,1,A,-,03,22350,,N,E,I,A,A,H,-,A,D,0,,,,,Y,,A,01,0,0,1,0,0,0,0,0,0,"- ","- ",38.862430572509766,-121.27339935302734,PLACER,LINCOLN,-121.27342224121094,38.862442016601562
9260526,2021,2021-06-21,3105,2021-05-14,1640,1148,,5,5,5,3105,0,0,0,,0,005,"PLEASANT GROVE BL","WASHINGTON BL",50.00,E,N,A,-,N,,,,,,,,,,N,4,0,2,2,A,-,03,22350,,M,C,C,A,-,H,-,-,A,0,,,,,Y,,A,01,0,0,2,0,0,0,0,0,0,"- ","- ",38.773880004882812,-121.30377960205078,PLACER,ROSEVILLE,-121.3035888671875,38.77392578125
9260860,2021,2021-07-16,3104,2021-06-05,1920,311,11,6,5,4,3104,0,0,0,,0,004,"BLUE OAKS BL","LONE TREE BL",500.00,E,N,A,-,N,,,,,,,,,,Y,3,0,3,2,A,-,03,22350,,N,B,C,A,A,H,-,A,D,0,,,,,Y,,D,22,0,2,1,0,0,0,0,0,0,"- ","- ",38.7958984375,-121.29158782958984,PLACER,ROCKLIN,-121.28990173339844,38.796360015869141
9261329,2021,2021-05-11,3105,2021-04-10,1215,1157,,6,5,5,3105,0,0,0,,0,005,"STANFORD RANCH RD","FIVE STAR BL",1217.00,W,N,A,-,Y,PLA,3,65,-,R,6.038,R,4,S,N,4,0,1,2,A,-,03,22350,,N,C,C,A,A,H,-,A,D,0,,,,,Y,,A,01,0,0,1,0,0,0,0,0,0,"- ","- ",38.781810760498047,-121.26580047607422,PLACER,ROSEVILLE,-121.26747894287109,38.778129577636719
9262081,2021,2021-05-07,3104,2021-04-21,0109,295,45,3,5,4,3104,0,0,0,,0,002,"PACIFIC ST","FARRON ST",50.00,N,N,A,-,N,,,,,,,,,,N,3,0,1,1,A,-,03,22350,A,N,H,J,A,A,H,-,C,D,0,,,Y,,Y,,C,02,0,1,0,0,0,0,0,0,1,"- ","- ",38.785789489746094,-121.23980712890625,PLACER,ROCKLIN,-121.23973846435547,38.785896301269531
9262082,2021,2021-05-07,3104,2021-04-18,0950,2304,53,7,5,4,3104,0,0,0,,0,001,"SCARBOROUGH DR","YARROW WY",518.00,S,N,A,-,N,,,,,,,,,,Y,4,0,1,2,A,-,03,22350,,N,C,E,A,A,H,-,A,A,0,,,,,Y,,A,01,0,0,1,0,0,0,0,0,0,"- ","- ",38.771270751953125,-121.2203369140625,PLACER,ROCKLIN,-121.22584533691406,38.771156311035156
9262083,2021,2021-05-07,3104,2021-04-24,0920,312,25,6,5,4,3104,0,0,0,,0,003,"PARK DR","STANFORD RANCH RD",50.00,S,N,A,-,N,,,,,,,,,,N,3,0,1,2,A,-,06,21760,B,N,B,G,A,A,H,-,A,A,0,,Y,,,Y,,A,01,0,1,0,0,0,0,1,0,0,"- ","- ",38.814510345458984,-121.25784301757812,PLACER,ROCKLIN,-121.25808715820312,38.814273834228516
9262084,2021,2021-05-07,3104,2021-04-20,1423,283,7,2,5,4,3104,0,0,0,,0,004,"WILDCAT BL","WHITNEY RANCH PKWY",0.00,,Y,A,-,N,,,,,,,,,,Y,3,0,3,2,A,-,09,21453,C,N,A,C,A,A,H,-,A,A,0,,,,,Y,,A,01,0,2,1,0,0,0,0,0,0,"- ","- ",38.830551147460938,-121.28795623779297,PLACER,ROCKLIN,-121.28809356689453,38.8304443359375
9262086,2021,2021-05-07,3104,2021-04-18,0510,311,5,7,5,4,3104,0,0,0,,0,004,"WHITNEY RANCH PKWY","WEST OAKS BL",0.00,,Y,A,-,N,,,,,,,,,,Y,4,0,1,1,A,-,01,23152,A,N,F,I,A,A,H,-,C,D,0,,,,,Y,Y,D,22,0,0,1,0,0,0,0,0,0,"- ","- ",38.831451416015625,-121.26690673828125,PLACER,ROCKLIN,-121.26656341552734,38.831832885742188
9263234,2021,2021-07-01,3105,2021-05-01,1520,1158,,6,5,5,3105,0,0,0,,0,003,"RIVERSIDE AV","ORLANDO AV",480.00,N,N,A,-,Y,PLA,3,80,-,-,0.565,R,4,W,N,4,0,1,2,A,-,08,22107,,N,B,C,A,A,H,-,A,D,0,,,Y,,Y,Y,A,01,0,0,1,0,0,0,0,0,0,"- ","- ",38.721820831298828,-121.29328918457031,PLACER,ROSEVILLE,-121.28702545166016,38.727981567382812
9263238,2021,2021-07-01,3105,2021-05-08,2000,1133,,6,5,5,3105,0,0,0,,0,003,"ATLANTIC ST","RT 80",121.00,W,N,A,-,Y,PLA,3,80,-,-,3.181,R,4,W,Y,4,0,2,2,A,-,08,22107,,F,B,C,A,A,H,-,B,A,0,,,,,Y,,A,01,0,0,2,0,0,0,0,0,0,"- ",WO,38.754219055175781,-121.26425170898438,PLACER,ROSEVILLE,-121.26048278808594,38.760066986083984
9263869,2021,2021-05-25,3105,2021-04-29,1901,196,,4,5,5,3105,0,0,0,,0,007,"PLEASANT GROVE BL","FIDDYMENT RD",608.00,E,N,A,-,N,,,,,,,,,,Y,4,0,1,2,A,-,09,21801,A,N,D,C,A,A,H,-,B,D,0,,,,,Y,,A,01,0,0,1,0,0,0,0,0,0,"- ","- ",38.751750946044922,-121.39267730712891,PLACER,ROSEVILLE,-121.35659790039062,38.766288757324219
9263870,2021,2021-06-07,3105,2021-04-30,2130,1100,,5,5,5,3105,0,0,0,,0,002,"EUREKA RD","E ROSEVILLE PKWY E",0.00,,Y,A,-,N,,,,,,,,,,Y,4,0,2,2,A,-,12,21453,A,N,D,C,A,A,H,-,C,A,0,,,,,Y,,A,01,0,0,2,0,0,0,0,0,0,"- ","- ",38.736869812011719,-121.23567199707031,PLACER,ROSEVILLE,-121.23567962646484,38.736709594726562
9266477,2021,2021-06-07,3105,2021-04-24,1515,1148,,6,5,5,3105,0,0,0,,0,007,"FIDDYMENT RD","AMBER WAVES WY",0.00,,Y,A,-,N,,,,,,,,,,N,3,0,2,2,A,-,05,21650,,N,D,C,A,-,H,-,A,D,0,,,,,Y,,-,,0,2,0,0,0,0,0,0,0,"- ","- ",38.759738922119141,-121.35849761962891,PLACER,ROSEVILLE,-121.35848999023438,38.759742736816406
9268415,2021,2021-06-25,3105,2021-05-26,0834,178,,3,5,5,3105,0,0,0,,0,004,"BASELINE RD","WOODCREEK OAKS BL",0.00,,Y,A,-,N,,,,,,,,,,Y,4,0,1,3,A,-,09,21453,C,N,D,C,A,A,H,-,A,A,0,,,,,Y,,A,01,0,0,1,0,0,0,0,0,0,"- ","- ",,,PLACER,ROSEVILLE,-121.33724212646484,38.751865386962891
9268427,2021,2021-07-01,3105,2021-05-24,1300,1063,,1,5,5,3105,0,0,0,,0,002,"CIRBY WY",PARKVIEW,1.00,W,N,A,-,N,,,,,,,,,,N,4,0,1,2,-,-,"- ",,,N,B,C,A,A,H,-,-,D,0,,,,,Y,,-,"- ",0,0,1,0,0,0,0,0,0,"- ","- ",38.729511260986328,-121.27017974853516,PLACER,ROSEVILLE,-121.26194000244141,38.729568481445312
9268552,2021,2021-06-16,3105,2021-04-26,1359,1059,,1,5,5,3105,0,0,0,,0,003,"HARDING BL","ESTATES RD",420.00,N,N,A,-,N,,,,,,,,,,N,4,0,1,2,A,-,"- ",,2,N,A,C,A,A,H,-,A,D,0,,,Y,,Y,,-,"- ",0,0,1,0,0,0,0,0,1,"- ","- ",38.747509002685547,-121.27056121826172,PLACER,ROSEVILLE,-121.27088165283203,38.747753143310547
9268600,2021,2021-06-02,3105,2021-05-09,1453,1015,,7,5,5,3105,0,0,0,,0,006,"FIDDYMENT RD","PLEASANT GROVE BL",47.00,S,N,A,-,N,,,,,,,,,,Y,3,0,3,2,A,-,03,22350,,N,C,C,A,A,H,-,A,A,0,,,,,Y,,D,22,0,1,2,0,0,0,0,0,0,"- ","- ",38.766159057617188,-121.35870361328125,PLACER,ROSEVILLE,-121.35863494873047,38.766185760498047
9268825,2021,2021-05-25,3105,2021-05-07,1958,1118,,5,5,5,3105,0,0,0,,0,007,"TELLURIDE WY","CASTLE ROCK WY",0.00,,Y,-,-,N,,,,,,,,,,N,2,0,1,2,A,-,12,22450,A,N,D,G,A,A,H,-,B,D,0,,Y,,,Y,,L,04,1,0,0,0,0,0,1,0,0,"- ","- ",38.782329559326172,-121.39045715332031,PLACER,ROSEVILLE,-121.39054107666016,38.782321929931641
9269404,2021,2021-05-28,3105,2021-05-12,1855,1148,,3,5,5,3105,0,0,0,,0,005,"PLEASANT GROVE BL","WASHINGTON BL",300.00,E,N,A,-,N,,,,,,,,,,N,4,0,1,3,A,-,03,22350,,N,C,C,A,A,H,-,-,A,0,,,,,Y,,A,01,0,0,1,0,0,0,0,0,0,"- ","- ",38.773880004882812,-121.30377960205078,PLACER,ROSEVILLE,-121.30272674560547,38.774059295654297
9269405,2021,2021-05-28,3105,2021-05-11,1857,1135,,2,5,5,3105,0,0,0,,0,005,"FAIRWAY DR","PLEASANT GROVE BL",716.00,W,N,A,-,N,,,,,,,,,,Y,4,0,1,2,A,-,09,21804,A,N,C,C,A,A,H,-,A,A,0,,,,,Y,,A,01,0,0,1,0,0,0,0,0,0,"- ","- ",38.7901611328125,-121.28427124023438,PLACER,ROSEVILLE,-121.28418731689453,38.790069580078125
9269545,2021,2021-06-03,3104,2021-04-02,0700,2846,11,5,5,4,3104,0,0,0,,0,004,"LONETREE BL","GRAND CANYON DR",38.00,N,N,A,-,N,,,,,,,,,,N,4,0,1,2,A,-,03,22350,,M,C,C,A,A,H,-,A,A,0,,,,,Y,,-,,0,0,1,0,0,0,0,0,0,"- ","- ",38.797080993652344,-121.29366302490234,PLACER,ROCKLIN,-121.29267120361328,38.798583984375
9270043,2021,2021-06-16,3104,2021-05-22,1617,290,37,6,5,4,3104,0,0,0,,0,002,"TWIN CREEKS LN","MEADOWDALE CT",0.00,,Y,A,-,N,,,,,,,,,,N,4,0,1,2,A,-,21,22106,,N,G,B,D,A,H,-,A,D,0,Y,,,,Y,,I,11,0,0,1,0,1,0,0,0,0,"- ","- ",38.776260375976562,-121.25060272216797,PLACER,ROCKLIN,-121.25149536132812,38.777679443359375
9270132,2021,2021-06-15,3105,2021-05-07,1843,196,,5,5,5,3105,0,0,0,,0,004,"WASHINGTON BL","MAIN ST",0.00,,Y,A,-,N,,,,,,,,,,N,4,0,1,2,A,-,01,23152,B,N,C,C,A,A,H,-,B,A,0,,,,,Y,Y,D,22,0,0,1,0,0,0,0,0,0,"- ","- ",38.751319885253906,-121.28742218017578,PLACER,ROSEVILLE,-121.28801727294922,38.751949310302734
9270349,2021,2021-06-08,3104,2021-05-19,0943,279,44,3,5,4,3104,0,0,0,,0,001,"HIGH ST","CEDAR ST",63.00,S,N,A,-,N,,,,,,,,,,N,3,0,1,2,C,-,18,,,N,C,E,A,A,H,-,A,D,0,,,,,Y,,-,"- ",0,1,0,0,0,0,0,0,0,"- ","- ",38.793098449707031,-121.23148345947266,PLACER,ROCKLIN,-121.23111724853516,38.7930908203125
9270678,2021,2021-06-03,3104,2021-04-30,2109,310,22,5,5,4,3104,0,0,0,,0,003,"PARK DR","BLACK OAK PL",0.00,,Y,A,-,N,,,,,,,,,,Y,3,0,1,2,A,-,09,21801,A,N,F,C,A,-,H,-,C,D,0,,,,,Y,,A,01,0,1,0,0,0,0,0,0,0,"- ","- ",37.838268280029297,-121.23280334472656,PLACER,ROCKLIN,-121.23281097412109,38.838275909423828
9271510,2021,2021-06-17,3105,2021-05-03,1315,1117,,1,5,5,3105,0,0,0,,0,005,"PLEASANT GROVE BL","HIGHLAND POINTE DR",1200.00,E,N,A,-,Y,PLA,3,65,-,R,6.877,R,4,S,Y,4,0,1,3,A,-,03,22350,,F,C,C,A,A,H,-,A,D,0,,,,,Y,,A,01,0,0,1,0,0,0,0,0,0,"- ","- ",38.785671234130859,-121.28648376464844,PLACER,ROSEVILLE,-121.28044128417969,38.78460693359375
9271514,2021,2021-06-17,3105,2021-05-02,0748,1063,,7,5,5,3105,0,0,0,,0,003,"TAYLOR RD","ATLANTIC ST",0.00,,Y,A,-,Y,PLA,3,80,-,-,2.851,R,4,E,Y,4,0,3,4,A,-,12,21453,A,N,D,C,A,A,H,-,-,A,0,,,,,Y,,A,01,0,0,3,0,0,0,0,0,0,"- ","- ",38.757469177246094,-121.2596435546875,PLACER,ROSEVILLE,-121.26309204101562,38.755630493164062
9272111,2021,2021-06-11,3105,2021-05-24,1543,1117,,1,5,5,3105,0,0,0,,0,005,"STANFORD RANCH RD","FIVE STAR BL",0.00,,Y,A,-,N,,,,,,,,,,N,4,0,3,2,A,-,03,22350,,N,C,C,A,A,H,-,A,A,0,,,,,Y,,A,07,0,0,3,0,0,0,0,0,0,"- ","- ",38.780101776123047,-121.26799011230469,PLACER,ROSEVILLE,-121.26572418212891,38.78179931640625
9272112,2021,2021-06-11,3105,2021-05-22,1116,1102,,6,5,5,3105,0,0,0,,0,001,"STANFORD RANCH RD","FIVE STAR BL",940.00,S,N,A,-,N,,,,,,,,,,Y,4,0,1,2,A,-,12,21453,A,N,D,C,A,A,H,-,A,A,0,,,,,Y,,A,07,0,0,1,0,0,0,0,0,0,"- ","- ",38.778621673583984,-121.26580047607422,PLACER,ROSEVILLE,-121.26573181152344,38.779220581054688
9272115,2021,2021-06-11,3105,2021-05-09,0945,1139,,7,5,5,3105,0,0,0,,0,006,"BASELINE RD","WOODCREEK OAKS BL",140.00,W,N,A,-,N,,,,,,,,,,Y,4,0,2,2,A,-,03,22350,,N,C,C,A,A,H,-,A,A,0,,,,,Y,,A,01,0,0,2,0,0,0,0,0,0,"- ","- ",38.751850128173828,-121.33702087402344,PLACER,ROSEVILLE,-121.33773040771484,38.751869201660156
9272117,2021,2021-06-11,3105,2021-05-04,1654,1160,,2,5,5,3105,0,0,0,,0,003,"RIVERSIDE AV","ORLANDO AV",200.00,N,N,A,-,N,,,,,,,,,,N,4,0,1,2,A,-,09,21801,,N,D,C,A,A,H,-,A,D,0,,,,,Y,,A,01,0,0,1,0,0,0,0,0,0,"- ","- ",38.725109100341797,-121.29045867919922,PLACER,ROSEVILLE,,
9272736,2021,2021-07-09,3103,2021-06-01,1300,BSCHN,L5,2,5,2,3103,0,0,0,,0,0L3,"MCBEAN PARK DR","D ST",0.00,,Y,A,-,N,,,,,,,,,,Y,3,0,3,3,A,-,12,22450,A,N,D,C,A,A,H,-,A,A,0,,,,,Y,,A,07,0,2,1,0,0,0,0,0,0,"- ","- ",38.890510559082031,-121.28900146484375,PLACER,LINCOLN,-121.28900909423828,38.890510559082031
9276699,2021,2021-08-10,3105,2021-07-21,1349,3034,,3,5,5,3105,0,0,0,,0,003,"VERNON ST","RIVERSIDE AVE",142.00,W,N,A,-,N,,,,,,,,,,N,4,0,1,2,A,-,09,21804,A,N,D,C,A,A,H,-,A,A,0,,,,,Y,,A,01,0,0,1,0,0,0,0,0,0,"- ","- ",38.742919921875,-121.29193878173828,PLACER,ROSEVILLE,-121.29093170166016,38.743690490722656
9277171,2021,2021-07-09,3105,2021-05-20,1036,1132,,4,5,5,3105,0,0,0,,0,001,"EAST ROSEVILLE PKWY","ALEXANDRA DR",418.00,N,N,A,-,N,,,,,,,,,,Y,3,0,2,2,A,-,05,21650,,N,A,C,A,A,H,-,A,D,0,,,,,Y,,A,01,0,1,1,0,0,0,0,0,0,"- ","- ",,,PLACER,ROSEVILLE,-121.24497985839844,38.757228851318359
9277174,2021,2021-07-09,3105,2021-05-27,2132,1131,,4,5,5,3105,0,0,0,,0,001,"GALLERIA BL","ANTELOPE CREEK DR",0.00,,Y,A,-,N,,,,,,,,,,Y,4,0,1,2,A,-,12,21453,A,N,D,C,A,A,H,-,C,A,0,,,,,Y,,A,08,0,0,1,0,0,0,0,0,0,"- ","- ",38.772129058837891,-121.26587677001953,PLACER,ROSEVILLE,-121.26587677001953,38.772117614746094
9278096,2021,2021-07-01,3104,2021-05-27,1352,226,17,4,5,4,3104,0,0,0,,0,004,"SUNSET BL","PARK DR",0.00,,Y,A,-,N,,,,,,,,,,Y,3,0,2,2,A,-,09,21806,A,N,D,C,A,A,H,-,A,A,0,,,,,Y,,A,07,0,2,0,0,0,0,0,0,0,"- ","- ",38.804740905761719,-121.27294158935547,PLACER,ROCKLIN,-121.27294921875,38.804740905761719
9278313,2021,2021-07-01,3105,2021-05-28,0815,197,,5,5,5,3105,0,0,0,,0,003,"RIVERSIDE AV","RT 80",400.00,S,N,A,-,N,,,,,,,,,,N,4,0,2,4,A,-,03,22350,,N,C,C,A,A,H,-,A,A,0,,,Y,,Y,,D,22,0,0,2,0,0,0,0,0,0,"- ",WF,38.725109100341797,-121.29045867919922,PLACER,ROSEVILLE,-121.29057312011719,38.724739074707031
9278331,2021,2021-07-02,3105,2021-06-08,0052,1128,,2,5,5,3105,0,0,0,,0,003,"VERNON ST","CIRBY WY",0.00,,Y,A,G,N,,,,,,,,,,N,4,0,1,2,A,-,09,21453,C,F,B,C,A,A,H,-,C,A,0,,,,,Y,,-,,0,0,1,0,0,0,0,0,0,"- ","- ",,,PLACER,ROSEVILLE,-121.29971313476562,38.729286193847656