CASE_ID,ACCIDENT_YEAR,PROC_DATE,JURIS,COLLISION_DATE,COLLISION_TIME,OFFICER_ID,REPORTING_DISTRICT,DAY_OF_WEEK,CHP_SHIFT,POPULATION,CNTY_CITY_LOC,SPECIAL_COND,BEAT_TYPE,CHP_BEAT_TYPE,CITY_DIVISION_LAPD,CHP_BEAT_CLASS,BEAT_NUMBER,PRIMARY_RD,SECONDARY_RD,DISTANCE,DIRECTION,INTERSECTION,WEATHER_1,WEATHER_2,STATE_HWY_IND,CALTRANS_COUNTY,CALTRANS_DISTRICT,STATE_ROUTE,ROUTE_SUFFIX,POSTMILE_PREFIX,POSTMILE,LOCATION_TYPE,RAMP_INTERSECTION,SIDE_OF_HWY,TOW_AWAY,COLLISION_SEVERITY,NUMBER_KILLED,NUMBER_INJURED,PARTY_COUNT,PRIMARY_COLL_FACTOR,PCF_CODE_OF_VIOL,PCF_VIOL_CATEGORY,PCF_VIOLATION,PCF_VIOL_SUBSECTION,HIT_AND_RUN,TYPE_OF_COLLISION,MVIW,PED_ACTION,ROAD_SURFACE,ROAD_COND_1,ROAD_COND_2,LIGHTING,CONTROL_DEVICE,CHP_ROAD_TYPE,PEDESTRIAN_ACCIDENT,BICYCLE_ACCIDENT,MOTORCYCLE_ACCIDENT,TRUCK_ACCIDENT,NOT_PRIVATE_PROPERTY,ALCOHOL_INVOLVED,STWD_VEHTYPE_AT_FAULT,CHP_VEHTYPE_AT_FAULT,COUNT_SEVERE_INJ,COUNT_VISIBLE_INJ,COUNT_COMPLAINT_PAIN,COUNT_PED_KILLED,COUNT_PED_INJURED,COUNT_BICYCLIST_KILLED,COUNT_BICYCLIST_INJURED,COUNT_MC_KILLED,COUNT_MC_INJURED,PRIMARY_RAMP,SECONDARY_RAMP,LATITUDE,LONGITUDE,COUNTY,CITY,POINT_X,POINT_Y
9278811,2021,2021-06-22,3105,2021-05-21,1336,3034,,5,5,5,3105,0,0,0,,0,003,"CIRBY WY","INGLIS WY",50.00,E,N,A,-,N,,,,,,,,,,Y,3,0,2,3,A,-,03,22350,,N,C,C,A,A,H,-,A,A,0,,,,,Y,,A,01,0,2,0,0,0,0,0,0,0,"- ","- ",38.729328155517578,-121.29470062255859,PLACER,ROSEVILLE,-121.29753112792969,38.729343414306641
9278812,2021,2021-06-24,3105,2021-05-28,2155,1082,,5,5,5,3105,0,0,0,,0,007,"MARKET ST","HORNBY LN",311.00,S,N,A,-,N,,,,,,,,,,Y,4,0,1,1,A,-,08,22107,,N,E,I,A,A,H,-,C,D,0,,,,,Y,,A,01,0,0,1,0,0,0,0,0,0,"- ","- ",38.770748138427734,-121.37583923339844,PLACER,ROSEVILLE,-121.37650299072266,38.770061492919922
9278813,2021,2021-06-23,3105,2021-05-28,0115,1100,,5,5,5,3105,0,0,0,,0,003,"CIRBY AV","RIVERSIDE AV",0.00,,Y,A,-,N,,,,,,,,,,Y,4,0,2,2,A,-,12,21453,A,N,D,C,A,A,H,-,C,A,0,,,,,Y,,A,01,0,0,2,0,0,0,0,0,0,"- ","- ",38.729339599609375,-121.29048156738281,PLACER,ROSEVILLE,-121.29045867919922,38.729347229003906
9278900,2021,2021-07-02,3105,2021-06-06,1003,1164,,7,5,5,3105,0,0,0,,0,006,"PLEASANT GROVE BL","WOODCREEK OAKS BL",1540.00,W,N,A,-,N,,,,,,,,,,N,3,0,2,3,A,-,10,21950,A,N,G,B,D,A,H,-,A,A,0,Y,,,,Y,,A,07,0,1,1,0,2,0,0,0,0,"- ","- ",38.766769409179688,-121.33493804931641,PLACER,ROSEVILLE,-121.33544921875,38.768314361572266
9279240,2021,2021-06-23,3103,2021-05-20,1902,ADEOL,L7,4,5,2,3103,0,0,0,,0,0L4,"SUN PARK LN","CASTLEBERRY LN",59.00,N,N,A,-,N,,,,,,,,,,Y,4,0,1,2,A,-,03,22350,,N,C,E,A,A,H,-,A,D,0,,,,,Y,,A,01,0,0,1,0,0,0,0,0,0,"- ","- ",38.868141174316406,-121.28148651123047,PLACER,LINCOLN,-121.28146362304688,38.868259429931641
9279381,2021,2021-06-17,3103,2021-05-08,1238,DGORB,L4,6,5,2,3103,0,0,0,,0,0L2,"FERRARI RANCH RD","RT 65",0.00,,Y,A,-,Y,PLA,3,65,-,R,13.424,R,4,S,Y,3,0,3,2,A,-,08,22107,,N,A,C,A,A,H,-,A,A,0,,,,,Y,,A,08,0,1,2,0,0,0,0,0,0,"- ","- ",38.879631042480469,-121.29543304443359,PLACER,LINCOLN,-121.30843353271484,38.870754241943359
9280626,2021,2021-07-15,3104,2021-06-22,1850,298,27,2,5,4,3104,0,0,0,,0,003,"SAND ST","BLUFFS DR",0.00,,Y,A,-,N,,,,,,,,,,Y,3,0,1,2,A,-,12,22450,A,N,D,C,A,A,H,-,A,A,0,,,,,Y,,A,01,0,1,0,0,0,0,0,0,0,"- ","- ",38.805549621582031,-121.25467681884766,PLACER,ROCKLIN,-121.25469207763672,38.805568695068359
9280628,2021,2021-07-15,3104,2021-06-12,0130,303,22,6,5,4,3104,0,0,0,,0,003,"WHITNEY OAKS DR","WHITNEY RANCH PKWY",341.00,W,N,A,-,N,,,,,,,,,,Y,2,0,1,1,A,-,03,22350,,N,E,J,A,A,H,-,C,A,0,,,,,Y,,A,01,1,0,0,0,0,0,0,0,0,"- ","- ",38.839130401611328,-121.24709320068359,PLACER,ROCKLIN,-121.24710083007812,38.839099884033203
9280630,2021,2021-07-15,3104,2021-06-07,1846,305,11,1,5,4,3104,0,0,0,,0,004,"BLUE OAKS BL","SANORA PASS",0.00,,Y,A,-,N,,,,,,,,,,N,3,0,1,2,A,-,12,22450,A,F,D,C,A,A,H,-,A,A,0,,,,,Y,,A,01,0,1,0,0,0,0,0,0,0,"- ","- ",38.7958984375,-121.29158782958984,PLACER,ROCKLIN,-121.28456115722656,38.800403594970703
9280795,2021,2021-07-15,3101,2021-06-24,1425,A728,AUA,4,5,3,3101,0,0,0,,0,0A1,"EARHART AV","RICKENBACKER WY",0.00,,Y,A,-,N,,,,,,,,,,Y,3,0,1,2,A,-,03,22350,,M,C,C,A,A,H,-,A,D,0,,,,,Y,,A,07,0,1,0,0,0,0,0,0,0,"- ","- ",38.950531005859375,-121.08174896240234,PLACER,AUBURN,-121.08126831054688,38.950828552246094
9280820,2021,2021-06-30,3101,2021-05-17,0410,A503,AU04,1,5,3,3101,0,0,0,,0,0A2,"AUBURN FOLSOM RD","FAWN CREEK TRL",1320.00,N,N,A,-,N,,,,,,,,,,Y,3,0,1,1,A,-,03,22350,,N,E,I,A,A,H,-,D,D,0,,,,,Y,,A,01,0,1,0,0,0,0,0,0,0,"- ","- ",38.866058349609375,-121.09822082519531,PLACER,AUBURN,-121.09822082519531,38.867198944091797
9281071,2021,2021-07-27,3105,2021-06-18,1241,1114,,5,5,5,3105,0,0,0,,0,002,"EUREKA RD","NORTH SUNRISE AV",736.00,E,N,A,-,N,,,,,,,,,,Y,2,0,2,2,A,-,08,22107,,N,D,C,A,A,H,-,A,A,0,,,,Y,Y,,F,26,1,1,0,0,0,0,0,0,0,"- ","- ",38.755599975585938,-121.25511932373047,PLACER,ROSEVILLE,-121.25321960449219,38.754230499267578
9281075,2021,2021-07-27,3105,2021-06-28,1545,1150,,1,5,5,3105,0,0,0,,0,003,"CIRBY WY","VISTA CREEK DR",0.00,,Y,A,-,N,,,,,,,,,,N,3,0,1,2,A,-,05,21650,1,N,D,G,A,A,H,-,A,D,0,,Y,,,Y,,L,04,0,1,0,0,0,0,1,0,0,"- ","- ",38.729549407958984,-121.26450347900391,PLACER,ROSEVILLE,-121.26448059082031,38.729557037353516
9281079,2021,2021-07-23,3105,2021-05-25,1715,1148,,2,5,5,3105,0,0,0,,0,006,"BLUE OAKS BL","NIBLICK DR",850.00,E,N,A,-,N,,,,,,,,,,N,4,0,2,3,A,-,03,22350,,N,C,C,A,A,H,-,A,D,0,,,,,Y,,D,22,0,0,2,0,0,0,0,0,0,"- ","- ",38.795520782470703,-121.31385803222656,PLACER,ROSEVILLE,-121.30894470214844,38.795337677001953
9281083,2021,2021-08-02,3105,2021-06-29,0100,1071,,2,5,5,3105,0,0,0,,0,003,"JUANITA WY","GARCIA AV",250.00,E,N,A,-,N,,,,,,,,,,Y,3,0,3,2,A,-,01,23153,A,N,D,E,A,A,H,-,C,D,0,,,,,Y,Y,A,01,0,1,2,0,0,0,0,0,0,"- ","- ",38.733970642089844,-121.28388977050781,PLACER,ROSEVILLE,-121.28446960449219,38.734092712402344
9281321,2021,2021-08-19,3101,2021-07-22,0733,A341,AU122,4,5,3,3101,0,0,0,,0,0A1,"ELM AV","RT 80",0.00,,N,A,-,N,,,,,,,,,,Y,2,0,1,2,A,-,08,22107,,N,B,C,A,A,H,-,A,D,0,,,Y,,Y,,D,22,1,0,0,0,0,0,0,0,1,"- ","- ",38.903438568115234,-121.07135772705078,PLACER,AUBURN,-121.07187652587891,38.903308868408203
9281897,2021,2021-07-01,3105,2021-05-30,1707,1158,,7,5,5,3105,0,0,0,,0,003,"HARDING BL","WILLS RD",0.00,,Y,A,-,N,,,,,,,,,,N,4,0,1,2,A,-,00,21456,2,N,D,G,A,A,H,-,A,A,0,,Y,,,Y,,L,04,0,0,1,0,0,0,1,0,0,"- ","- ",38.756809234619141,-121.26689147949219,PLACER,ROSEVILLE,-121.26692962646484,38.756809234619141
9282013,2021,2021-07-20,3105,2021-06-15,2314,1100,,2,5,5,3105,0,0,0,,0,002,"ELISA WY","ELISA WY 700",0.00,,-,A,-,N,,,,,,,,,,Y,4,0,1,1,A,-,00,23103,A,N,A,I,A,A,H,-,C,D,0,,,,,Y,Y,A,01,0,0,1,0,0,0,0,0,0,"- ","- ",38.748119354248047,-121.26828002929688,PLACER,ROSEVILLE,,
9282178,2021,2021-07-15,3105,2021-06-11,1715,1118,,5,5,5,3105,0,0,0,,0,007,"VILLAGE GREEN DR","KENNERLEIGH PKWY",0.00,,Y,A,-,N,,,,,,,,,,,4,0,1,2,A,-,09,21800,A,N,D,C,A,A,H,-,A,D,0,,,,,Y,,A,01,0,0,1,0,0,0,0,0,0,"- ","- ",38.776878356933594,-121.36197662353516,PLACER,ROSEVILLE,-121.36196899414062,38.776870727539062
9282186,2021,2021-07-15,3105,2021-06-15,2337,1086,,2,5,5,3105,0,0,0,,0,007,"BASELINE RD","WATT AV",2900.00,W,N,A,-,N,,,,,,,,,,,4,0,1,1,A,-,08,22107,,N,F,J,A,A,G,-,D,D,0,,,,,Y,,D,22,0,0,1,0,0,0,0,0,0,"- ","- ",,,PLACER,ROSEVILLE,-121.40283966064453,38.751750946044922
9282488,2021,2021-07-09,3105,2021-05-21,1649,1114,,5,5,5,3105,0,0,0,,0,002,"N CHAMPION OAKS DR","S CIRBY WY",0.00,,Y,A,-,N,,,,,,,,,,,3,0,1,2,A,-,17,21208,A,N,D,G,A,A,H,-,A,A,0,,Y,,,Y,,L,04,0,1,0,0,0,0,1,0,0,"- ","- ",38.726100921630859,-121.24922180175781,PLACER,ROSEVILLE,-121.24921417236328,38.726108551025391
9282622,2021,2021-07-16,3105,2021-06-11,1717,1148,,5,5,5,3105,0,0,0,,0,006,"WOODCREEK OAKS BL","BLUE OAKS BL",0.00,,Y,A,-,N,,,,,,,,,,Y,3,0,1,2,A,-,09,21453,B,N,D,C,A,-,H,-,-,A,0,,,,,Y,,A,01,0,1,0,0,0,0,0,0,0,"- ","- ",38.795249938964844,-121.32688903808594,PLACER,ROSEVILLE,-121.32872772216797,38.795238494873047
9282624,2021,2021-07-16,3105,2021-06-02,1604,3034,,3,5,5,3105,0,0,0,,0,003,"HARDING BL","ESTATES DR",0.00,,Y,A,-,N,,,,,,,,,,Y,4,0,2,2,A,-,12,21453,A,N,D,C,A,A,H,-,A,A,0,,,,,Y,,A,01,0,0,2,0,0,0,0,0,0,"- ","- ",38.746891021728516,-121.27182769775391,PLACER,ROSEVILLE,-121.27184295654297,38.746879577636719
9284149,2021,2021-07-23,3104,2021-06-28,2224,254,38,1,5,4,3104,0,0,0,,0,003,"SUNSET BL","STANFORD RANCH RD",374.00,S,N,A,-,N,,,,,,,,,,N,3,0,2,2,A,-,01,23152,A,N,C,C,A,A,H,-,D,D,0,,,Y,,Y,Y,C,02,0,2,0,0,0,0,0,0,2,"- ","- ",38.796249389648438,-121.26497650146484,PLACER,ROCKLIN,-121.26425170898438,38.795364379882812
9284678,2021,2021-08-04,3101,2021-06-10,2012,A711,AU09,4,5,3,3101,0,0,0,,0,0A2,"AUBURN FOLSOM RD","FAIRGATE RD",0.00,,Y,A,-,N,,,,,,,,,,Y,3,0,1,3,A,-,12,21453,A,N,D,C,A,A,H,-,A,A,0,,,,,Y,Y,A,07,0,1,0,0,0,0,0,0,0,"- ","- ",38.889358520507812,-121.07306671142578,PLACER,AUBURN,-121.07627868652344,38.891132354736328
9286412,2021,2021-07-15,3105,2021-07-02,1855,1131,,5,5,5,3105,0,0,0,,0,001,"TAYLOR RD","RT 80",269.00,S,N,A,-,Y,,,,,,,,,,Y,2,0,1,2,A,-,01,23153,A,N,D,C,A,A,H,-,A,D,0,,,Y,,Y,Y,A,01,1,0,0,0,0,0,0,0,1,"- ",WO,38.767448425292969,-121.25456237792969,PLACER,ROSEVILLE,-121.25595092773438,38.764801025390625
9286415,2021,2021-07-20,3105,2021-05-10,1543,1141,,1,5,5,3105,0,0,0,,0,005,"STANFORD RANCH RD","FIVE STAR BL",227.00,S,N,A,-,N,,,,,,,,,,Y,3,0,2,2,A,-,09,21804,A,N,B,C,A,A,H,-,A,D,0,,,,,Y,,A,01,0,1,1,0,0,0,0,0,0,"- ","- ",38.781810760498047,-121.26583099365234,PLACER,ROSEVILLE,-121.26573181152344,38.781177520751953
9286455,2021,2021-07-21,3105,2021-06-07,1619,143,,1,5,5,3105,0,0,0,,0,002,"NORTH SUNRISE AV","LEAD HILL BL",528.00,S,N,A,-,N,,,,,,,,,,N,3,0,1,2,A,-,05,21650,1,N,D,G,A,A,H,-,A,D,0,,,Y,,Y,,O,05,0,1,0,0,0,0,0,0,1,"- ","- ",38.750450134277344,-121.26426696777344,PLACER,ROSEVILLE,-121.26420593261719,38.749549865722656
9287515,2021,2021-07-28,3101,2021-05-24,1605,A655,AU04,1,5,3,3101,0,0,0,,0,0A2,"GRASS VALLEY HWY","NEVADA ST",0.00,,Y,A,-,Y,PLA,3,49,-,-,4.280,H,-,N,Y,4,0,3,3,A,-,05,21460,A,N,A,C,A,A,H,-,A,D,0,,,,,Y,,D,72,0,0,3,0,0,0,0,0,0,"- ","- ",38.914989471435547,-121.07926940917969,PLACER,AUBURN,-121.07890319824219,38.915241241455078
9287711,2021,2021-07-30,3100,2021-07-04,0830,153,,7,5,2,3106,0,0,0,,0,,"HORSESHOE BAR RD","RT 80",64.00,N,N,A,-,Y,PLA,3,80,-,-,8.570,R,4,W,Y,3,0,1,2,A,-,01,23152,F,N,D,E,A,A,H,-,A,A,0,,,,,Y,,D,22,0,1,0,0,0,0,0,0,0,"- ",WO,,,PLACER,LOOMIS,-121.19111633300781,38.815128326416016
9288232,2021,2021-07-29,3103,2021-06-08,1024,DGORB,L2,2,5,2,3103,0,0,0,,0,0L1,"JOINER PKWY","3RD ST",0.00,,Y,A,-,N,,,,,,,,,,Y,3,0,2,2,A,-,12,21453,A,N,D,C,A,A,H,-,A,A,0,,,,,Y,,D,22,0,1,1,0,0,0,0,0,0,"- ","- ",38.889129638671875,-121.31339263916016,PLACER,LINCOLN,-121.31340026855469,38.889118194580078
9288234,2021,2021-07-29,3103,2021-06-25,1002,AELLI,L6,5,5,2,3103,0,0,0,,0,0L4,"YOSEMITE LN","LIGHT POLE #LN473",20.00,W,N,A,-,N,,,,,,,,,,Y,4,0,1,2,A,-,08,22107,,N,A,E,A,A,H,-,A,D,0,,,,,Y,,A,01,0,0,1,0,0,0,0,0,0,"- ","- ",38.873279571533203,-121.28531646728516,PLACER,LINCOLN,,
9288236,2021,2021-07-28,3103,2021-06-05,1229,AELLI,L7,6,5,2,3103,0,0,0,,0,0LA,"LINCOLN BL","CENTER MEDIAN LINCOLN BL",8.00,E,N,A,-,N,,,,,,,,,,Y,3,0,2,2,A,-,00,22123,A,N,C,C,A,A,H,-,A,A,0,,,,,Y,,A,01,0,2,0,0,0,0,0,0,0,"- ","- ",38.872718811035156,-121.29808807373047,PLACER,LINCOLN,,
9288506,2021,2021-08-23,3101,2021-06-18,1455,A655,AU12,5,5,3,3101,0,0,0,,0,0A1,"BLOCKER DR","NEVADA ST",0.00,,Y,A,-,N,,,,,,,,,,N,4,0,1,1,A,-,03,22350,,N,E,J,A,A,H,-,A,D,0,,,,,Y,,A,01,0,0,1,0,0,0,0,0,0,"- ","- ",38.907539367675781,-121.08281707763672,PLACER,AUBURN,-121.08255004882812,38.903732299804688
9289670,2021,2021-07-27,3105,2021-06-08,1535,1154,,2,5,5,3105,0,0,0,,0,006,"JUNCTION BL","PARK REGENCY DR",26.00,W,N,A,-,N,,,,,,,,,,N,3,0,1,2,A,-,11,21954,A,N,G,B,E,A,H,-,A,A,0,Y,,,,Y,,N,60,0,1,0,0,1,0,0,0,0,"- ","- ",38.759471893310547,-121.34696960449219,PLACER,ROSEVILLE,-121.34708404541016,38.759502410888672
9289673,2021,2021-07-27,3105,2021-06-24,1635,1148,,4,5,5,3105,0,0,0,,0,006,"PLEASANT GROVE BL","GAILILEE RD",0.00,,Y,A,-,N,,,,,,,,,,N,3,0,1,2,A,-,05,21650,,N,D,C,A,-,H,-,-,A,0,,Y,,,Y,,L,04,0,1,0,0,0,0,1,0,0,"- ","- ",38.773590087890625,-121.30519104003906,PLACER,ROSEVILLE,-121.30519104003906,38.773601531982422
9289674,2021,2021-07-27,3105,2021-06-25,1730,1125,,5,5,5,3105,0,0,0,,0,001,"N GALLERIA BL","BERRY ST",30.00,S,N,A,-,N,,,,,,,,,,Y,3,0,1,2,A,-,01,23152,B,N,C,C,A,A,H,-,A,A,0,,,,,Y,Y,A,01,0,1,0,0,0,0,0,0,0,"- ","- ",38.7593994140625,-121.26584625244141,PLACER,ROSEVILLE,-121.26568603515625,38.759307861328125
9290742,2021,2021-07-16,3103,2021-05-25,1857,DGORB,L8,2,5,2,3103,0,0,0,,0,0L4,"RIDGECREST DR","CONFEDERATION WAY",100.00,E,N,A,-,N,,,,,,,,,,N,3,0,1,1,A,-,03,22350,,N,H,A,A,A,H,-,A,D,0,,,,,Y,,A,07,0,1,0,0,0,0,0,0,0,"- ","- ",38.843101501464844,-121.2452392578125,PLACER,LINCOLN,,
9293689,2021,2021-08-02,3105,2021-04-08,2241,1108,,4,5,5,3105,0,0,0,,0,005,"FAIRWAY DR","FIVE STAR BL",20.00,W,N,A,-,N,,,,,,,,,,Y,4,0,4,2,A,-,03,22350,,N,C,C,A,A,H,-,C,A,0,,,,,Y,,A,01,0,0,4,0,0,0,0,0,0,"- ","- ",,,PLACER,ROSEVILLE,-121.27111053466797,38.783622741699219
9294095,2021,2021-08-02,3105,2021-06-28,1153,1063,,1,5,5,3105,0,0,0,,0,001,"GALLERIA BL","ROSEVILLE PKWY",90.00,N,N,A,-,N,,,,,,,,,,Y,4,0,1,2,A,-,01,23153,F,N,C,C,A,A,H,-,A,A,0,,,,Y,Y,,F,26,0,0,1,0,0,0,0,0,0,"- ","- ",38.772129058837891,-121.26587677001953,PLACER,ROSEVILLE,-121.26589965820312,38.768947601318359
9294238,2021,2021-08-11,3105,2021-06-28,1543,1140,,1,5,5,3105,0,0,0,,0,003,"HARDING BL","DOUGLAS BL",0.00,,Y,A,-,N,,,,,,,,,,N,4,0,1,3,A,-,01,23152,A,N,B,C,A,A,H,-,A,A,0,,,,,Y,Y,A,01,0,0,1,0,0,0,0,0,0,"- ","- ",38.743991851806641,-121.27435302734375,PLACER,ROSEVILLE,-121.27436065673828,38.7440185546875
9294617,2021,2021-08-23,3105,2021-07-11,0310,1138,,7,5,5,3105,0,0,0,,0,004,"FOOTHILLS BL","DENIO LP",0.00,,Y,A,-,N,,,,,,,,,,Y,4,0,1,1,A,-,03,22350,,N,E,I,A,B,H,-,-,A,0,,,,,Y,,A,01,0,0,1,0,0,0,0,0,0,"- ","- ",38.737380981445312,-121.30534362792969,PLACER,ROSEVILLE,-121.30622100830078,38.737926483154297
9294618,2021,2021-08-23,3105,2021-07-12,0947,1072,,1,5,5,3105,0,0,0,,0,002,"DOUGLAS BL","SANTA CLARA DR",0.00,,Y,A,-,N,,,,,,,,,,,4,0,1,2,A,-,03,22350,,F,C,C,A,A,H,-,A,A,0,,,,,Y,,A,01,0,0,1,0,0,0,0,0,0,"- ","- ",38.74420166015625,-121.26219940185547,PLACER,ROSEVILLE,-121.26217651367188,38.744190216064453
9294619,2021,2021-08-23,3105,2021-07-08,1702,1148,,4,5,5,3105,0,0,0,,0,003,"ORLANDO AV","RIVERSIDE AV",0.00,,Y,A,-,N,,,,,,,,,,Y,4,0,1,2,A,-,08,22107,,N,D,C,A,A,H,-,A,A,0,,,,,Y,,A,01,0,0,1,0,0,0,0,0,0,"- ","- ",38.722320556640625,-121.29003143310547,PLACER,ROSEVILLE,,
9295425,2021,2021-07-28,3105,2021-06-14,1447,1121,,1,5,5,3105,0,0,0,,0,003,"DOUGLAS BL","SUNRISE AV",528.00,W,N,A,-,N,,,,,,,,,,,4,0,1,2,A,-,09,21800,A,N,D,C,A,A,H,-,A,A,0,,,,,Y,,A,01,0,0,1,0,0,0,0,0,0,"- ","- ",38.743968963623047,-121.27250671386719,PLACER,ROSEVILLE,-121.26805114746094,38.744098663330078
9295426,2021,2021-07-28,3105,2021-06-09,0919,1109,,3,5,5,3105,0,0,0,,0,003,"AUBURN BL","WHYTE AV",225.00,S,N,A,-,N,,,,,,,,,,Y,3,0,1,2,A,-,09,21804,A,N,D,C,A,-,H,-,A,D,0,,,,,Y,,A,01,0,1,0,0,0,0,0,0,0,"- ","- ",38.722068786621094,-121.29042053222656,PLACER,ROSEVILLE,-121.29042816162109,38.721473693847656
9295427,2021,2021-07-28,3105,2021-06-18,1159,188,,5,5,5,3105,0,0,0,,0,006,"FOOTHILLS BL","BASELINE RD",542.00,N,N,A,-,N,,,,,,,,,,Y,4,0,1,2,A,-,09,21801,A,N,D,C,A,A,H,-,A,D,0,,,,,Y,,A,01,0,0,1,0,0,0,0,0,0,"- ","- ",38.753768920898438,-121.30996704101562,PLACER,ROSEVILLE,-121.30948638916016,38.753311157226562
9297484,2021,2021-08-27,3104,2021-07-07,1128,283,38,3,5,4,3104,0,0,0,,0,003,"FAIRWAY DR","STANFORD RANCH RD",29.00,E,N,A,-,N,,,,,,,,,,Y,4,0,1,2,A,-,21,22106,,N,C,C,A,A,H,-,A,A,0,,,,,Y,,A,01,0,0,1,0,0,0,0,0,0,"- ","- ",38.783760070800781,-121.26538848876953,PLACER,ROCKLIN,-121.265625,38.783641815185547
9297485,2021,2021-08-27,3104,2021-07-09,0807,283,46,5,5,4,3104,0,0,0,,0,002,"PACIFIC ST","SUNSET BL",470.00,S,N,A,-,N,,,,,,,,,,N,3,0,1,2,A,-,07,21658,A,N,F,A,A,A,H,-,-,D,0,,,Y,,Y,,A,07,0,1,0,0,0,0,0,0,1,"- ","- ",38.77996826171875,-121.24363708496094,PLACER,ROCKLIN,-121.24353790283203,38.780647277832031
9297488,2021,2021-08-27,3104,2021-07-06,1458,315,25,2,5,4,3104,0,0,0,,0,003,"STANFORD RANCH RD","CREST DR",0.00,,Y,A,-,N,,,,,,,,,,N,4,0,1,2,A,-,21,22106,,N,C,C,A,A,H,-,A,D,0,,,,,Y,,A,07,0,0,1,0,0,0,0,0,0,"- ","- ",38.807319641113281,-121.25599670410156,PLACER,ROCKLIN,-121.25600433349609,38.807334899902344
9297631,2021,2021-08-05,3105,2021-06-27,0723,1161,,7,5,5,3105,0,0,0,,0,005,"PLEASANT GROVE BL","FAIRWAY CT",20.00,E,N,A,-,N,,,,,,,,,,N,3,0,1,2,A,-,08,22107,,N,B,G,A,A,H,-,A,A,0,,Y,,,Y,Y,A,01,0,1,0,0,0,0,1,0,0,"- ","- ",38.789520263671875,-121.28179168701172,PLACER,ROSEVILLE,-121.28177642822266,38.789573669433594
9297661,2021,2021-08-18,3105,2021-07-12,1422,1117,,1,5,5,3105,0,0,0,,0,005,"ROSEVILLE PKWY","PLEASANT GROVE BL",0.00,,Y,A,-,N,,,,,,,,,,Y,3,0,3,2,A,-,09,21453,C,N,D,C,A,A,H,-,A,A,0,,,,,Y,,A,01,0,2,1,0,0,0,0,0,0,"- ","- ",38.77825927734375,-121.28826141357422,PLACER,ROSEVILLE,-121.28829193115234,38.778236389160156
9297797,2021,2021-08-17,3103,2021-07-28,1137,WCOLL,L4,3,5,2,3103,0,0,0,,0,0L2,"JOINER PKWY","DOWNING CIR",0.00,,Y,A,-,N,,,,,,,,,,Y,3,0,1,2,A,-,03,22350,,N,C,C,A,A,H,-,A,A,0,,,,,Y,,-,,0,1,0,0,0,0,0,0,0,"- ","- ",38.880390167236328,-121.31271362304688,PLACER,LINCOLN,-121.31296539306641,38.880352020263672
9297816,2021,2021-09-03,3103,2021-07-01,2250,JMORR,L8,4,5,2,3103,0,0,0,,0,0L4,"INDUSTRIAL AV","TWELVE BRIDGES DR",0.00,S,N,A,-,N,,,,,,,,,,N,4,0,1,2,A,-,07,21658,A,N,G,B,E,A,H,-,D,D,0,Y,,,,Y,,A,01,0,0,1,0,1,0,0,0,0,"- ","- ",38.851139068603516,-121.30673980712891,PLACER,LINCOLN,-121.30677032470703,38.851119995117188
9297955,2021,2021-08-18,3101,2021-07-17,1048,A341,AU08,6,5,3,3101,0,0,0,,0,0A2,"PACIFIC AV","MEADOWLARK CT",0.00,,Y,A,-,N,,,,,,,,,,N,2,0,1,2,A,-,09,21801,A,N,A,G,A,A,H,-,A,D,0,,Y,,,Y,,A,07,1,0,0,0,0,0,1,0,0,"- ","- ",38.885959625244141,-121.07408142089844,PLACER,AUBURN,-121.07405853271484,38.885929107666016
9297957,2021,2021-08-24,3104,2021-07-27,1900,295,24,2,5,4,3104,0,0,0,,0,003,"STANFORD RANCH RD","VICTORY LN",0.00,,Y,A,-,N,,,,,,,,,,N,4,0,1,2,A,-,"- ",,,N,B,C,A,A,H,-,A,A,0,,,,,Y,,-,"- ",0,0,1,0,0,0,0,0,0,"- ","- ",38.813510894775391,-121.25547027587891,PLACER,ROCKLIN,-121.25547027587891,38.813499450683594
9299783,2021,2021-10-16,3105,2021-08-07,1502,1140,,6,5,5,3105,0,0,0,,0,004,"MAIN ST","FOOTHILLS BL",0.00,,Y,A,-,N,,,,,,,,,,N,3,0,1,2,A,-,07,21658,A,N,C,C,A,A,H,-,A,A,0,,,,,Y,,A,01,0,1,0,0,0,0,0,0,0,"- ","- ",38.752269744873047,-121.31128692626953,PLACER,ROSEVILLE,-121.30938720703125,38.7518310546875
9299784,2021,2021-10-16,3105,2021-08-05,1719,1142,,4,5,5,3105,0,0,0,,0,003,"CIRBY WY","LINDSAY WAY",300.00,W,N,A,-,N,,,,,,,,,,Y,2,0,2,2,A,-,09,21804,A,N,D,C,A,A,H,-,A,D,0,,,,,Y,,A,01,1,1,0,0,0,0,0,0,0,"- ","- ",38.729339599609375,-121.29560089111328,PLACER,ROSEVILLE,-121.29575347900391,38.729351043701172
9299785,2021,2021-10-19,3105,2021-08-07,1011,1070,,6,5,5,3105,0,0,0,,0,004,"WASHINGTON BL","JUNCTION BL",0.00,,Y,B,E,N,,,,,,,,,,Y,3,0,1,2,A,-,12,21453,A,N,D,C,A,A,H,-,A,A,0,,,,,Y,,A,01,0,1,0,0,0,0,0,0,0,"- ","- ",38.761421203613281,-121.29411315917969,PLACER,ROSEVILLE,-121.29416656494141,38.761432647705078