CASE_ID,ACCIDENT_YEAR,PROC_DATE,JURIS,COLLISION_DATE,COLLISION_TIME,OFFICER_ID,REPORTING_DISTRICT,DAY_OF_WEEK,CHP_SHIFT,POPULATION,CNTY_CITY_LOC,SPECIAL_COND,BEAT_TYPE,CHP_BEAT_TYPE,CITY_DIVISION_LAPD,CHP_BEAT_CLASS,BEAT_NUMBER,PRIMARY_RD,SECONDARY_RD,DISTANCE,DIRECTION,INTERSECTION,WEATHER_1,WEATHER_2,STATE_HWY_IND,CALTRANS_COUNTY,CALTRANS_DISTRICT,STATE_ROUTE,ROUTE_SUFFIX,POSTMILE_PREFIX,POSTMILE,LOCATION_TYPE,RAMP_INTERSECTION,SIDE_OF_HWY,TOW_AWAY,COLLISION_SEVERITY,NUMBER_KILLED,NUMBER_INJURED,PARTY_COUNT,PRIMARY_COLL_FACTOR,PCF_CODE_OF_VIOL,PCF_VIOL_CATEGORY,PCF_VIOLATION,PCF_VIOL_SUBSECTION,HIT_AND_RUN,TYPE_OF_COLLISION,MVIW,PED_ACTION,ROAD_SURFACE,ROAD_COND_1,ROAD_COND_2,LIGHTING,CONTROL_DEVICE,CHP_ROAD_TYPE,PEDESTRIAN_ACCIDENT,BICYCLE_ACCIDENT,MOTORCYCLE_ACCIDENT,TRUCK_ACCIDENT,NOT_PRIVATE_PROPERTY,ALCOHOL_INVOLVED,STWD_VEHTYPE_AT_FAULT,CHP_VEHTYPE_AT_FAULT,COUNT_SEVERE_INJ,COUNT_VISIBLE_INJ,COUNT_COMPLAINT_PAIN,COUNT_PED_KILLED,COUNT_PED_INJURED,COUNT_BICYCLIST_KILLED,COUNT_BICYCLIST_INJURED,COUNT_MC_KILLED,COUNT_MC_INJURED,PRIMARY_RAMP,SECONDARY_RAMP,LATITUDE,LONGITUDE,COUNTY,CITY,POINT_X,POINT_Y
9299952,2021,2021-09-13,3105,2021-07-05,0341,1124,,1,5,5,3105,0,0,0,,0,002,"DOUGLAS BL","EUREKA RD",1000.00,E,N,A,-,N,,,,,,,,,,Y,3,0,1,2,A,-,08,22107,,F,C,C,A,A,H,-,C,D,0,,,,,Y,,D,22,0,1,0,0,0,0,0,0,0,"- ","- ",38.744029998779297,-121.23594665527344,PLACER,ROSEVILLE,-121.24359130859375,38.744209289550781
9300151,2021,2021-08-11,3105,2021-06-29,2500,1073,,2,5,5,3105,0,0,0,,0,007,"IVY BRIDGE DR","VILLAGE GREEN",100.00,N,N,A,-,N,,,,,,,,,,N,3,0,1,2,D,-,00,,,N,H,B,D,-,H,-,A,D,0,Y,,,,Y,,-,"- ",0,1,0,0,1,0,0,0,0,"- ","- ",38.776878356933594,-121.36197662353516,PLACER,ROSEVILLE,-121.36197662353516,38.777145385742188
9300189,2021,2021-09-07,3105,2021-07-02,1437,3034,,5,5,5,3105,0,0,0,,0,007,"BASELINE RD","FIDDYMENT RD",3882.00,W,N,A,-,N,,,,,,,,,,Y,4,0,2,2,A,-,03,22350,,N,C,C,A,A,H,-,A,A,0,,,,,Y,,D,22,0,0,2,0,0,0,0,0,0,"- ","- ",38.751781463623047,-121.35852813720703,PLACER,ROSEVILLE,-121.36064147949219,38.75177001953125
9300190,2021,2021-08-09,3105,2021-06-30,1018,185,,3,5,5,3105,0,0,0,,0,005,"PLEASANT GROVE BL","E ROSEVILLE PW E",0.00,,Y,A,-,N,,,,,,,,,,Y,4,0,1,2,A,-,09,21453,C,N,D,C,A,A,H,-,A,A,0,,,,,Y,,A,01,0,0,1,0,0,0,0,0,0,"- ","- ",38.77825927734375,-121.28826141357422,PLACER,ROSEVILLE,-121.28829193115234,38.778236389160156
9300568,2021,2021-08-28,3105,2021-07-20,1322,1145,,2,5,5,3105,0,0,0,,0,002,"SUNRISE AV","CIRBY WY",0.00,,Y,A,-,N,,,,,,,,,,N,4,0,1,2,A,-,10,21950,A,N,B,B,E,A,H,-,A,A,0,Y,,,Y,Y,,F,26,0,0,1,0,1,0,0,0,0,"- ","- ",,,PLACER,ROSEVILLE,-121.27208709716797,38.729511260986328
9300576,2021,2021-08-28,3105,2021-07-26,1510,1135,,1,5,5,3105,0,0,0,,0,004,"WASHINGTON BL","SAWRELL ED",250.00,N,N,A,-,N,,,,,,,,,,Y,4,0,1,2,A,-,03,22350,,N,C,C,A,A,D,-,A,D,0,,,,,Y,,A,07,0,0,1,0,0,0,0,0,0,"- ","- ",38.762931823730469,-121.29615783691406,PLACER,ROSEVILLE,-121.29684448242188,38.763351440429688
9300577,2021,2021-08-28,3105,2021-07-17,0929,1063,,6,5,5,3105,0,0,0,,0,003,"CIRBY WY","MELODY LN",344.00,W,N,A,-,N,,,,,,,,,,Y,4,0,2,3,A,-,03,22350,,N,C,C,A,-,H,-,-,D,0,,,,,Y,,D,22,0,0,2,0,0,0,0,0,0,"- ","- ",38.729328155517578,-121.29470062255859,PLACER,ROSEVILLE,-121.29331207275391,38.729351043701172
9300580,2021,2021-08-28,3105,2021-07-06,0646,1048,,2,5,5,3105,0,0,0,,0,003,"CIRBY WY","RIVERSIDE AV",0.00,,Y,A,-,N,,,,,,,,,,Y,4,0,1,2,A,-,12,21453,A,N,A,C,A,A,H,-,A,A,0,,,,,Y,,D,22,0,0,1,0,0,0,0,0,0,"- ","- ",38.729339599609375,-121.29048156738281,PLACER,ROSEVILLE,-121.29045867919922,38.729347229003906
9300682,2021,2021-08-18,3105,2021-07-15,1740,1134,,4,5,5,3105,0,0,0,,0,004,"ATKINSON ST","CHURCH ST",55.00,S,N,A,-,N,,,,,,,,,,Y,4,0,1,2,A,-,05,21460,A,N,A,C,A,A,H,-,A,A,0,,,,,Y,,A,01,0,0,1,0,0,0,0,0,0,"- ","- ",38.744010925292969,-121.29971313476562,PLACER,ROSEVILLE,-121.29972839355469,38.743850708007812
9300685,2021,2021-08-18,3105,2021-07-12,1415,1145,,1,5,5,3105,0,0,0,,0,002,"SUNRISE AV","SUNTREE DR",152.00,S,N,A,-,N,,,,,,,,,,Y,3,0,2,3,A,-,03,22350,,N,C,C,A,A,H,-,A,A,0,,,,,Y,,A,01,0,1,1,0,0,0,0,0,0,"- ","- ",,,PLACER,ROSEVILLE,-121.27207183837891,38.726741790771484
9300902,2021,2021-08-18,3105,2021-07-06,0823,1109,,2,5,5,3105,0,0,0,,0,003,"ATLANTIC ST","EAST ST",0.00,,Y,A,-,N,,,,,,,,,,Y,4,0,1,2,A,-,09,21801,A,N,-,C,A,A,H,-,A,D,0,,,,,Y,,A,01,0,0,1,0,0,0,0,0,0,"- ","- ",38.757011413574219,-121.27192687988281,PLACER,ROSEVILLE,-121.27229309082031,38.757221221923828
9300904,2021,2021-08-18,3105,2021-07-12,0021,1137,,1,5,5,3105,0,0,0,,0,002,"CIRBY WY","SUNRISE AV",29.00,W,N,A,-,N,,,,,,,,,,Y,4,0,1,2,A,-,01,23152,B,M,C,C,A,A,-,-,C,A,0,,,,,Y,Y,A,01,0,0,1,0,0,0,0,0,0,"- ","- ",38.722949981689453,-121.27207183837891,PLACER,ROSEVILLE,-121.27219390869141,38.729511260986328
9300905,2021,2021-08-20,3105,2021-07-03,1326,575,,6,5,5,3105,0,0,0,,0,005,"PLEASANT GROVE BL","RT 65",121.00,W,N,A,-,N,,,,,,,,,,Y,4,0,2,4,A,-,03,22350,,N,C,C,A,A,H,-,A,A,0,,,,,Y,,A,01,0,0,2,0,0,0,0,0,0,"- ",SF,38.785671234130859,-121.28648376464844,PLACER,ROSEVILLE,-121.28436279296875,38.786178588867188
9301180,2021,2021-08-18,3101,2021-07-18,0738,A341,AU12,7,5,3,3101,0,0,0,,0,0A1,"GRASS VALLEY HWY","SAWYER ST",0.00,,Y,A,-,Y,PLA,3,49,-,-,3.240,H,-,N,Y,4,0,1,2,A,-,03,22350,,N,C,C,A,A,H,-,A,A,0,,,,,Y,,A,01,0,0,1,0,0,0,0,0,0,"- ","- ",38.901290893554688,-121.07478332519531,PLACER,AUBURN,-121.07496643066406,38.900691986083984
9301679,2021,2021-09-22,3103,2021-08-19,0636,BROGE,L7,4,5,2,3103,0,0,0,,0,0L4,"LINCOLN BL","RT 65",0.00,,Y,A,-,N,,,,,,,,,,Y,3,0,1,2,A,-,03,22350,,N,C,C,A,A,H,-,B,A,0,,,,,Y,,D,22,0,1,0,0,0,0,0,0,0,"- ","- ",38.869991302490234,-121.29939270019531,PLACER,LINCOLN,-121.30158233642578,38.864509582519531
9302208,2021,2021-08-27,3105,2021-07-03,0245,1100,,6,5,5,3105,0,0,0,,0,002,"CIRBY WY","MEADOW OAKS DR",300.00,E,N,A,-,N,,,,,,,,,,Y,2,0,1,1,C,-,18,,,N,E,I,A,A,H,-,C,D,0,,,,,Y,,-,"- ",1,0,0,0,0,0,0,0,0,"- ","- ",38.729541778564453,-121.26631164550781,PLACER,ROSEVILLE,-121.26528930664062,38.72955322265625
9302210,2021,2021-08-27,3105,2021-07-21,2234,1130,,3,5,5,3105,0,0,0,,0,003,"VERNON ST","ATLANTIC ST",35.00,S,N,A,-,N,,,,,,,,,,Y,3,0,3,1,A,-,03,22350,,N,E,I,A,A,H,-,C,D,0,,,,,Y,,A,01,0,1,2,0,0,0,0,0,0,"- ","- ",38.752029418945312,-121.28112030029297,PLACER,ROSEVILLE,-121.28144073486328,38.751716613769531
9303538,2021,2021-08-28,3104,2021-07-30,1656,268,37,5,5,4,3104,0,0,0,,0,002,"SPRINGVIEW DR","SUNSET BL",100.00,S,N,A,-,N,,,,,,,,,,Y,3,0,1,2,A,-,09,21804,,N,D,C,A,A,H,-,A,D,0,,,,,Y,,A,01,0,1,0,0,0,0,0,0,0,"- ","- ",38.784690856933594,-121.24796295166016,PLACER,ROCKLIN,-121.2481689453125,38.784439086914062
9303589,2021,2021-09-22,3104,2021-08-03,1726,309,42,2,5,4,3104,0,0,0,,0,001,"SIERRA COLLEGE BL","GRANITE DR",0.00,,Y,A,-,N,,,,,,,,,,Y,4,0,1,2,A,-,00,21435,A,N,A,C,A,A,H,-,A,A,0,,,,,Y,,A,01,0,0,1,0,0,0,0,0,0,"- ","- ",38.806549072265625,-121.20555114746094,PLACER,ROCKLIN,-121.20549011230469,38.806560516357422
9303832,2021,2021-08-17,3105,2021-07-02,1403,1160,,5,5,5,3105,0,0,0,,0,001,"ROSEVILLE PKWY","WEST ST",100.00,S,N,A,-,N,,,,,,,,,,Y,4,0,1,3,A,-,04,21703,,N,C,C,A,A,H,-,A,D,0,,,,,Y,,A,01,0,0,1,0,0,0,0,0,0,"- ","- ",38.772369384765625,-121.27304840087891,PLACER,ROSEVILLE,-121.27275848388672,38.772163391113281
9303834,2021,2021-08-17,3105,2021-07-21,1607,196,,3,5,5,3105,0,0,0,,0,007,"FIDDYMENT RD","BASELINE RD",46.00,N,N,A,-,N,,,,,,,,,,Y,4,0,1,2,A,-,12,21453,A,N,B,C,A,A,H,-,A,A,0,,,Y,,Y,,C,02,0,0,1,0,0,0,0,0,1,"- ","- ",38.751781463623047,-121.3582763671875,PLACER,ROSEVILLE,-121.35858154296875,38.751895904541016
9307556,2021,2021-10-12,3105,2021-08-13,0700,197,,5,5,5,3105,0,0,0,,0,005,"HIGHLAND PARK DR","PLEASANT GROVE BL",0.00,,Y,A,-,N,,,,,,,,,,Y,3,0,1,2,A,-,12,21453,A,N,D,C,A,A,H,-,A,A,0,,,Y,,Y,,C,06,0,1,0,0,0,0,0,0,1,"- ","- ",38.792369842529297,-121.27909851074219,PLACER,ROSEVILLE,-121.27910614013672,38.792377471923828
9307618,2021,2021-08-27,3101,2021-07-19,1410,A716,AU04,1,5,3,3101,0,0,0,,0,0A2,"PERKINS WY","BURLIN WY",0.00,,Y,A,-,N,,,,,,,,,,N,3,0,1,2,A,-,09,21804,,N,B,C,A,A,H,-,A,D,0,,,,,Y,,A,01,0,1,0,0,0,0,0,0,0,"- ","- ",38.873180389404297,-121.07393646240234,PLACER,AUBURN,-121.07447052001953,38.873275756835938
9307619,2021,2021-08-27,3101,2021-07-29,1200,"A716    ",AU12,4,5,3,3101,0,0,0,,0,0A1,"GRASS VALLEY HWY","GARFIELD ST",0.00,,Y,A,-,N,,,,,,,,,,N,3,0,1,3,A,-,06,21755,,N,D,C,A,A,H,-,A,D,0,,,Y,,Y,,C,02,0,1,0,0,0,0,0,0,1,"- ","- ",38.902870178222656,-121.07557678222656,PLACER,AUBURN,-121.07552337646484,38.902473449707031
9308379,2021,2021-08-25,3105,2021-07-25,2500,1166,,7,5,5,3105,0,0,0,,0,006,"PLEASANT GROVE BL","HORTON DR",0.00,,Y,A,-,N,,,,,,,,,,N,3,0,1,2,A,-,08,22107,,N,G,G,A,A,H,-,A,A,0,,Y,,,Y,,A,01,0,1,0,0,0,0,1,0,0,"- ","- ",38.768218994140625,-121.36441802978516,PLACER,ROSEVILLE,-121.36444854736328,38.768238067626953
9312348,2021,2021-09-13,3101,2021-08-22,1340,A503,AU11,7,5,3,3101,0,0,0,,0,0A2,"EL DORADO ST","SHADEY GLEN",10560.00,S,N,A,-,Y,PLA,3,49,-,-,0.210,H,-,S,N,2,0,1,1,A,-,03,22350,,N,E,I,A,A,H,-,A,D,0,,,Y,,Y,,C,02,1,0,0,0,0,0,0,0,1,"- ","- ",38.900230407714844,-121.05888366699219,PLACER,AUBURN,-121.04048156738281,38.915451049804688
9314651,2021,2021-10-08,3105,2021-08-06,1902,1131,,5,5,5,3105,0,0,0,,0,001,"ROSEVILLE PKWY","GALLERIA BL",0.00,,Y,B,-,N,,,,,,,,,,Y,3,0,2,3,A,-,12,21453,A,N,D,C,A,A,H,-,A,A,0,,,,,Y,,A,01,0,1,1,0,0,0,0,0,0,"- ","- ",38.76885986328125,-121.26589965820312,PLACER,ROSEVILLE,-121.26589965820312,38.768695831298828
9317122,2021,2021-09-17,3105,2021-08-13,1552,1162,,5,5,5,3105,0,0,0,,0,006,"WOODCREEK OAKS BL","MCANNALLY DR",0.00,,Y,A,-,N,,,,,,,,,,N,4,0,1,4,A,-,03,22350,,N,C,C,A,A,H,-,A,D,0,,,,,Y,,A,01,0,0,1,0,0,0,0,0,0,"- ","- ",38.765110015869141,-121.33223724365234,PLACER,ROSEVILLE,-121.33058929443359,38.764198303222656
9317401,2021,2021-09-27,3105,2021-09-18,0945,184,,6,5,5,3105,0,0,0,,0,003,"CIRBY WY","INGLIS WY",0.00,,Y,F,-,,,,,,,,,,,Y,4,0,2,2,A,-,09,21804,A,N,D,C,A,A,H,-,A,D,0,,,,,Y,,A,01,0,0,2,0,0,0,0,0,0,"- ","- ",38.729328155517578,-121.29769897460938,PLACER,ROSEVILLE,-121.29771423339844,38.729339599609375
9317402,2021,2021-09-24,3105,2021-08-23,2500,1121,,1,5,5,3105,0,0,0,,0,003,"CIRBY AV","CIRBY HILLS DR",150.00,E,N,A,-,N,,,,,,,,,,N,4,0,1,2,A,-,03,22350,I,N,C,C,A,A,H,-,A,A,0,,,,,Y,,A,01,0,0,1,0,0,0,0,0,0,"- ","- ",38.729339599609375,-121.29048156738281,PLACER,ROSEVILLE,-121.28713226318359,38.729373931884766
9317406,2021,2021-09-27,3105,2021-08-14,2500,1121,,6,5,5,3105,0,0,0,,0,003,"ATLANTIC ST","RT 108",108.00,W,N,A,-,N,,,,,,,,,,N,4,0,1,2,A,-,00,22107,I,N,C,C,A,A,H,-,A,A,0,,,,,Y,,A,01,0,0,1,0,0,0,0,0,0,"- ",WO,38.758098602294922,-121.26396942138672,PLACER,ROSEVILLE,,
9317408,2021,2021-09-23,3105,2021-08-17,1333,1015,,2,5,5,3105,0,0,0,,0,006,"WOODCREEK OAKS PL","HORNCASTLE AV",0.00,,Y,A,-,N,,,,,,,,,,Y,3,0,1,1,A,-,01,23152,A,N,E,I,A,A,H,-,A,A,0,,,,,Y,Y,A,01,0,1,0,0,0,0,0,0,0,"- ","- ",38.784439086914062,-121.33322143554688,PLACER,ROSEVILLE,-121.33324432373047,38.784439086914062
9317410,2021,2021-09-23,3105,2021-08-20,0333,1169,,5,5,5,3105,0,0,0,,0,004,"N FOOTHILLS BL N","MCANALLY DR",50.00,S,N,A,-,N,,,,,,,,,,Y,3,0,1,1,A,-,00,22107,I,N,E,I,A,A,H,-,C,D,0,,,,,Y,,-,"- ",0,1,0,0,0,0,0,0,0,"- ","- ",38.764629364013672,-121.30899047851562,PLACER,ROSEVILLE,-121.31166839599609,38.763336181640625
9317411,2021,2021-09-23,3105,2021-08-21,2215,1164,,6,5,5,3105,0,0,0,,0,002,"OLD AUBURN RD","RIDGECREST WY",630.00,W,N,A,-,,,,,,,,,,,Y,3,0,1,1,A,-,03,22350,I,N,E,J,A,A,H,-,C,A,0,,,Y,,Y,,C,02,0,1,0,0,0,0,0,0,1,"- ","- ",38.72222900390625,-121.24073028564453,PLACER,ROSEVILLE,-121.23918914794922,38.722251892089844
9318417,2021,2021-10-11,3105,2021-08-29,1904,1148,,7,5,5,3105,0,0,0,,0,003,"W DOUBLE BL","HARDING BL",50.00,E,N,A,-,N,,,,,,,,,,Y,4,0,1,2,A,-,00,22107,I,N,B,C,A,A,H,-,B,A,0,,,Y,,Y,,A,07,0,0,1,0,0,0,0,0,1,"- ","- ",38.743991851806641,-121.27435302734375,PLACER,ROSEVILLE,,
9318419,2021,2021-10-11,3105,2021-08-31,1757,1154,,2,5,5,3105,0,0,0,,0,003,"ORLANDO AV","LIVOTI AV",112.00,S,N,A,-,N,,,,,,,,,,Y,4,0,1,2,A,-,05,21460,C,N,B,C,A,A,H,-,A,D,0,,,Y,,Y,,C,02,0,0,1,0,0,0,0,0,1,"- ","- ",38.723838806152344,-121.28884124755859,PLACER,ROSEVILLE,-121.28896331787109,38.723548889160156
9320034,2021,2021-11-04,3105,2021-06-28,2347,178,,1,5,5,3105,0,0,0,,0,003,"ATLANTIC ST","WILLS RD",728.00,W,N,A,-,N,,,,,,,,,,Y,1,1,1,1,A,-,03,22350,,N,D,I,A,A,H,-,C,A,0,,,,,Y,,A,01,1,0,0,0,0,0,0,0,0,"- ","- ",,,PLACER,ROSEVILLE,-121.27042388916016,38.757713317871094
9320362,2021,2022-02-08,3105,2021-10-11,0215,1059,,1,5,5,3105,0,0,0,,0,001,"E ROSEVILLE PW","ROCKY RIDGE DR",315.00,S,N,A,-,N,,,,,,,,,,Y,1,1,0,1,A,-,08,22107,,N,E,I,A,A,H,-,C,D,0,,,,,Y,,A,01,0,0,0,0,0,0,0,0,0,"- ","- ",38.752971649169922,-121.24288177490234,PLACER,ROSEVILLE,-121.24301910400391,38.752120971679688
9320368,2021,2022-02-09,3101,2021-11-09,1416,A711,AU15,2,5,3,3101,0,0,0,,0,0A1,"MIKKELSEN DR","AUBURN RAVINE RD",257.00,N,N,C,-,N,,,,,,,,,,N,1,1,0,2,A,-,11,21954,A,N,G,B,D,B,G,-,A,D,0,Y,,,,Y,,A,01,0,0,0,1,0,0,0,0,0,"- ","- ",38.908500671386719,-121.0732421875,PLACER,AUBURN,-121.07299041748047,38.908123016357422
9322155,2021,2021-10-18,3105,2021-09-04,1523,1141,,6,5,5,3105,0,0,0,,0,001,"EAST ROSEVILLE PKWY","SECRET RAVINE PKWY",346.00,E,N,A,-,N,,,,,,,,,,Y,3,0,1,2,A,-,07,21658,A,N,B,C,A,A,H,-,A,D,0,,,,,Y,,A,01,0,1,0,0,0,0,0,0,0,"- ","- ",38.761348724365234,-121.24806213378906,PLACER,ROSEVILLE,-121.24674224853516,38.761241912841797
9323122,2021,2021-10-14,3105,2021-08-27,1312,3034,,5,5,5,3105,0,0,0,,0,003,"DOUGLAS BL","HARDING BL",0.00,,Y,A,-,N,,,,,,,,,,N,4,0,1,2,A,-,03,22350,,N,C,C,A,A,H,-,A,A,0,,,,,Y,,A,01,0,0,1,0,0,0,0,0,0,"- ","- ",38.743991851806641,-121.27435302734375,PLACER,ROSEVILLE,-121.27436065673828,38.7440185546875
9323126,2021,2021-10-09,3105,2021-08-23,1800,1138,,1,5,5,3105,0,0,0,,0,006,"BASELINE RD","COUNTRY CLUB DR",0.00,,Y,A,-,N,,,,,,,,,,Y,3,0,2,2,A,-,09,21802,A,N,D,C,A,A,A,H,A,D,0,,,,,Y,,A,01,0,1,1,0,0,0,0,0,0,"- ","- ",38.751861572265625,-121.32881927490234,PLACER,ROSEVILLE,-121.32882690429688,38.751865386962891
9323156,2021,2021-09-23,3105,2021-07-30,1054,1079,,5,5,5,3105,0,0,0,,0,001,"STANFORD RANCH RD","FIVE STAR BL",1671.00,S,N,A,-,N,,,,,,,,,,N,4,0,2,2,A,-,03,22350,,N,C,C,A,A,H,-,A,D,0,,,,,Y,,D,22,0,0,2,0,0,0,0,0,0,"- ","- ",38.778621673583984,-121.26580047607422,PLACER,ROSEVILLE,-121.26576232910156,38.777210235595703
9323182,2021,2021-11-09,3105,2021-09-10,1903,1114,,5,5,5,3105,0,0,0,,0,002,"OLD AUBURN RD","CASTLE CREEK RD",0.00,,Y,A,-,N,,,,,,,,,,Y,3,0,1,2,A,-,09,21804,A,N,D,C,A,-,H,-,A,A,0,,,,,Y,,A,01,0,1,0,0,0,0,0,0,0,"- ","- ",38.722221374511719,-121.32701110839844,PLACER,ROSEVILLE,-121.23697662353516,38.72222900390625
9323700,2021,2021-09-21,3105,2021-08-25,1715,1143,,3,5,5,3105,0,0,0,,0,005,"STANFORD RANCH RD","FIVE STAR BL",215.00,S,N,A,-,N,,,,,,,,,,Y,3,0,2,3,A,-,08,22107,,N,C,C,A,A,H,-,A,A,0,,,,,Y,,D,22,0,1,1,0,0,0,0,0,0,"- ","- ",38.780101776123047,-121.26799011230469,PLACER,ROSEVILLE,-121.26573181152344,38.781208038330078
9323771,2021,2021-09-22,3105,2021-06-16,0120,1161,,3,5,5,3105,0,0,0,,0,001,"ROSEVILLE PW","WEST DR",0.00,,Y,A,-,N,,,,,,,,,,,3,0,1,2,C,-,18,,,N,G,B,D,A,H,-,C,A,0,Y,,,,Y,Y,-,"- ",0,1,0,0,1,0,0,0,0,"- ","- ",38.772369384765625,-121.27304840087891,PLACER,ROSEVILLE,-121.27301788330078,38.772350311279297
9323910,2021,2021-10-04,3105,2021-08-20,1255,1167,,5,5,5,3105,0,0,0,,0,005,"PLEASANT GROVE BL","RT 65",408.00,E,N,A,-,Y,PLA,3,65,-,R,7.141,R,4,S,N,4,0,1,2,A,-,03,22350,,N,C,D,A,A,H,-,A,D,0,,,,,Y,,A,01,0,0,1,0,0,0,0,0,0,"- ",SO,,,PLACER,ROSEVILLE,-121.28452301025391,38.786643981933594
9323912,2021,2021-09-15,3105,2021-08-05,2300,1081,,4,5,5,3105,0,0,0,,0,003,"ATLANTIC ST","WILLS RD",0.00,,Y,A,-,N,,,,,,,,,,N,4,0,1,2,A,-,09,21453,C,N,D,C,A,A,H,-,C,A,0,,,,,Y,,A,07,0,0,1,0,0,0,0,0,0,"- ","- ",38.758148193359375,-121.26792907714844,PLACER,ROSEVILLE,-121.26790618896484,38.758049011230469
9323914,2021,2021-09-15,3105,2021-08-23,1126,1072,,1,5,5,3105,0,0,0,,0,001,"ROSEVILLE PKWY","GALLERIA BL",0.00,,Y,A,-,N,,,,,,,,,,Y,3,0,1,2,A,-,03,22350,,N,C,C,A,A,H,-,A,A,0,,,,,Y,,A,01,0,1,0,0,0,0,0,0,0,"- ","- ",38.76885986328125,-121.26589965820312,PLACER,ROSEVILLE,-121.26589965820312,38.768695831298828
9323915,2021,2021-09-20,3105,2021-08-15,1345,1168,,7,5,5,3105,0,0,0,,0,006,"E FAIRWAY DR S","MONTROSE AV",0.00,,Y,A,-,N,,,,,,,,,,Y,3,0,1,2,A,-,09,21801,A,N,D,C,A,A,H,-,A,D,0,,,,,Y,,A,01,0,1,0,0,0,0,0,0,0,"- ","- ",38.7901611328125,-121.28427124023438,PLACER,ROSEVILLE,-121.28427124023438,38.790073394775391
9323916,2021,2021-09-15,3105,2021-08-11,1152,1059,,3,5,5,3105,0,0,0,,0,002,"NORTH SUNRISE AV","AUTOMALL DR",0.00,,Y,A,-,N,,,,,,,,,,Y,4,0,2,2,A,-,12,21453,A,N,F,C,A,A,H,-,A,A,0,,,,,Y,,A,07,0,0,2,0,0,0,0,0,0,"- ","- ",38.753250122070312,-121.25935363769531,PLACER,ROSEVILLE,-121.25936126708984,38.753269195556641
9325583,2021,2021-10-23,3105,2021-09-04,1132,1099,,6,5,5,3105,0,0,0,,0,002,"SUNRISE AV","ASCOT DR",230.00,E,N,A,-,N,,,,,,,,,,N,3,0,1,2,A,-,08,22107,,N,C,C,A,A,H,-,A,A,0,,,Y,,Y,,A,07,0,1,0,0,0,0,0,0,1,"- ","- ",,,PLACER,ROSEVILLE,-121.26770782470703,38.743354797363281
9325585,2021,2021-10-23,3105,2021-09-07,0800,140,,2,5,5,3105,0,0,0,,0,003,"CIRBY WY","VERNON ST",0.00,,Y,A,-,N,,,,,,,,,,N,4,0,1,2,A,-,03,22350,I,N,C,C,A,A,H,-,A,A,0,,,,,Y,,A,01,0,0,1,0,0,0,0,0,0,"- ","- ",38.72930908203125,-121.29972839355469,PLACER,ROSEVILLE,-121.29971313476562,38.729286193847656
9325587,2021,2021-10-23,3105,2021-09-10,2117,1108,,5,5,5,3105,0,0,0,,0,006,"WOODCREEK OAKS BL","ZINNIA WY",0.00,,Y,A,-,N,,,,,,,,,,Y,3,0,1,1,A,-,01,23152,A,N,E,J,A,A,H,-,A,A,0,,,Y,,Y,Y,C,02,0,1,0,0,0,0,0,0,1,"- ","- ",,,PLACER,ROSEVILLE,-121.33383178710938,38.778633117675781
9325588,2021,2021-10-23,3105,2021-09-11,1317,1167,,6,5,5,3105,0,0,0,,0,005,"PLEASANT GROVE BL","HIGHLAND POINTE DR",729.00,W,N,A,-,N,,,,,,,,,,N,4,0,2,3,A,-,03,22350,,N,C,C,A,A,H,-,A,A,0,,,,,Y,,A,01,0,0,2,0,0,0,0,0,0,"- ","- ",,,PLACER,ROSEVILLE,-121.28722381591797,38.781326293945312
9325590,2021,2021-10-23,3105,2021-09-13,2134,1132,,1,5,5,3105,0,0,0,,0,006,"BLUE OAKS BL","WOODCREEK OAKS BL",46.00,E,N,A,-,N,,,,,,,,,,Y,4,0,2,2,A,-,03,22350,,N,C,C,A,A,H,-,C,A,0,,,,,Y,,A,01,0,0,2,0,0,0,0,0,0,"- ","- ",,,PLACER,ROSEVILLE,-121.32856750488281,38.795242309570312
9325591,2021,2021-10-23,3105,2021-09-16,1437,1114,,4,5,5,3105,0,0,0,,0,002,"ROCKY RIDGE DR","DOUGLAS BL",964.00,N,N,A,-,N,,,,,,,,,,Y,4,0,1,2,A,-,08,22107,,N,D,C,A,A,H,-,A,A,0,,,,,Y,,A,01,0,0,1,0,0,0,0,0,0,"- ","- ",38.744338989257812,-121.2530517578125,PLACER,ROSEVILLE,-121.2530517578125,38.746807098388672
9325803,2021,2021-10-13,3105,2021-09-07,1455,186,,2,5,5,3105,0,0,0,,0,006,"BLUE OAKS BL","WASHINGTON BL",700.00,W,N,A,-,N,,,,,,,,,,Y,4,0,2,2,A,-,09,21801,A,N,F,C,A,A,H,-,A,A,0,,,,,Y,,D,22,0,0,2,0,0,0,0,0,0,"- ","- ",38.795520782470703,-121.31385803222656,PLACER,ROSEVILLE,-121.30290985107422,38.795337677001953