CASE_ID,ACCIDENT_YEAR,PROC_DATE,JURIS,COLLISION_DATE,COLLISION_TIME,OFFICER_ID,REPORTING_DISTRICT,DAY_OF_WEEK,CHP_SHIFT,POPULATION,CNTY_CITY_LOC,SPECIAL_COND,BEAT_TYPE,CHP_BEAT_TYPE,CITY_DIVISION_LAPD,CHP_BEAT_CLASS,BEAT_NUMBER,PRIMARY_RD,SECONDARY_RD,DISTANCE,DIRECTION,INTERSECTION,WEATHER_1,WEATHER_2,STATE_HWY_IND,CALTRANS_COUNTY,CALTRANS_DISTRICT,STATE_ROUTE,ROUTE_SUFFIX,POSTMILE_PREFIX,POSTMILE,LOCATION_TYPE,RAMP_INTERSECTION,SIDE_OF_HWY,TOW_AWAY,COLLISION_SEVERITY,NUMBER_KILLED,NUMBER_INJURED,PARTY_COUNT,PRIMARY_COLL_FACTOR,PCF_CODE_OF_VIOL,PCF_VIOL_CATEGORY,PCF_VIOLATION,PCF_VIOL_SUBSECTION,HIT_AND_RUN,TYPE_OF_COLLISION,MVIW,PED_ACTION,ROAD_SURFACE,ROAD_COND_1,ROAD_COND_2,LIGHTING,CONTROL_DEVICE,CHP_ROAD_TYPE,PEDESTRIAN_ACCIDENT,BICYCLE_ACCIDENT,MOTORCYCLE_ACCIDENT,TRUCK_ACCIDENT,NOT_PRIVATE_PROPERTY,ALCOHOL_INVOLVED,STWD_VEHTYPE_AT_FAULT,CHP_VEHTYPE_AT_FAULT,COUNT_SEVERE_INJ,COUNT_VISIBLE_INJ,COUNT_COMPLAINT_PAIN,COUNT_PED_KILLED,COUNT_PED_INJURED,COUNT_BICYCLIST_KILLED,COUNT_BICYCLIST_INJURED,COUNT_MC_KILLED,COUNT_MC_INJURED,PRIMARY_RAMP,SECONDARY_RAMP,LATITUDE,LONGITUDE,COUNTY,CITY,POINT_X,POINT_Y
9327354,2021,2021-12-14,3104,2021-10-01,0811,318,37,5,5,4,3104,0,0,0,,0,001,"SUNSET BL","3RD ST",0.00,,Y,A,-,N,,,,,,,,,,N,3,0,1,2,A,-,12,21453,,N,A,C,A,A,H,-,A,A,0,,,,,Y,,A,01,0,1,0,0,0,0,0,0,0,"- ","- ",38.784870147705078,-121.24775695800781,PLACER,ROCKLIN,-121.24776458740234,38.784870147705078
9327433,2021,2021-10-29,3103,2021-08-18,1818,ADEOL,L3,3,5,2,3103,0,0,0,,0,0L1,"3RD ST","R ST",0.00,,Y,A,-,N,,,,,,,,,,Y,4,0,1,2,A,-,12,22450,,N,D,C,A,A,H,-,A,D,0,,,,,Y,Y,A,01,0,0,1,0,0,0,0,0,0,"- ","- ",38.889141082763672,-121.30809020996094,PLACER,LINCOLN,-121.30811309814453,38.889171600341797
9336074,2021,2021-09-30,3103,2021-08-31,0809,BROGE,L1,2,5,2,3103,0,0,0,,0,0L1,"NICOLAUS RD","AVIATION BL",0.00,,Y,A,-,N,,,,,,,,,,Y,3,0,1,2,A,-,03,22350,,N,C,C,A,A,H,-,A,A,0,,,,,Y,,A,01,0,1,0,0,0,0,0,0,0,"- ","- ",38.897281646728516,-121.34010314941406,PLACER,LINCOLN,-121.34014892578125,38.897407531738281
9339736,2021,2021-10-27,3105,2021-10-13,2003,1108,,3,5,5,3105,0,0,0,,0,005,"PLEASANT GROVE BL","RT 65",0.00,,Y,A,-,Y,PLA,3,65,-,-,7.323,R,4,S,N,4,0,1,2,A,-,17,21461,A,N,D,C,A,A,H,-,C,A,0,,,,,Y,,A,01,0,0,1,0,0,0,0,0,0,"- ",SF,,,PLACER,ROSEVILLE,-121.28411865234375,38.786453247070312
9340326,2021,2021-10-29,3105,2021-09-21,1803,1160,,2,5,5,3105,0,0,0,,0,006,"ROSEVILLE PKWY","WASHINGTON BL",0.00,,Y,A,-,N,,,,,,,,,,Y,3,0,1,1,A,-,03,22350,,N,F,I,A,A,H,-,A,A,0,,,Y,,Y,,C,02,0,1,0,0,0,0,0,0,1,"- ","- ",38.787349700927734,-121.30065155029297,PLACER,ROSEVILLE,-121.30066680908203,38.787334442138672
9340656,2021,2021-11-02,3105,2021-09-15,0901,1072,,3,5,5,3105,0,0,0,,0,005,"PLEASANT AV","HIGHLAND POINT DR",0.00,,Y,A,-,N,,,,,,,,,,N,4,0,2,3,A,-,03,22350,,N,C,C,A,A,H,-,A,A,0,,,,,Y,,A,07,0,0,2,0,0,0,0,0,0,"- ","- ",38.783290863037109,-121.28671264648438,PLACER,ROSEVILLE,-121.2867431640625,38.783275604248047
9340658,2021,2021-11-08,3105,2021-09-17,0902,1072,,5,5,5,3105,0,0,0,,0,006,"PLEASANT GROVE BL","WASHINGTON BL",0.00,,Y,A,-,N,,,,,,,,,,Y,4,0,1,2,A,-,12,21453,A,N,D,C,A,A,H,-,A,A,0,,,,,Y,,A,07,0,0,1,0,0,0,0,0,0,"- ","- ",38.773880004882812,-121.30377960205078,PLACER,ROSEVILLE,-121.30375671386719,38.773899078369141
9341128,2021,2021-11-30,3105,2021-09-27,1034,1099,,1,5,5,3105,0,0,0,,0,002,"DOUGLAS BL","SIERRA GARDENS DR",25.00,W,N,A,-,N,,,,,,,,,,Y,3,0,5,5,A,-,03,22350,,N,C,C,A,A,H,-,A,A,0,,,,,Y,,D,22,0,1,4,0,0,0,0,0,0,"- ","- ",,,PLACER,ROSEVILLE,-121.25930786132812,38.744270324707031
9341187,2021,2021-11-30,3105,2021-09-27,0859,1099,,1,5,5,3105,0,0,0,,0,002,"EUREKA RD","LAVA RIDGE DR",84.00,S,N,A,-,N,,,,,,,,,,Y,4,0,1,2,A,-,09,21801,A,N,D,C,A,A,H,-,A,D,0,,,,,Y,,D,22,0,0,1,0,0,0,0,0,0,"- ","- ",,,PLACER,ROSEVILLE,-121.24711608886719,38.746360778808594
9341191,2021,2021-11-04,3105,2021-09-20,1451,1145,,1,5,5,3105,0,0,0,,0,002,"SUNRISE AV","SUNDOWN WY",0.00,,Y,A,-,N,,,,,,,,,,N,4,0,1,3,A,-,09,21804,A,N,C,C,A,A,A,-,A,D,0,,,,Y,Y,,A,07,0,0,1,0,0,0,0,0,0,"- ","- ",,,PLACER,ROSEVILLE,-121.27204895019531,38.733200073242188
9341366,2021,2021-11-02,3105,2021-09-08,2140,1147,,3,5,5,3105,0,0,0,,0,005,"HIGHLAND POINTE DR","PLEASANT GROVE BL",0.00,,Y,A,-,N,,,,,,,,,,N,4,0,1,2,A,-,03,22350,,N,C,C,A,A,H,-,C,A,0,,,,,Y,,A,07,0,0,1,0,0,0,0,0,0,"- ","- ",38.783298492431641,-121.28671264648438,PLACER,ROSEVILLE,-121.2867431640625,38.783275604248047
9341462,2021,2021-11-03,3103,2021-09-10,2136,ADEOL,L3,5,5,2,3103,0,0,0,,0,0L1,"3RD ST","J ST",0.00,,Y,A,-,N,,,,,,,,,,Y,4,0,2,3,A,-,09,21804,,N,D,C,A,A,H,-,C,D,0,,,,,Y,,A,01,0,0,2,0,0,0,0,0,0,"- ","- ",38.88916015625,-121.29656219482422,PLACER,LINCOLN,-121.29660797119141,38.889198303222656
9341467,2021,2021-11-03,3103,2021-09-26,2012,DGORB,L8,7,5,2,3103,0,0,0,,0,0L4,"E JOINER PKWY","WESTVIEW DR",39.00,N,N,A,-,N,,,,,,,,,,Y,4,0,1,2,A,-,12,22450,,N,C,C,A,A,D,-,C,D,0,,,,,Y,Y,A,01,0,0,1,0,0,0,0,0,0,"- ","- ",38.84246826171875,-121.29065704345703,PLACER,LINCOLN,-121.29064178466797,38.842597961425781
9341901,2021,2021-10-21,3100,2021-08-19,1152,142,PLACE,4,5,2,3106,0,0,0,,0,LOOMIS,"HORSESHOE BAR",WALNUT,0.00,,Y,A,-,N,,,,,,,,,,N,3,0,1,2,A,-,09,21804,A,N,D,D,A,A,H,-,A,D,0,,,Y,,Y,,A,07,0,1,0,0,0,0,0,0,1,"- ","- ",38.820400238037109,-121.1944580078125,PLACER,LOOMIS,-121.19158172607422,38.818988800048828
9343562,2021,2021-10-23,3104,2021-09-02,1940,318,12,4,5,4,3104,0,0,0,,0,004,"STANFORD RANCH RD","SUNSET BL",0.00,,Y,A,-,N,,,,,,,,,,Y,3,0,2,2,A,-,09,21453,C,N,D,C,A,A,H,-,C,A,0,,,,,Y,,A,07,0,1,1,0,0,0,0,0,0,"- ","- ",38.815021514892578,-121.28672027587891,PLACER,ROCKLIN,-121.26510620117188,38.796138763427734
9343563,2021,2021-10-23,3104,2021-09-01,1902,308,42,3,5,4,3104,0,0,0,,0,001,"SCHRIBER WAY","SIERRA COLLEGE BL",0.00,,Y,A,-,N,,,,,,,,,,N,3,0,2,2,D,-,00,,,N,D,C,A,A,H,-,A,A,0,,,,,Y,,-,"- ",0,1,1,0,0,0,0,0,0,"- ","- ",38.7994384765625,-121.20542144775391,PLACER,ROCKLIN,-121.20552062988281,38.799442291259766
9343610,2021,2021-10-25,3104,2021-09-10,1640,303,11,5,5,4,3104,0,0,0,,0,004,"LONETREE BL","REDWOOD DR",0.00,,Y,A,-,N,,,,,,,,,,Y,4,0,1,3,A,-,03,22350,,N,C,C,A,A,H,-,A,A,0,,,,,Y,,A,01,0,0,1,0,0,0,0,0,0,"- ","- ",38.800769805908203,-121.29342651367188,PLACER,ROCKLIN,-121.29357147216797,38.800701141357422
9346401,2021,2021-12-02,3105,2021-10-04,1447,180,,1,5,5,3105,0,0,0,,0,003,"CIRBY WY","CIRBY HILLS DR",33.00,E,N,A,-,N,,,,,,,,,,N,3,0,1,2,A,-,03,22350,,N,C,C,A,A,H,-,A,A,0,,,,,Y,,I,11,0,1,0,0,0,0,0,0,0,"- ","- ",38.729358673095703,-121.28768920898438,PLACER,ROSEVILLE,-121.28754425048828,38.729362487792969
9346437,2021,2021-11-03,3105,2021-09-29,1145,178,,3,5,5,3105,0,0,0,,0,005,"INDUSTRIAL AV","ALANTOWN DR",545.00,N,N,A,-,N,,,,,,,,,,Y,4,0,2,2,A,-,08,22107,,N,D,C,A,A,H,-,A,D,0,,,,,Y,,A,01,0,0,2,0,0,0,0,0,0,"- ","- ",,,PLACER,ROSEVILLE,-121.30788421630859,38.798877716064453
9346584,2021,2021-11-03,3105,2021-09-18,1934,1160,,6,5,5,3105,0,0,0,,0,006,"BLUE OAKS BL","WOODCREEK OAKS BL",0.00,,Y,A,-,N,,,,,,,,,,Y,4,0,1,2,A,-,03,22350,,N,C,C,A,A,H,-,C,A,0,,,,,Y,,A,01,0,0,1,0,0,0,0,0,0,"- ","- ",38.794010162353516,-121.33062744140625,PLACER,ROSEVILLE,-121.32872772216797,38.795238494873047
9346586,2021,2021-11-03,3105,2021-09-20,1919,178,,1,5,5,3105,0,0,0,,0,005,"PLEASANT GROVE BL","ROSEVILLE PKWY",633.00,W,N,A,-,N,,,,,,,,,,Y,2,0,1,2,A,-,09,21801,A,N,D,C,A,A,H,-,B,A,0,,,Y,,Y,,A,01,1,0,0,0,0,0,0,0,1,"- ","- ",,,PLACER,ROSEVILLE,-121.28974151611328,38.776927947998047
9346588,2021,2021-11-03,3105,2021-09-27,1720,1086,,1,5,5,3105,0,0,0,,0,006,"BASELINE RD","FOOTHILLS BL",425.00,W,N,A,-,N,,,,,,,,,,N,4,0,1,2,A,-,09,21804,A,N,D,C,A,A,H,-,A,D,0,,,,,Y,,A,01,0,0,1,0,0,0,0,0,0,"- ","- ",,,PLACER,ROSEVILLE,-121.31088256835938,38.751850128173828
9346651,2021,2021-12-10,3105,2021-10-08,1012,1056,,5,5,5,3105,0,0,0,,0,006,"JUNCTION BL","COUNTRY CLUB DR",0.00,,Y,A,B,N,,,,,,,,,,Y,3,0,4,2,A,-,09,21801,A,N,D,C,A,A,H,-,A,A,0,,,,,Y,,A,07,0,2,2,0,0,0,0,0,0,"- ","- ",,,PLACER,ROSEVILLE,-121.32712554931641,38.756233215332031
9347317,2021,2021-10-25,3105,2021-08-12,1108,197,,4,5,5,3105,0,0,0,,0,003,"RIVERSIDE AV","DARLING WY",300.00,S,N,A,-,N,,,,,,,,,,Y,4,0,1,3,A,-,03,22350,,F,C,C,A,A,H,-,A,A,0,,,,,Y,Y,A,01,0,0,1,0,0,0,0,0,0,"- ","- ",38.734909057617188,-121.29006195068359,PLACER,ROSEVILLE,-121.29053497314453,38.735347747802734
9347415,2021,2021-10-28,3105,2021-09-26,1032,1107,,7,5,5,3105,0,0,0,,0,006,"WOODCREEK OAKS BL","PAINTED DESERT DR",580.00,N,N,A,-,N,,,,,,,,,,N,4,0,1,1,A,-,05,21651,A,N,E,I,A,A,H,-,A,D,0,,,Y,,Y,,C,02,0,0,1,0,0,0,0,0,1,"- ","- ",38.795478820800781,-121.32868957519531,PLACER,ROSEVILLE,-121.32871246337891,38.79388427734375
9347475,2021,2021-11-22,3105,2021-10-01,2213,1149,,5,5,5,3105,0,0,0,,0,006,"WASHINGTON BL","PLEASANT GROVE BL",0.00,,Y,A,-,N,,,,,,,,,,Y,4,0,2,2,-,-,"- ",,A,N,D,C,A,A,H,-,C,A,0,,,,,Y,,A,01,0,0,2,0,0,0,0,0,0,"- ","- ",38.773880004882812,-121.30377960205078,PLACER,ROSEVILLE,-121.30375671386719,38.773899078369141
9348341,2021,2021-11-10,3105,2021-10-09,0047,1134,,6,5,5,3105,0,0,0,,0,003,"DOUGLAS BL","ROYER ST",161.00,E,N,A,-,N,,,,,,,,,,Y,4,0,1,1,A,-,08,22107,,N,F,I,A,A,H,-,C,D,0,,,,,Y,Y,A,01,0,0,1,0,0,0,0,0,0,"- ","- ",38.744029998779297,-121.28618621826172,PLACER,ROSEVILLE,-121.28605651855469,38.743911743164062
9348350,2021,2021-11-05,3105,2021-09-17,0704,1056,,5,5,5,3105,0,0,0,,0,003,"ROSEVILLE RD","FIR AV",415.00,S,N,A,-,N,,,,,,,,,,Y,2,0,2,2,A,-,05,21650,,N,A,C,A,A,H,-,A,D,0,,,,,Y,,A,01,2,0,0,0,0,0,0,0,0,"- ","- ",,,PLACER,ROSEVILLE,-121.30813598632812,38.723564147949219
9348468,2021,2021-11-09,3105,2021-09-22,1848,1094,,3,5,5,3105,0,0,0,,0,004,"WASHINGTON BL","KASEBERG DR",0.00,,Y,A,-,N,,,,,,,,,,Y,2,0,1,1,A,-,01,23152,A,N,E,I,A,A,D,-,B,D,0,,,,,Y,Y,A,01,1,0,0,0,0,0,0,0,0,"- ","- ",38.765098571777344,-121.29910278320312,PLACER,ROSEVILLE,-121.29917144775391,38.765052795410156
9349062,2021,2021-12-14,3104,2021-10-03,0857,254,41,7,5,4,3104,0,0,0,,0,001,"BLACK WILLOW ST","NOLINA ST",36.00,N,N,A,-,N,,,,,,,,,,N,3,0,1,2,A,-,08,22107,,N,B,E,A,A,H,-,A,D,0,,,,,Y,,A,01,0,1,0,0,0,0,0,0,0,"- ","- ",38.801410675048828,-121.198486328125,PLACER,ROCKLIN,-121.1983642578125,38.801433563232422
9353260,2021,2021-11-06,3104,2021-10-08,0000,301,37,5,5,4,3104,0,0,0,,0,002,"STANFORD RANCH RD","FIVE STAR BL",0.00,,Y,A,-,N,,,,,,,,,,Y,3,0,1,2,A,-,12,21453,A,N,D,C,A,A,H,-,C,A,0,,,,,Y,,A,07,0,1,0,0,0,0,0,0,0,"- ","- ",38.781879425048828,-121.26564025878906,PLACER,ROCKLIN,-121.26572418212891,38.78179931640625
9353380,2021,2021-11-18,3104,2021-10-15,2332,301,25,5,5,4,3104,0,0,0,,0,003,"SUNSET DR","PARK DR",0.00,,Y,A,-,N,,,,,,,,,,Y,3,0,2,3,A,-,12,21453,A,N,D,C,A,A,H,-,C,A,0,,,,,Y,,A,07,0,2,0,0,0,0,0,0,0,"- ","- ",38.804740905761719,-121.27294158935547,PLACER,ROCKLIN,-117.12688446044922,33.195796966552734
9353382,2021,2021-11-15,3104,2021-10-01,2040,303,17,5,5,4,3104,0,0,0,,0,004,"SUNSET BL","PARK DR",0.00,,Y,A,-,N,,,,,,,,,,Y,3,0,3,2,A,-,12,21457,A,N,C,C,A,A,H,-,C,A,0,,,,,Y,,A,01,0,3,0,0,0,0,0,0,0,"- ","- ",38.804740905761719,-121.27294158935547,PLACER,ROCKLIN,-121.27294921875,38.804740905761719
9355906,2021,2021-11-19,3104,2021-10-16,0000,301,43,6,5,4,3104,0,0,0,,0,011,"ROCKLIN RD","RT 80",0.00,,Y,A,-,Y,PLA,3,80,-,-,5.946,R,4,E,Y,3,0,3,3,A,-,12,21453,A,N,D,C,A,A,H,-,A,A,0,,,,,Y,,A,01,0,3,0,0,0,0,0,0,0,"- ","- ",38.789619445800781,-121.22061920166016,PLACER,ROCKLIN,-121.22401428222656,38.787200927734375
9361874,2021,2021-11-17,3105,2021-10-25,1923,1141,,1,5,5,3105,0,0,0,,0,003,"CIRBY WY","VERNON ST",0.00,,Y,B,-,N,,,,,,,,,,Y,4,0,2,2,A,-,09,21453,C,N,D,C,A,A,H,-,C,A,0,,,,,Y,,A,01,0,0,2,0,0,0,0,0,0,"- ","- ",38.72930908203125,-121.29972839355469,PLACER,ROSEVILLE,-121.29971313476562,38.729286193847656
9361876,2021,2021-11-17,3105,2021-10-08,1739,1130,,5,5,5,3105,0,0,0,,0,002,"CRESTMONT AV","SHEFFIELD WY",0.00,N,N,A,-,N,,,,,,,,,,Y,3,0,1,1,A,-,03,22350,,N,F,A,A,A,H,-,A,D,0,,,Y,,Y,,C,02,0,1,0,0,0,0,0,0,1,"- ","- ",38.729560852050781,-121.25746917724609,PLACER,ROSEVILLE,-121.25709533691406,38.728675842285156
9361877,2021,2021-12-09,3105,2021-10-12,2500,1133,,2,5,5,3105,0,0,0,,0,002,"DOUGLAS BL","HARDING BL",737.00,E,N,A,-,N,,,,,,,,,,N,4,0,1,2,A,-,04,21703,,N,C,C,A,A,H,-,A,A,0,,,,,Y,,A,07,0,0,1,0,0,0,0,0,0,"- ","- ",38.735149383544922,-121.27140808105469,PLACER,ROSEVILLE,-121.27177429199219,38.744041442871094
9361878,2021,2021-11-17,3105,2021-10-29,1945,1123,,5,5,5,3105,0,0,0,,0,006,"JUNCTION BL","COUNTRY CLUB DR",0.00,,Y,A,-,N,,,,,,,,,,Y,3,0,2,2,A,-,08,22107,1,N,A,C,A,A,H,-,C,A,0,,,,,Y,,A,01,0,1,1,0,0,0,0,0,0,"- ","- ",,,PLACER,ROSEVILLE,-121.32712554931641,38.756233215332031
9362444,2021,2021-12-08,3105,2021-10-29,0732,1166,,5,5,5,3105,0,0,0,,0,003,"RIVERSIDE AV","CIRBY WY",224.00,S,N,A,-,N,,,,,,,,,,Y,2,0,1,3,A,-,03,22350,,N,C,C,A,A,H,-,A,A,0,,,,,Y,,D,22,1,0,0,0,0,0,0,0,0,"- ","- ",38.729339599609375,-121.29048156738281,PLACER,ROSEVILLE,-121.29045104980469,38.728733062744141
9365376,2021,2021-12-09,3105,2021-10-22,1642,1123,,5,5,5,3105,0,0,0,,0,004,"MAIN ST","BERKELEY AV",0.00,,Y,A,-,N,,,,,,,,,,N,4,0,1,3,A,-,07,21658,A,N,B,B,F,A,H,-,A,A,0,Y,,,,Y,,A,01,0,0,1,0,1,0,0,0,0,"- ","- ",,,PLACER,ROSEVILLE,-121.28900909423828,38.751937866210938
9366098,2021,2021-12-08,3105,2021-10-26,2500,1170,,2,5,5,3105,0,0,0,,0,002,"CIRBY WY","VISTA CREEK DR",0.00,,Y,A,-,N,,,,,,,,,,,4,0,1,2,A,-,09,21801,A,N,D,C,A,-,H,-,A,D,0,,,,,Y,,D,22,0,0,1,0,0,0,0,0,0,"- ","- ",38.729549407958984,-121.26450347900391,PLACER,ROSEVILLE,-121.26448059082031,38.729557037353516
9366102,2021,2021-12-06,3105,2021-10-20,1537,1127,,3,5,5,3105,0,0,0,,0,004,"WASHINGTON BL","SAWTELL RD",47.00,N,N,B,-,N,,,,,,,,,,N,4,0,2,3,A,-,03,22350,,N,C,C,A,A,H,-,A,A,0,,,,,Y,,D,22,0,0,2,0,0,0,0,0,0,"- ","- ",38.762931823730469,-121.29615783691406,PLACER,ROSEVILLE,-121.29631042480469,38.762985229492188
9366460,2021,2021-11-19,3105,2021-10-19,1505,3034,,2,5,5,3105,0,0,0,,0,006,"INDUSTRIAL AV","GALILEE RD",2280.00,N,N,A,-,N,,,,,,,,,,N,4,0,2,2,A,-,03,22350,,N,C,C,A,A,H,-,A,A,0,,,,,Y,,A,01,0,0,2,0,0,0,0,0,0,"- ","- ",38.777149200439453,-121.30380249023438,PLACER,ROSEVILLE,-121.30786895751953,38.784683227539062
9366539,2021,2021-11-30,3105,2021-10-22,1232,1121,,5,5,5,3105,0,0,0,,0,003,"CIRBY WY","CIRBY HILLS DR",292.00,W,N,B,-,N,,,,,,,,,,N,4,0,2,2,A,-,08,22107,,N,D,C,A,A,H,-,A,A,0,,,,,Y,,A,07,0,0,2,0,0,0,0,0,0,"- ","- ",38.729358673095703,-121.28768920898438,PLACER,ROSEVILLE,-121.28868103027344,38.729358673095703
9367645,2021,2021-12-22,3105,2021-11-01,1151,1102,,1,5,5,3105,0,0,0,,0,006,"WOODCREEK OAKS BL","BLUE OAKS BL",331.00,S,N,C,-,N,,,,,,,,,,Y,3,0,2,2,A,-,09,21804,A,N,D,C,A,B,H,-,A,D,0,,,,,Y,,A,08,0,1,1,0,0,0,0,0,0,"- ","- ",38.794010162353516,-121.33062744140625,PLACER,ROSEVILLE,-121.32871246337891,38.794330596923828
9367952,2021,2021-12-07,3105,2021-10-23,1425,1148,,6,5,5,3105,0,0,0,,0,003,"ATLANTIC ST","ALMOND ST",30.00,E,N,C,-,N,,,,,,,,,,Y,4,0,4,3,A,-,03,22350,,N,D,C,A,B,H,-,A,D,0,,,,,Y,,A,01,0,0,4,0,0,0,0,0,0,"- ","- ",38.752029418945312,-121.28112030029297,PLACER,ROSEVILLE,-121.28105926513672,38.752437591552734
9369491,2021,2022-01-12,3105,2021-10-25,1253,1109,,1,5,5,3105,0,0,0,,0,006,"ROSEVILLE PW","WASHINGTON BL",0.00,,Y,A,-,N,,,,,,,,,,Y,4,0,1,2,A,-,09,21453,C,N,D,C,A,B,H,-,A,A,0,,,,,Y,,A,07,0,0,1,0,0,0,0,0,0,"- ","- ",38.787349700927734,-121.30065155029297,PLACER,ROSEVILLE,-121.30066680908203,38.787334442138672
9369776,2021,2021-12-23,3104,2021-11-20,0000,301,10B,6,5,4,3104,0,0,0,,0,004,"SUNSET BL","PEBBLE CREEK DR",0.00,,Y,A,-,N,,,,,,,,,,Y,3,0,2,2,A,-,12,21453,A,N,D,C,A,A,H,-,C,A,0,,,,,Y,,A,07,0,2,0,0,0,0,0,0,0,"- ","- ",38.798110961914062,-121.26701354980469,PLACER,ROCKLIN,-121.26717376708984,38.797992706298828
9369778,2021,2021-12-24,3104,2021-11-24,1609,319,37,3,5,4,3104,0,0,0,,0,002,"SUNSET BL","SPRINGVIEW DR",0.00,,Y,A,-,N,,,,,,,,,,Y,3,0,2,2,A,-,12,21453,A,N,D,C,A,A,H,-,A,A,0,,,,,Y,,A,01,0,2,0,0,0,0,0,0,0,"- ","- ",38.784690856933594,-121.24796295166016,PLACER,ROCKLIN,-121.24796295166016,38.784664154052734
9369779,2021,2022-01-05,3104,2021-11-14,0001,301,25,7,5,4,3104,0,0,0,,0,003,"SUNSET BL","PARK DR",0.00,,Y,E,-,N,,,,,,,,,,Y,3,0,1,3,A,-,12,21453,A,N,D,C,A,D,G,-,C,A,0,,,,,Y,,A,01,0,1,0,0,0,0,0,0,0,"- ","- ",38.804740905761719,-121.27294158935547,PLACER,ROCKLIN,-121.27294921875,38.804740905761719
9369825,2021,2022-01-06,3104,2021-12-01,1548,283,11,3,5,4,3104,0,0,0,,0,004,"LONETREE BL","ADAMS DR",280.00,S,N,A,-,N,,,,,,,,,,N,4,0,1,3,A,-,03,22350,,N,C,C,A,A,H,-,A,A,0,,,,,Y,,A,08,0,0,1,0,0,0,0,0,0,"- ","- ",38.802021026611328,-121.29360198974609,PLACER,ROCKLIN,-121.29361724853516,38.802143096923828
9369866,2021,2022-02-23,3105,2021-11-08,2009,1160,,1,5,5,3105,0,0,0,,0,006,"PLEASANT GROVE BL","FOOTHILLS BL",0.00,,Y,C,-,N,,,,,,,,,,Y,4,0,3,2,A,-,"- ",,,N,D,C,A,B,H,-,C,A,0,,,,,Y,,-,"- ",0,0,3,0,0,0,0,0,0,"- ","- ",38.772609710693359,-121.31285858154297,PLACER,ROSEVILLE,-121.31288146972656,38.772449493408203
9369869,2021,2021-12-28,3105,2021-11-01,1149,1107,,1,5,5,3105,0,0,0,,0,007,"BOB DOYLE DR","WESTPARK DR",0.00,,Y,C,-,N,,,,,,,,,,N,3,0,1,2,A,-,05,21650,1,N,A,G,A,B,H,-,A,D,0,,Y,,,Y,,L,04,0,1,0,0,0,0,1,0,0,"- ","- ",38.78076171875,-121.37077331542969,PLACER,ROSEVILLE,-121.37080383300781,38.780746459960938
9370416,2021,2022-01-04,3105,2021-11-07,2210,1138,,7,5,5,3105,0,0,0,,0,007,"VILLAGE GREEN DR","MAYHILL DR",0.00,,Y,A,-,N,,,,,,,,,,Y,4,0,1,2,A,-,03,22350,,M,C,C,A,A,H,-,C,D,0,,,,,Y,,A,01,0,0,1,0,0,0,0,0,0,"- ","- ",38.774028778076172,-121.36778259277344,PLACER,ROSEVILLE,-121.36756896972656,38.773654937744141
9370459,2021,2022-01-10,3105,2021-12-03,1642,1128,,5,5,5,3105,0,0,0,,0,002,"SUNRISE AV","COLOMA WY",537.00,S,N,E,-,N,,,,,,,,,,N,4,0,1,2,A,-,04,21703,,N,C,C,A,A,H,-,B,D,0,,,,,Y,,D,22,0,0,1,0,0,0,0,0,0,"- ","- ",,,PLACER,ROSEVILLE,-121.27201843261719,38.735294342041016
9370475,2021,2021-12-31,3105,2021-11-17,1620,1171,1,3,5,5,3105,0,0,0,,0,001,"GALLERIA BL","FIVE STAR BL",1114.00,S,N,A,-,N,,,,,,,,,,N,3,0,1,2,A,-,03,22350,1,N,C,-,A,A,H,-,B,D,0,,,,,Y,,A,07,0,1,0,0,0,0,0,0,0,"- ","- ",38.778621673583984,-121.26580047607422,PLACER,ROSEVILLE,,
9370647,2021,2021-12-29,3105,2021-11-04,0636,165,,4,5,5,3105,0,0,0,,0,006,"BLUE OAKS BL","DIAMOND CREEK BL",46.00,W,N,B,C,N,,,,,,,,,,N,3,0,1,2,A,-,10,21950,A,F,G,B,B,B,H,-,C,A,0,Y,,,,Y,,A,01,0,1,0,0,1,0,0,0,0,"- ","- ",38.794681549072266,-121.33522796630859,PLACER,ROSEVILLE,-121.33414459228516,38.795478820800781
9370648,2021,2021-12-29,3105,2021-11-14,2500,1133,,7,5,5,3105,0,0,0,,0,002,"S CIRBY WY","NIGHTHAWK CIR",153.00,W,N,E,-,N,,,,,,,,,,Y,4,0,1,2,A,-,07,21658,A,F,B,C,A,A,H,-,C,D,0,,,,,Y,Y,A,08,0,0,1,0,0,0,0,0,0,"- ","- ",38.727901458740234,-121.25209808349609,PLACER,ROSEVILLE,-121.25254058837891,38.728126525878906
9370650,2021,2021-12-29,3105,2021-11-21,1141,585,,7,5,5,3105,0,0,0,,0,007,"FIDDYMENT RD","PLEASANT GROVE BL",0.00,,Y,A,-,N,,,,,,,,,,N,4,0,1,2,A,-,03,22350,,N,C,C,A,A,H,-,A,A,0,,,,,Y,,A,01,0,0,1,0,0,0,0,0,0,"- ","- ",38.766159057617188,-121.35871124267578,PLACER,ROSEVILLE,-121.35873413085938,38.766292572021484
9370651,2021,2021-12-29,3105,2021-11-29,1800,1160,,1,5,5,3105,0,0,0,,0,003,"VERNON ST","2ND ST",100.00,N,N,A,-,N,,,,,,,,,,N,2,0,1,2,A,-,11,21954,A,N,D,B,D,A,H,-,C,D,0,Y,,,,Y,,N,60,1,0,0,0,1,0,0,0,0,"- ","- ",38.743888854980469,-121.29062652587891,PLACER,ROSEVILLE,-121.29209136962891,38.742786407470703