CASE_ID,ACCIDENT_YEAR,PROC_DATE,JURIS,COLLISION_DATE,COLLISION_TIME,OFFICER_ID,REPORTING_DISTRICT,DAY_OF_WEEK,CHP_SHIFT,POPULATION,CNTY_CITY_LOC,SPECIAL_COND,BEAT_TYPE,CHP_BEAT_TYPE,CITY_DIVISION_LAPD,CHP_BEAT_CLASS,BEAT_NUMBER,PRIMARY_RD,SECONDARY_RD,DISTANCE,DIRECTION,INTERSECTION,WEATHER_1,WEATHER_2,STATE_HWY_IND,CALTRANS_COUNTY,CALTRANS_DISTRICT,STATE_ROUTE,ROUTE_SUFFIX,POSTMILE_PREFIX,POSTMILE,LOCATION_TYPE,RAMP_INTERSECTION,SIDE_OF_HWY,TOW_AWAY,COLLISION_SEVERITY,NUMBER_KILLED,NUMBER_INJURED,PARTY_COUNT,PRIMARY_COLL_FACTOR,PCF_CODE_OF_VIOL,PCF_VIOL_CATEGORY,PCF_VIOLATION,PCF_VIOL_SUBSECTION,HIT_AND_RUN,TYPE_OF_COLLISION,MVIW,PED_ACTION,ROAD_SURFACE,ROAD_COND_1,ROAD_COND_2,LIGHTING,CONTROL_DEVICE,CHP_ROAD_TYPE,PEDESTRIAN_ACCIDENT,BICYCLE_ACCIDENT,MOTORCYCLE_ACCIDENT,TRUCK_ACCIDENT,NOT_PRIVATE_PROPERTY,ALCOHOL_INVOLVED,STWD_VEHTYPE_AT_FAULT,CHP_VEHTYPE_AT_FAULT,COUNT_SEVERE_INJ,COUNT_VISIBLE_INJ,COUNT_COMPLAINT_PAIN,COUNT_PED_KILLED,COUNT_PED_INJURED,COUNT_BICYCLIST_KILLED,COUNT_BICYCLIST_INJURED,COUNT_MC_KILLED,COUNT_MC_INJURED,PRIMARY_RAMP,SECONDARY_RAMP,LATITUDE,LONGITUDE,COUNTY,CITY,POINT_X,POINT_Y
9370925,2021,2022-01-11,3105,2021-12-03,1020,1072,,5,5,5,3105,0,0,0,,0,002,"SIERRA COLLEGE BL","EAST ROSEVILLE PKWY",0.00,,Y,A,-,N,,,,,,,,,,,3,0,2,2,A,-,12,21453,A,N,D,C,A,A,H,-,A,A,0,,,,,Y,,A,01,0,2,0,0,0,0,0,0,0,"- ","- ",38.73114013671875,-121.22611999511719,PLACER,ROSEVILLE,-121.22586059570312,38.730976104736328
9372600,2021,2022-01-28,3104,2021-11-16,1332,298,38,2,5,4,3104,0,0,0,,0,003,"SUNSET BL","FAIRWAY DR",490.00,E,N,A,-,N,,,,,,,,,,Y,3,0,2,2,A,-,03,22350,,N,C,C,A,A,H,-,A,D,0,,,,,Y,,A,01,0,2,0,0,0,0,0,0,0,"- ","- ",38.792709350585938,-121.2613525390625,PLACER,ROCKLIN,-121.26020812988281,38.791709899902344
9372606,2021,2021-12-13,3104,2021-10-22,2359,301,42,5,5,4,3104,0,0,0,,0,001,"SIERRA COLLEGE BL","GRANITE DR",0.00,,Y,C,-,N,,,,,,,,,,Y,3,0,1,3,A,-,09,21453,C,N,D,C,A,B,H,-,A,A,0,,,,,Y,,D,22,0,1,0,0,0,0,0,0,0,"- ","- ",38.806549072265625,-121.20555114746094,PLACER,ROCKLIN,-121.20549011230469,38.806560516357422
9372607,2021,2021-12-13,3104,2021-10-30,1105,319,5,6,5,4,3104,0,0,0,,0,004,"WILDCAT BL","W RANCH VIEW DR",0.00,,Y,A,-,N,,,,,,,,,,Y,3,0,2,2,A,-,12,21453,A,N,D,C,A,A,H,-,A,A,0,,,,,Y,,A,01,0,1,1,0,0,0,0,0,0,"- ","- ",38.837459564208984,-121.29054260253906,PLACER,ROCKLIN,-121.29070281982422,38.837440490722656
9372745,2021,2021-12-21,3104,2021-11-20,0947,2304,33,6,5,4,3104,0,0,0,,0,002,"MIDAS AV","OAK CREEK DR",36.00,E,N,A,-,N,,,,,,,,,,N,4,0,1,2,A,-,03,22350,,N,C,C,A,A,H,-,A,D,0,,,,,Y,,A,81,0,0,1,0,0,0,0,0,0,"- ","- ",38.797901153564453,-121.23758697509766,PLACER,ROCKLIN,-121.23748779296875,38.797801971435547
9372747,2021,2021-12-21,3104,2021-11-07,0000,301,14,7,5,4,3104,0,0,0,,0,004,"WEST STANFORD RANCH RD","WILDCAT BL",27.00,W,N,A,-,N,,,,,,,,,,Y,3,0,2,2,A,-,03,22350,,N,C,C,A,A,H,-,A,A,0,,,,,Y,,A,01,0,2,0,0,0,0,0,0,0,"- ","- ",38.818508148193359,-121.28082275390625,PLACER,ROCKLIN,-121.28101348876953,38.818470001220703
9372748,2021,2021-12-21,3104,2021-11-13,1043,317,25,6,5,4,3104,0,0,0,,0,003,"STANFORD RANCH RD","CREST DR",5.00,N,N,A,-,N,,,,,,,,,,N,3,0,1,2,A,-,09,21802,A,N,H,G,A,A,H,-,A,A,0,,Y,,,Y,,A,01,0,1,0,0,0,0,1,0,0,"- ","- ",38.807319641113281,-121.25599670410156,PLACER,ROCKLIN,-121.25598907470703,38.807342529296875
9373489,2021,2021-12-15,3105,2021-10-29,1327,1121,,5,5,5,3105,0,0,0,,0,003,"S EUREKA RD","E PROFFESIONAL DR E",0.00,,Y,A,-,N,,,,,,,,,,N,4,0,1,2,A,-,09,21804,A,N,D,C,A,A,H,-,A,A,0,,,,,Y,,A,01,0,0,1,0,0,0,0,0,0,"- ","- ",38.742710113525391,-121.24681854248047,PLACER,ROSEVILLE,-121.24683380126953,38.742679595947266
9373761,2021,2021-12-14,3105,2021-10-29,1032,188,,5,5,5,3105,0,0,0,,0,006,"WOODCREEK OAKS BL","HORNCASTLE AV",0.00,,Y,A,-,N,,,,,,,,,,Y,3,0,2,2,A,-,08,22100,B,N,D,C,A,A,H,-,-,A,0,,,,,Y,,A,01,0,1,1,0,0,0,0,0,0,"- ","- ",38.784439086914062,-121.33322143554688,PLACER,ROSEVILLE,-121.33324432373047,38.784439086914062
9373877,2021,2022-01-12,3105,2021-11-02,0849,1070,,2,5,5,3105,0,0,0,,0,004,"JUNCTION BL","SAWTELL RD",0.00,,Y,B,-,N,,,,,,,,,,Y,3,0,3,2,A,-,09,21801,A,N,D,C,A,-,-,-,A,A,0,,,,,Y,,A,01,0,1,2,0,0,0,0,0,0,"- ","- ",38.759170532226562,-121.30290222167969,PLACER,ROSEVILLE,-121.30297088623047,38.759193420410156
9374016,2021,2021-12-13,3105,2021-10-27,2137,1149,,3,5,5,3105,0,0,0,,0,006,"GOLDE COAST DR","PLEASANT GROVE BL",0.00,,Y,A,-,N,,,,,,,,,,Y,4,0,1,2,A,-,09,21453,C,N,D,C,A,A,H,-,C,A,0,,,,,Y,,A,01,0,0,1,0,0,0,0,0,0,"- ","- ",38.775558471679688,-121.29360961914062,PLACER,ROSEVILLE,-121.29358673095703,38.775547027587891
9374018,2021,2021-12-13,3105,2021-10-24,1548,1117,,7,5,5,3105,0,0,0,,0,006,"PLEASANT GROVE BL","WASHINGTON BL",785.00,W,N,C,-,N,,,,,,,,,,Y,4,0,1,3,A,-,03,22350,,N,C,C,A,B,H,-,A,D,0,,,,,Y,,A,01,0,0,1,0,0,0,0,0,0,"- ","- ",38.773880004882812,-121.30377960205078,PLACER,ROSEVILLE,-121.30638122558594,38.773262023925781
9379265,2021,2022-01-06,3105,2021-11-06,2005,1115,,6,5,5,3105,0,0,0,,0,002,"DOUGLAS BL","EUREKA RD",675.00,W,N,A,-,N,,,,,,,,,,Y,4,0,2,2,A,-,08,22107,,N,D,C,A,A,H,-,C,D,0,,,,,Y,,A,07,0,0,2,0,0,0,0,0,0,"- ","- ",38.746810913085938,-121.25051879882812,PLACER,ROSEVILLE,-121.24946594238281,38.744190216064453
9379344,2021,2022-01-18,3105,2021-12-21,1443,1115,,2,5,5,3105,0,0,0,,0,001,"TAYLOR RD","EUREKA RD",407.00,N,N,A,-,N,,,,,,,,,,N,4,0,1,2,A,-,03,22350,,N,C,C,A,A,H,-,A,A,0,,,,,Y,,A,08,0,0,1,0,0,0,0,0,0,"- ","- ",38.757469177246094,-121.2596435546875,PLACER,ROSEVILLE,-121.25882720947266,38.758346557617188
9380621,2021,2022-01-25,3105,2021-12-23,1800,1170,,4,5,5,3105,0,0,0,,0,002,"DOUGLAS BL","DOUGLAS BL  1850",0.00,,Y,C,-,N,,,,,,,,,,N,4,0,1,2,A,-,11,21456,B,N,D,B,B,B,A,H,C,A,0,Y,,,,Y,,N,60,0,0,1,0,1,0,0,0,0,"- ","- ",38.743049621582031,-121.25612640380859,PLACER,ROSEVILLE,,
9380626,2021,2022-01-25,3105,2021-12-11,1950,1148,,6,5,5,3105,0,0,0,,0,002,"ROCKY RIDGE DR","EUREKA RD",325.00,S,N,A,-,N,,,,,,,,,,N,4,0,1,2,A,-,01,23152,A,N,B,C,A,B,H,-,C,D,0,,,,,Y,Y,A,01,0,0,1,0,0,0,0,0,0,"- ","- ",38.7510986328125,-121.25138092041016,PLACER,ROSEVILLE,-121.25215911865234,38.751056671142578
9380888,2021,2022-01-25,3105,2021-12-17,1443,1072,,5,5,5,3105,0,0,0,,0,006,"BASELINE RD","CAROLYN CT",0.00,,Y,A,-,N,,,,,,,,,,Y,4,0,1,2,A,-,03,22350,,N,C,C,A,A,H,-,A,D,0,,,,,Y,,D,22,0,0,1,0,0,0,0,0,0,"- ","- ",38.751850128173828,-121.33702087402344,PLACER,ROSEVILLE,-121.33934020996094,38.751857757568359
9383339,2021,2022-01-06,3105,2021-12-07,1617,1127,,2,5,5,3105,0,0,0,,0,004,"VINEYARD RD","FOOTHILLS BL",0.00,,Y,B,-,N,,,,,,,,,,Y,4,0,1,2,A,-,03,22350,,N,D,C,A,A,H,-,A,A,0,,,,,Y,,A,01,0,0,1,0,0,0,0,0,0,"- ","- ",38.743808746337891,-121.30918121337891,PLACER,ROSEVILLE,-121.30919647216797,38.743793487548828
9384035,2021,2021-12-29,3105,2021-10-11,0905,197,,1,5,5,3105,0,0,0,,0,006,"RIVER OAK WY","MISTY WOOD DR",0.00,,Y,A,G,N,,,,,,,,,,Y,4,0,1,2,A,-,08,22107,,N,A,C,A,A,H,-,A,A,0,,,,,Y,,A,01,0,0,1,0,0,0,0,0,0,"- ","- ",38.775440216064453,-121.31923675537109,PLACER,ROSEVILLE,-121.31919860839844,38.775428771972656
9385223,2021,2022-01-12,3104,2021-12-28,0239,305,25,2,5,4,3104,0,0,0,,0,003,"STANFORD RANCH RD","COBBLESTONE DR",356.00,N,N,A,-,N,,,,,,,,,,Y,3,0,1,1,A,-,01,23152,A,N,E,I,A,A,H,-,C,D,0,,,,,Y,Y,A,01,0,1,0,0,0,0,0,0,0,"- ","- ",38.803581237792969,-121.26046752929688,PLACER,ROCKLIN,-121.26027679443359,38.804542541503906
9385227,2021,2022-01-12,3104,2021-12-19,1340,283,10,7,5,4,3104,0,0,0,,0,004,"PARK DR","ARNOLD DR",0.00,,Y,B,-,N,,,,,,,,,,Y,3,0,2,3,A,-,09,21801,A,N,D,C,A,A,H,-,A,D,0,,,,,Y,,A,01,0,1,1,0,0,0,0,0,0,"- ","- ",38.802188873291016,-121.27603149414062,PLACER,ROCKLIN,-121.27625274658203,38.802257537841797
9385229,2021,2022-01-12,3104,2021-12-13,1419,283,10,1,5,4,3104,0,0,0,,0,004,"SUNSET BL","BLUE OAKS BL",518.00,E,N,C,-,N,,,,,,,,,,Y,3,0,2,2,A,-,04,21703,,N,C,C,A,B,H,-,A,A,0,,,,,Y,,A,01,0,1,1,0,0,0,0,0,0,"- ","- ",38.808509826660156,-121.27993011474609,PLACER,ROCKLIN,-121.27828216552734,38.807910919189453
9385444,2021,2022-01-10,3105,2021-09-11,1126,1109,,6,5,5,3105,0,0,0,,0,005,"PLEASANT GROVE BL","FAIRWAY DR",0.00,,Y,A,-,N,,,,,,,,,,Y,3,0,3,2,A,-,09,21801,A,N,A,C,A,A,H,-,A,A,0,,,,,Y,,D,22,0,1,2,0,0,0,0,0,0,"- ","- ",38.789520263671875,-121.28179168701172,PLACER,ROSEVILLE,-121.28182220458984,38.789531707763672
9385515,2021,2022-01-12,3105,2021-12-12,1230,1148,,7,5,5,3105,0,0,0,,0,003,"ORLANDO AV","SOMER RIDGE DR",172.00,E,N,C,-,N,,,,,,,,,,Y,4,0,4,2,A,-,09,21804,A,N,D,C,A,B,H,-,A,D,0,,,,Y,Y,Y,F,26,0,0,4,0,0,0,0,0,0,"- ","- ",38.728401184082031,-121.28401184082031,PLACER,ROSEVILLE,-121.28342437744141,38.728519439697266
9385566,2021,2022-01-19,3104,2021-11-23,1518,300,11,2,5,4,3104,0,0,0,,0,004,"BLUE OAKS BL",TAFT,0.00,,Y,A,-,N,,,,,,,,,,N,3,0,2,2,A,-,04,21703,,N,C,C,A,A,H,-,A,D,0,,,,,Y,,A,01,0,2,0,0,0,0,0,0,0,"- ","- ",38.800388336181641,-121.28455352783203,PLACER,ROCKLIN,-121.28471374511719,38.800430297851562
9385841,2021,2022-01-11,3105,2021-12-07,1646,1127,,2,5,5,3105,0,0,0,,0,004,"FOOTHILLS BL","VINEYARD RD",13.00,S,N,B,-,N,,,,,,,,,,N,4,0,1,2,A,-,03,22350,,N,C,C,A,-,H,-,B,A,0,,,,,Y,,D,22,0,0,1,0,0,0,0,0,0,"- ","- ",38.743808746337891,-121.30918121337891,PLACER,ROSEVILLE,-121.30919647216797,38.743755340576172
9386085,2021,2022-01-04,3105,2021-11-21,1440,1164,,7,5,5,3105,0,0,0,,0,004,"ATKINSON ST","CHURCH ST",0.00,,Y,A,-,N,,,,,,,,,,,4,0,1,2,A,-,10,21950,A,F,G,B,B,A,H,-,A,A,0,Y,,,,Y,,A,07,0,0,1,0,1,0,0,0,0,"- ","- ",38.744010925292969,-121.29971313476562,PLACER,ROSEVILLE,-121.29972839355469,38.743999481201172
9386087,2021,2022-01-04,3105,2021-11-20,1347,579,,6,5,5,3105,0,0,0,,0,002,"NORTH SUNRISE AV","EUREKA RD",0.00,,Y,A,-,N,,,,,,,,,,N,4,0,1,2,A,-,12,21453,A,N,D,C,A,A,H,-,A,A,0,,,,,Y,,A,08,0,0,1,0,0,0,0,0,0,"- ","- ",,,PLACER,ROSEVILLE,-121.255126953125,38.755584716796875
9386088,2021,2022-01-04,3105,2021-11-22,1551,1160,,1,5,5,3105,0,0,0,,0,006,"BLUE OAKS BL","FOOTHILLS BL",40.00,E,N,A,-,N,,,,,,,,,,Y,4,0,1,2,A,-,03,22350,,N,C,C,A,A,H,-,C,A,0,,,,,Y,,A,01,0,0,1,0,0,0,0,0,0,"- ","- ",38.795520782470703,-121.31385803222656,PLACER,ROSEVILLE,-121.31369018554688,38.795520782470703
9386691,2021,2022-01-13,3105,2021-12-09,1116,1072,,4,5,5,3105,0,0,0,,0,001,"E ROSEVILLE WY","TAYLOR RD",0.00,,Y,B,-,N,,,,,,,,,,N,4,0,1,2,A,-,03,22350,,N,C,C,A,A,H,-,A,A,0,,,,,Y,,A,01,0,0,1,0,0,0,0,0,0,"- ","- ",38.761009216308594,-121.25586700439453,PLACER,ROSEVILLE,-121.25586700439453,38.762008666992188
9386693,2021,2022-01-13,3105,2021-12-02,1520,1114,,4,5,5,3105,0,0,0,,0,001,"ROSEVILLE PKWY","RESERVE DR",400.00,E,N,A,-,N,,,,,,,,,,Y,4,0,4,3,A,-,03,22350,,N,C,C,A,A,H,-,A,A,0,,,,,Y,,A,07,0,0,4,0,0,0,0,0,0,"- ","- ",38.769969940185547,-121.26941680908203,PLACER,ROSEVILLE,-121.26821899414062,38.769428253173828
9388661,2021,2022-01-14,3105,2021-12-28,0711,1109,,2,5,5,3105,0,0,0,,0,006,"ROSEVILLE PW","FOOTHILLS BL",0.00,,Y,A,-,N,,,,,,,,,,Y,4,0,2,2,A,-,12,21453,A,N,D,C,A,A,H,-,A,A,0,,,,,Y,,A,01,0,0,2,0,0,0,0,0,0,"- ","- ",38.788261413574219,-121.31376647949219,PLACER,ROSEVILLE,-121.31379699707031,38.788120269775391
9388663,2021,2022-06-03,3105,2021-12-19,1230,1164,,7,5,5,3105,0,0,0,,0,004,"FOOTHILLS BL","ENTERPRISE WY",332.00,S,N,A,-,N,,,,,,,,,,Y,3,0,1,1,A,-,16,27465,B,N,E,I,A,A,H,-,A,A,0,,,,,Y,,A,01,0,1,0,0,0,0,0,0,0,"- ","- ",38.740909576416016,-121.30870819091797,PLACER,ROSEVILLE,-121.30840301513672,38.740253448486328
9389020,2021,2022-02-04,3105,2021-12-28,1029,184,,2,5,5,3105,0,0,0,,0,003,"LINCOLN ST","GROVE ST",0.00,,Y,B,-,N,,,,,,,,,,Y,4,0,3,2,A,-,12,22450,A,N,A,C,A,B,H,-,A,D,0,,,,,Y,,A,01,0,0,3,0,0,0,0,0,0,"- ","- ",38.752948760986328,-121.28526306152344,PLACER,ROSEVILLE,-121.28527069091797,38.752937316894531
9389222,2021,2022-01-28,3101,2021-12-30,1159,A711,AU06,4,5,3,3101,0,0,0,,0,0A2,"MAIDU DR","AUBURN FOLSOM RD",0.00,,Y,B,-,N,,,,,,,,,,Y,3,0,1,1,A,-,03,22350,,N,E,I,A,A,H,-,A,A,0,,,,,Y,,D,72,0,1,0,0,0,0,0,0,0,"- ","- ",38.873760223388672,-121.08537292480469,PLACER,AUBURN,-121.08106994628906,38.876373291015625
9389643,2021,2022-02-01,3105,2021-12-21,1016,1099,,2,5,5,3105,0,0,0,,0,002,"PROFESSIONAL DR","PROFESSIONAL DR 2130",0.00,,Y,A,B,N,,,,,,,,,,Y,4,0,1,2,A,-,09,21804,A,N,D,C,A,A,H,-,A,A,0,,,,,Y,,A,01,0,0,1,0,0,0,0,0,0,"- ","- ",,,PLACER,ROSEVILLE,,
9389655,2021,2022-01-13,3105,2021-12-16,0918,1099,,4,5,5,3105,0,0,0,,0,004,"WASHINGTON BL","JUNCTION BL",65.00,S,N,B,C,N,,,,,,,,,,Y,4,0,1,2,A,-,02,22400,A,N,C,C,A,B,H,-,A,A,0,,,,,Y,,A,01,0,0,1,0,0,0,0,0,0,"- ","- ",,,PLACER,ROSEVILLE,-121.29399871826172,38.761310577392578
9389657,2021,2022-02-07,3103,2021-12-29,2140,TBROW,L5,3,5,2,3103,0,0,0,,0,0L3,"LINCOLN BL","7TH ST",0.00,,-,A,-,N,,,,,,,,,,Y,2,0,1,1,A,-,08,22107,,N,F,A,A,A,H,-,D,D,0,,,,,Y,,A,07,1,0,0,0,0,0,0,0,0,"- ","- ",38.894458770751953,-121.29408264160156,PLACER,LINCOLN,-121.29298400878906,38.894435882568359
9389964,2021,2022-02-04,3105,2021-10-30,0420,1149,,6,5,5,3105,0,0,0,,0,003,"CONROY LN","SUNRISE AV",434.00,W,N,A,-,N,,,,,,,,,,Y,3,0,1,5,A,-,01,23152,B,N,F,E,A,A,H,-,C,D,0,,,,,Y,Y,A,01,0,1,0,0,0,0,0,0,0,"- ","- ",38.737369537353516,-121.27371978759766,PLACER,ROSEVILLE,-121.27354431152344,38.737930297851562
9390086,2021,2022-01-14,3105,2021-11-08,0733,165,,1,5,5,3105,0,0,0,,0,007,"HAYDEN PKWY","PANTHER PL",12.00,S,N,A,-,N,,,,,,,,,,N,3,0,1,2,A,-,10,21950,A,N,G,B,B,A,H,-,A,A,0,Y,,,,Y,,D,22,0,1,0,0,1,0,0,0,0,"- ","- ",38.782840728759766,-121.37641906738281,PLACER,ROSEVILLE,,
9395402,2021,2022-01-27,3105,2021-10-30,2500,1133,,6,5,5,3105,0,0,0,,0,003,"CIRBY WY","ORLANDO AV",16.00,W,N,A,-,N,,,,,,,,,,Y,4,0,1,2,A,-,12,21453,A,N,D,C,A,A,H,-,C,A,0,,,,,Y,,A,01,0,0,1,0,0,0,0,0,0,"- ","- ",38.729438781738281,-121.282470703125,PLACER,ROSEVILLE,-121.28252410888672,38.729457855224609
9395403,2021,2022-01-27,3105,2021-10-27,1501,1114,,3,5,5,3105,0,0,0,,0,002,"DOUGLAS BL","SIERRA GARDENS DR",10.00,E,N,A,-,N,,,,,,,,,,N,4,0,1,2,A,-,03,22350,,N,C,C,A,A,H,-,A,A,0,,,,,Y,,A,07,0,0,1,0,0,0,0,0,0,"- ","- ",38.74420166015625,-121.25921630859375,PLACER,ROSEVILLE,-121.25918579101562,38.7442626953125
9395404,2021,2022-01-27,3105,2021-10-29,1700,1118,,5,5,5,3105,0,0,0,,0,006,"DIAMOND WOODS CIR","WOODCREEK OAKS BL",0.00,,Y,A,-,N,,,,,,,,,,N,4,0,1,1,A,-,03,22350,,N,E,I,A,A,H,-,A,D,0,,,Y,,Y,,C,02,0,0,1,0,0,0,0,0,1,"- ","- ",38.805801391601562,-121.33054351806641,PLACER,ROSEVILLE,-121.33051300048828,38.8057861328125
9400419,2021,2022-02-07,3105,2021-12-30,1555,1171,,4,5,5,3105,0,0,0,,0,003,"HARDING BL",DOUGLAS,373.00,N,N,B,-,N,,,,,,,,,,N,4,0,1,2,A,-,03,22350,,N,C,C,A,A,H,-,A,A,0,,,,,Y,,A,01,0,0,1,0,0,0,0,0,0,"- ","- ",38.746891021728516,-121.27182769775391,PLACER,ROSEVILLE,-121.27434539794922,38.745044708251953
9400420,2021,2022-02-07,3105,2021-12-27,1256,1168,,1,5,5,3105,0,0,0,,0,005,"ROSEVILLE PKWY","CHASE DR",258.00,W,N,B,-,N,,,,,,,,,,Y,3,0,1,2,A,-,03,22350,,N,C,C,A,B,H,-,A,A,0,,,,,Y,,A,01,0,1,0,0,0,0,0,0,0,"- ","- ",38.776439666748047,-121.27884674072266,PLACER,ROSEVILLE,-121.27962493896484,38.776817321777344
9401343,2021,2022-03-08,3105,2021-01-27,1649,1128,,3,5,5,3105,0,0,0,,0,003,"RIVERSIDE AV","DARLING WY",0.00,,Y,A,-,N,,,,,,,,,,Y,3,0,3,2,A,-,12,21453,A,N,D,C,A,A,H,-,A,A,0,,,,,Y,,D,22,0,1,2,0,0,0,0,0,0,"- ","- ",,,PLACER,ROSEVILLE,-121.29053497314453,38.736171722412109
9401426,2021,2022-02-17,3105,2021-12-17,2500,183,,5,5,5,3105,0,0,0,,0,002,"DOUGLAS BL","SIERRA GARDENS DR",528.00,W,N,B,-,N,,,,,,,,,,N,4,0,1,2,A,-,03,22350,,F,C,C,A,A,H,-,B,A,0,,,,,Y,,A,01,0,0,1,0,0,0,0,0,0,"- ","- ",38.74420166015625,-121.25921630859375,PLACER,ROSEVILLE,-121.26107025146484,38.744235992431641
9401427,2021,2022-02-17,3105,2021-12-27,1059,1107,,1,5,5,3105,0,0,0,,0,007,"PLEASANT GROVE BL","GUNNAR DR",0.00,,Y,B,-,N,,,,,,,,,,Y,4,0,3,2,A,-,09,21801,A,N,A,C,A,A,H,-,A,D,0,,,,,Y,,A,01,0,0,3,0,0,0,0,0,0,"- ","- ",38.770889282226562,-121.36872100830078,PLACER,ROSEVILLE,-121.36836242675781,38.770847320556641
9403223,2021,2022-03-03,3103,2021-12-27,0038,DGORB,L9,1,5,2,3103,0,0,0,,0,0L2,"JOINER PKWY","JOINER RD",2.00,W,N,C,-,N,,,,,,,,,,Y,3,0,1,1,A,-,08,22107,,M,E,I,A,B,H,-,C,D,0,,,,,Y,,D,22,0,1,0,0,0,0,0,0,0,"- ","- ",38.882720947265625,-121.31416320800781,PLACER,LINCOLN,-121.29510498046875,38.872394561767578
9404795,2021,2022-02-28,3105,2021-12-21,2243,1100,,2,5,5,3105,0,0,0,,0,002,"ROCKY RIDGE DR","LEAD HILL BL",0.00,,Y,C,-,N,,,,,,,,,,Y,4,0,1,2,A,-,12,21453,A,N,D,C,A,B,H,-,C,A,0,,,,,Y,,A,07,0,0,1,0,0,0,0,0,0,"- ","- ",38.748279571533203,-121.25306701660156,PLACER,ROSEVILLE,-121.25308227539062,38.748256683349609
9414847,2021,2022-03-01,3101,2021-11-27,0704,A711,AU05,6,5,3,3101,0,0,0,,0,0A2,"INDIAN HILL RD","TEA LN",0.00,,Y,A,-,N,,,,,,,,,,Y,3,0,1,4,A,-,03,22350,,N,F,I,A,A,H,-,A,D,0,,,,,Y,,A,01,0,1,0,0,0,0,0,0,0,"- ","- ",38.872661590576172,-121.09992218017578,PLACER,AUBURN,-121.09744262695312,38.872726440429688
9414850,2021,2022-02-28,3101,2021-12-10,2303,A737,AUA,5,5,3,3101,0,0,0,,0,0A1,"EARHART AV","EARHART AV 12765",0.00,,N,A,-,N,,,,,,,,,,Y,2,0,1,1,A,-,01,23152,,M,F,J,A,A,H,-,C,D,0,,,,,Y,Y,A,01,1,0,0,0,0,0,0,0,0,"- ","- ",38.950920104980469,-121.08628845214844,PLACER,AUBURN,,
9414852,2021,2022-02-28,3101,2021-12-09,0709,A711,AU04,4,5,3,3101,0,0,0,,0,0A2,"AUBURN FOLSOM RD","AUBURN FOLSOM RD 1515",0.00,,Y,C,-,N,,,,,,,,,,Y,3,0,1,1,A,-,03,22350,,N,E,I,A,B,H,-,A,D,0,,,,,Y,,A,01,0,1,0,0,0,0,0,0,0,"- ","- ",38.863910675048828,-121.09954833984375,PLACER,AUBURN,-121.17511749267578,38.713336944580078
91384877,2021,2021-01-11,9222,2021-01-04,0545,018123,,1,3,9,3100,0,1,3,,1,016,SR-267,"MARTIS PEAK RD",1584.00,S,N,D,-,Y,,,267,,,,,,,N,4,0,1,1,A,-,03,22350,,N,E,J,A,C,H,-,D,A,0,,,,,Y,,A,07,0,0,1,0,0,0,0,0,0,"- ","- ",39.265289306640625,-120.07219696044922,PLACER,UNINCORPORATED,-120.07213592529297,39.265300750732422
91385477,2021,2021-01-11,9220,2021-01-02,1930,017027,,6,2,9,3100,0,2,4,,2,062,"FORESTHILL ROAD","LOWER LAKE CLEMENTINE RD",3960.00,E,N,B,-,N,,,,,,,,,,N,4,0,1,1,A,-,08,22107,,N,E,I,A,B,H,-,D,D,0,,,,,Y,,A,01,0,0,1,0,0,0,0,0,0,"- ","- ",38.941490173339844,-120.99170684814453,PLACER,UNINCORPORATED,-120.99296569824219,38.940525054931641
91387592,2021,2021-03-11,9222,2021-01-09,1020,016852,,6,1,9,3100,0,3,5,,2,010,"GRANLIBAKKEN ROAD (700 W. BLOCK)","RAWHIDE DRIVE / KIMBERLY DRIVE - WEST",985.00,W,N,A,-,N,,,,,,,,,,Y,4,0,1,2,A,-,05,21650,,N,B,C,A,C,H,-,A,D,0,,,,,Y,,D,22,0,0,1,0,0,0,0,0,0,"- ","- ",39.158119201660156,-120.15226745605469,PLACER,UNINCORPORATED,-120.15227508544922,39.158126831054688
91387609,2021,2021-01-14,9220,2021-01-05,1117,013997,,2,1,9,3100,0,1,3,,1,249,"SR-49 (GRASS VALLEY HWY)","LONE STAR ROAD",0.00,,Y,A,-,Y,,,,,,,,,,Y,2,0,1,2,A,-,09,21802,A,N,D,C,A,A,H,-,A,D,0,,,,,Y,,E,22,1,0,0,0,0,0,0,0,0,"- ","- ",38.969879150390625,-121.10881805419922,PLACER,UNINCORPORATED,-121.10910034179688,38.996532440185547
91389358,2021,2021-01-18,9220,2021-01-08,1540,017534,,5,2,9,3100,0,2,4,,2,027,"AUBURN FOLSOM ROAD","FULLER DRIVE",825.00,S,N,A,-,N,,,,,,,,,,Y,4,0,2,2,A,-,03,22350,,N,C,C,A,A,H,-,A,A,0,,,,,Y,,A,01,0,0,2,0,0,0,0,0,0,"- ","- ",38.738399505615234,-121.17060089111328,PLACER,UNINCORPORATED,-121.17056274414062,38.737564086914062