CASE_ID,ACCIDENT_YEAR,PROC_DATE,JURIS,COLLISION_DATE,COLLISION_TIME,OFFICER_ID,REPORTING_DISTRICT,DAY_OF_WEEK,CHP_SHIFT,POPULATION,CNTY_CITY_LOC,SPECIAL_COND,BEAT_TYPE,CHP_BEAT_TYPE,CITY_DIVISION_LAPD,CHP_BEAT_CLASS,BEAT_NUMBER,PRIMARY_RD,SECONDARY_RD,DISTANCE,DIRECTION,INTERSECTION,WEATHER_1,WEATHER_2,STATE_HWY_IND,CALTRANS_COUNTY,CALTRANS_DISTRICT,STATE_ROUTE,ROUTE_SUFFIX,POSTMILE_PREFIX,POSTMILE,LOCATION_TYPE,RAMP_INTERSECTION,SIDE_OF_HWY,TOW_AWAY,COLLISION_SEVERITY,NUMBER_KILLED,NUMBER_INJURED,PARTY_COUNT,PRIMARY_COLL_FACTOR,PCF_CODE_OF_VIOL,PCF_VIOL_CATEGORY,PCF_VIOLATION,PCF_VIOL_SUBSECTION,HIT_AND_RUN,TYPE_OF_COLLISION,MVIW,PED_ACTION,ROAD_SURFACE,ROAD_COND_1,ROAD_COND_2,LIGHTING,CONTROL_DEVICE,CHP_ROAD_TYPE,PEDESTRIAN_ACCIDENT,BICYCLE_ACCIDENT,MOTORCYCLE_ACCIDENT,TRUCK_ACCIDENT,NOT_PRIVATE_PROPERTY,ALCOHOL_INVOLVED,STWD_VEHTYPE_AT_FAULT,CHP_VEHTYPE_AT_FAULT,COUNT_SEVERE_INJ,COUNT_VISIBLE_INJ,COUNT_COMPLAINT_PAIN,COUNT_PED_KILLED,COUNT_PED_INJURED,COUNT_BICYCLIST_KILLED,COUNT_BICYCLIST_INJURED,COUNT_MC_KILLED,COUNT_MC_INJURED,PRIMARY_RAMP,SECONDARY_RAMP,LATITUDE,LONGITUDE,COUNTY,CITY,POINT_X,POINT_Y
91389458,2021,2021-01-18,9220,2021-01-14,1720,015961,,4,2,5,3105,0,1,1,,2,281,"I-80 (W/B)","ATLANTIC ST O/C",1162.00,W,N,A,-,Y,,,80,,,,,,,Y,4,0,2,3,A,-,01,23152,A,N,C,C,A,A,H,-,B,D,0,,,,,Y,Y,D,22,0,0,2,0,0,0,0,0,0,"- ","- ",38.755001068115234,-121.26370239257812,PLACER,ROSEVILLE,-121.26374053955078,38.755027770996094
91391498,2021,2021-01-20,9220,2021-01-15,0415,019040,,5,3,9,3100,0,1,3,,1,249,"NEW AIRPORT RD","COLONIAL VILLAGE",150.00,W,N,A,-,N,,,,,,,,,,Y,3,0,1,1,A,-,01,23152,A,N,E,I,A,A,H,-,D,D,0,,,,,Y,Y,D,22,0,1,0,0,0,0,0,0,0,"- ","- ",38.939380645751953,-121.08888244628906,PLACER,UNINCORPORATED,-121.08882904052734,38.935371398925781
91391565,2021,2021-01-20,9220,2021-01-16,1520,015197,,6,2,9,3100,0,1,3,,2,193,"SR-193 W/B","TAYLOR RD",2112.00,W,N,A,-,Y,,,193,,,,,,W,Y,4,0,1,1,A,-,08,22107,,N,E,I,A,A,H,-,A,D,0,,,,,Y,,A,01,0,0,1,0,0,0,0,0,0,"- ","- ",38.878101348876953,-121.13577270507812,PLACER,UNINCORPORATED,-121.13575744628906,38.878105163574219
91392671,2021,2021-01-22,9220,2021-01-18,1700,15060,,1,2,9,3100,0,2,4,,1,013,"WALERGA RD","SPRINGHILL DR",200.00,S,N,A,-,N,,,,,,,,,,Y,4,0,1,1,A,-,07,21658,A,N,E,I,A,A,D,-,B,D,0,,,,,Y,,A,07,0,0,1,0,0,0,0,0,0,"- ","- ",38.747940063476562,-121.36077880859375,PLACER,UNINCORPORATED,-121.36070251464844,38.747936248779297
91392719,2021,2021-01-22,9220,2021-01-19,1615,016685,,2,2,5,3105,0,1,1,,2,281,"I-80 W/B","LEAD HILL BOULEVARD",300.00,W,N,A,-,Y,,,80,,,,,,W,Y,4,0,1,2,A,-,03,22350,,N,C,C,A,A,H,-,A,D,0,,,Y,,Y,,C,02,0,0,1,0,0,0,0,0,1,"- ","- ",38.750999450683594,-121.26634216308594,PLACER,ROSEVILLE,-121.266357421875,38.751014709472656
91394099,2021,2021-01-26,9220,2021-01-13,0250,015917,,3,3,5,3105,0,1,3,,1,265,"SR-65 NORTHBOUND","BLUE OAKS BLVD",1200.00,S,N,B,-,Y,,,,,,,,,,Y,3,0,1,1,A,-,01,23152,A,N,E,I,A,A,H,-,C,D,0,,,,,Y,Y,D,22,0,1,0,0,0,0,0,0,0,"- ","- ",38.795211791992188,-121.29145812988281,PLACER,ROSEVILLE,-121.29480743408203,38.792934417724609
91394127,2021,2021-01-26,9220,2021-01-17,1853,017027,,7,2,9,3100,0,1,3,,1,249,SR-49,"NEW AIRPORT RD",0.00,,Y,A,-,Y,,,49,,,,,,,Y,3,0,1,3,A,-,09,21453,C,N,D,C,A,A,H,-,C,A,0,,,,,Y,,A,07,0,1,0,0,0,0,0,0,0,"- ","- ",38.932479858398438,-121.0906982421875,PLACER,UNINCORPORATED,-121.09080505371094,38.932392120361328
91395271,2021,2021-01-27,9220,2021-01-22,1624,017863,,5,2,9,3100,0,2,4,,2,062,"FORESTHILL RD.","GRIZZLY BEAR RANGE",150.00,W,N,B,C,N,,,,,,,,,,Y,4,0,1,1,A,-,03,22350,,N,E,C,A,B,H,-,A,D,0,,,,,Y,,A,01,0,0,1,0,0,0,0,0,0,"- ","- ",38.941429138183594,-120.98793792724609,PLACER,UNINCORPORATED,,
91398490,2021,2021-01-29,9220,2021-01-22,0730,013794,,5,1,9,3100,0,1,3,,1,249,"SR-49 (GRASS VALLEY HIGHWAY)","DRY CREEK ROAD",675.00,N,N,B,C,Y,,,49,,,,,,,Y,3,0,2,3,A,-,03,22350,,N,C,C,A,B,H,-,A,D,0,,,,,Y,,A,01,0,2,0,0,0,0,0,0,0,"- ","- ",38.958198547363281,-121.10179901123047,PLACER,UNINCORPORATED,-121.10174560546875,38.958213806152344
91399595,2021,2021-02-01,9222,2021-01-22,1310,016852,,5,1,9,3100,0,3,5,,2,010,"ALPINE MEADOWS ROAD","BEAR CREEK DRIVE",528.00,W,N,A,B,N,,,,,,,,,,Y,3,0,1,1,A,-,03,22350,,N,E,I,A,C,H,-,A,D,0,,,,,Y,,D,22,0,1,0,0,0,0,0,0,0,"- ","- ",39.175868988037109,-120.23551940917969,PLACER,UNINCORPORATED,-120.23886871337891,39.173831939697266
91401478,2021,2021-02-03,9220,2021-01-23,0320,016657,,6,3,9,3100,0,1,1,,2,283,"I-80 W/B","CLIPPER GAP RD",2112.00,E,N,B,-,Y,,,80,,,,,,W,Y,4,0,1,1,A,-,01,23152,A,M,F,A,A,B,H,-,C,D,0,,,,,Y,Y,D,22,0,0,1,0,0,0,0,0,0,"- ","- ",38.972560882568359,-121.01548767089844,PLACER,UNINCORPORATED,-121.0155029296875,38.972568511962891
91401820,2021,2021-02-03,9220,2021-01-29,1830,017863,,5,2,9,3100,0,1,3,,1,265,"SR-65 N/B","STANFORD RANCH RD. OVERCROSSING",1584.00,N,N,B,-,Y,,,,,,,,,,Y,4,0,2,2,A,-,03,22350,,N,B,C,A,B,G,-,C,D,0,,,,,Y,,A,01,0,0,2,0,0,0,0,0,0,"- ","- ",38.780681610107422,-121.27201843261719,PLACER,UNINCORPORATED,-121.27046203613281,38.779865264892578
91401929,2021,2021-02-03,9220,2021-01-30,1900,017027,,6,2,9,3100,0,3,5,,2,040,"AUBURN RAVINE RD","SUTHERLAND DR",225.00,E,N,B,-,N,,,,,,,,,,Y,3,0,1,1,A,-,03,22350,,N,E,I,A,A,H,-,C,D,0,,,,,Y,Y,D,22,0,1,0,0,0,0,0,0,0,"- ","- ",38.920341491699219,-121.06043243408203,PLACER,UNINCORPORATED,-121.06166839599609,38.920162200927734
91402531,2021,2021-02-04,9221,2021-02-02,1420,018213,,2,2,9,3100,0,1,1,,2,384,"I-80 W/B","SECRET TOWN ROAD",388.00,W,N,B,C,Y,,,80,,,,,,W,Y,3,0,1,1,A,-,08,22107,,N,E,I,A,B,H,-,A,D,0,,,,,Y,,A,01,0,1,0,0,0,0,0,0,0,"- ","- ",39.149471282958984,-120.89961242675781,PLACER,UNINCORPORATED,-120.89956665039062,39.149372100830078
91404454,2021,2021-02-08,9221,2021-02-07,1510,018530,,7,2,9,3100,0,1,1,,2,388,"I-80 W/B","CISCO RD",528.00,W,N,A,-,Y,,,80,,,,,,W,Y,4,0,1,2,A,-,03,22350,,N,C,C,A,A,H,-,A,D,0,,,,,Y,,A,01,0,0,1,0,0,0,0,0,0,"- ","- ",39.310398101806641,-120.54477691650391,PLACER,UNINCORPORATED,-120.54472351074219,39.310497283935547
91406864,2021,2021-02-11,9220,2021-02-06,1450,019148,,6,2,9,3100,0,2,4,,1,013,"WALERGA RD","PFE RD.",85.00,S,N,A,-,N,,,,,,,,,,N,4,0,1,2,A,-,21,22106,,N,C,C,A,A,H,-,A,D,0,,,,,Y,,A,01,0,0,1,0,0,0,0,0,0,"- ","- ",38.728500366210938,-121.36456298828125,PLACER,UNINCORPORATED,-121.36463928222656,38.72857666015625
91407890,2021,2021-02-12,9220,2021-02-05,0955,015272,,5,1,5,3105,0,1,3,,1,265,"SR-65 N/B",I-80,1320.00,N,N,A,-,Y,,,,,,,,,,N,4,0,1,2,A,-,17,23115,A,M,H,C,A,A,H,-,A,D,0,,,,,Y,,-,99,0,0,1,0,0,0,0,0,0,"- ","- ",38.123458862304688,-121.12345886230469,PLACER,ROSEVILLE,,
91408856,2021,2021-02-16,9220,2021-02-07,1305,017534,,7,1,5,3105,0,1,1,,2,281,"INTERSTATE 80 W/B FROM DOUGLAS BLVD","DOUGLAS BOULEVARD",565.00,W,N,A,-,Y,,,80,,,,R,,W,Y,4,0,3,2,A,-,03,22350,,N,C,C,A,A,H,-,A,A,0,,,,,Y,,A,07,0,0,3,0,0,0,0,0,0,"- ","- ",38.742599487304688,-121.27207183837891,PLACER,ROSEVILLE,-121.27207183837891,38.742599487304688
91409847,2021,2021-02-17,9221,2021-02-15,0720,017777,,1,1,9,3100,0,1,1,,2,386,"I-80 E/B",WHITMORE,2112.00,E,N,B,C,Y,,,80,,,,,,E,Y,2,0,2,2,A,-,03,22350,,N,C,C,A,B,H,-,A,D,0,,,,Y,Y,,A,01,1,0,1,0,0,0,0,0,0,"- ","- ",39.266521453857422,-120.72586059570312,PLACER,UNINCORPORATED,-120.72589874267578,39.266559600830078
91410120,2021,2021-02-17,9220,2021-02-10,1722,016716,,3,2,3,3101,0,1,S,,2,201,"HWY 49","HULBERT WAY",15.00,S,N,A,-,Y,,,,,,,,,,Y,4,0,1,2,A,-,01,23152,A,N,C,C,A,A,H,-,A,A,0,,,,,Y,Y,A,07,0,0,1,0,0,0,0,0,0,"- ","- ",38.929649353027344,-121.08844757080078,PLACER,AUBURN,-121.08734130859375,38.928134918212891
91410676,2021,2021-02-18,9222,2021-02-11,1950,017907,,4,2,9,3100,0,1,3,,2,012,"SR-89 SOUTH (WEST RIVER ROAD)","TWIN CRAGS",1056.00,N,N,B,D,Y,,,89,,,,,,,Y,4,0,3,1,A,-,08,22107,,N,F,A,A,C,H,-,D,A,0,,,,,Y,,A,01,0,0,3,0,0,0,0,0,0,"- ","- ",39.163528442382812,-120.15811157226562,PLACER,UNINCORPORATED,-120.15811157226562,39.163528442382812
91410983,2021,2021-02-18,9220,2021-02-08,1353,016401,,1,1,5,3105,0,1,1,,2,281,"I-80 W/B","ATLANTIC ST",500.00,E,N,A,-,Y,,,80,,,,,,W,Y,4,0,1,3,A,-,03,22350,,N,C,C,A,A,H,-,A,D,0,,,,,Y,,D,22,0,0,1,0,0,0,0,0,0,"- ","- ",38.761299133300781,-121.26019287109375,PLACER,ROSEVILLE,-121.25983428955078,38.761070251464844
91411733,2021,2021-02-19,9220,2021-02-14,1340,017534,,7,1,9,3100,0,1,3,,1,265,"STATE ROUTE 65 SOUTHBOUND FROM SUNSET","SUNSET BOULEVARD",470.00,S,N,B,-,Y,,,65,,,,R,,S,Y,4,0,1,2,A,-,03,22350,,N,C,C,A,B,H,-,A,A,0,,,,,Y,,A,08,0,0,1,0,0,0,0,0,0,"- ","- ",38.815841674804688,-121.30082702636719,PLACER,UNINCORPORATED,-121.30082702636719,38.815841674804688
91411764,2021,2021-02-19,9220,2021-02-14,1040,017534,,7,1,9,3100,0,3,5,,2,070,"VIRGINIATOWN ROAD","BRIDGE LANE",1150.00,W,N,B,-,N,,,,,,,,,,N,3,0,1,2,A,-,09,21804,A,N,D,G,A,A,H,-,A,D,0,,Y,,,Y,,A,01,0,1,0,0,0,0,1,0,0,"- ","- ",38.902339935302734,-121.20102691650391,PLACER,UNINCORPORATED,-121.200927734375,38.902370452880859
91412565,2021,2021-02-22,9220,2021-02-14,0145,016685,,7,3,5,3105,0,1,1,,2,281,"I-80 W/B","DOUGLAS BLVD",1000.00,W,N,A,-,Y,,,80,,,,,,W,Y,4,0,2,2,A,-,01,23152,A,N,B,C,A,A,H,-,C,D,0,,,,,Y,Y,A,01,0,0,2,0,0,0,0,0,0,"- ","- ",38.741500854492188,-121.27249908447266,PLACER,ROSEVILLE,-121.27256011962891,38.741542816162109
91412777,2021,2021-02-22,9220,2021-02-15,0350,018768,,1,3,9,3100,0,1,1,,2,282,"I-80 W/B",SR-193,790.00,W,N,B,C,Y,,,80,,,,,,W,Y,4,0,2,1,A,-,08,22107,,N,E,I,A,B,H,-,C,D,0,,,,,Y,,A,01,0,0,2,0,0,0,0,0,0,"- ","- ",38.877590179443359,-121.12866973876953,PLACER,UNINCORPORATED,-121.12864685058594,38.877548217773438
91412892,2021,2021-02-22,9220,2021-02-13,1430,15197,,6,2,4,3104,0,2,S,,2,901,"SIERRA COLLEGE BLVD. S/B","COMMONS DR",460.00,S,N,A,-,N,,,,,,,,,,Y,4,0,2,4,A,-,03,22350,,N,C,C,A,A,H,-,A,D,0,,,,,Y,,A,07,0,0,2,0,0,0,0,0,0,"- ","- ",38.804050445556641,-121.20546722412109,PLACER,ROCKLIN,-121.20543670654297,38.803897857666016
91413493,2021,2021-02-23,9220,2021-02-16,1800,013465,,2,2,5,3105,0,1,1,,2,281,"I-80 E/B FROM SUNRISE AVE.","DOUGLAS BLVD",691.00,E,N,A,-,Y,,,80,,,,R,,E,Y,4,0,1,2,A,-,03,22350,,N,C,C,A,A,H,-,C,A,0,,,,,Y,,A,01,0,0,1,0,0,0,0,0,0,"- ","- ",38.746109008789062,-121.26895904541016,PLACER,ROSEVILLE,-121.26895904541016,38.746109008789062
91414348,2021,2021-02-24,9220,2021-02-17,1532,016578,,3,2,9,3100,0,1,1,,2,282,"I-80 W/B","PENRYN RD",1584.00,W,N,A,-,Y,,,80,,,,,,W,Y,4,0,1,2,A,-,03,22350,,N,C,C,A,A,H,-,A,D,0,,,,,Y,,A,01,0,0,1,0,0,0,0,0,0,"- ","- ",38.830379486083984,-121.17286682128906,PLACER,UNINCORPORATED,-121.17288970947266,38.830402374267578
91414443,2021,2021-02-24,9220,2021-02-24,0655,016555,,3,1,5,3105,0,1,3,,1,265,"SR-65 S/B FROM PLEASANT GROVE W/B","PLEASANT GROVE BLVD",70.00,N,N,A,-,Y,,,65,,,,R,,S,Y,4,0,1,2,A,-,03,22350,,N,C,C,A,A,H,-,A,A,0,,,,,Y,,D,22,0,0,1,0,0,0,0,0,0,"- ","- ",38.786689758300781,-121.28543090820312,PLACER,ROSEVILLE,-121.28543090820312,38.786689758300781
91414774,2021,2021-02-24,9220,2021-01-25,1215,016682,,1,1,9,3100,0,3,5,,2,010,"INDUSTRIAL AVE","SOUTH LOOP RD.",60.00,N,N,A,-,N,,,,,,,,,,N,4,0,1,2,A,-,03,22350,,M,C,C,A,A,H,-,A,D,0,,,,,Y,,D,22,0,0,1,0,0,0,0,0,0,"- ","- ",38.815311431884766,-121.30725860595703,PLACER,UNINCORPORATED,-121.30725860595703,38.814773559570312
91416780,2021,2021-02-26,9220,2021-02-18,0104,015961,,4,3,9,3100,0,3,5,,2,030,"MCCOURTNEY RD","RIOSO RD",1848.00,S,N,A,-,N,,,,,,,,,,Y,4,0,1,1,A,-,03,22350,,N,E,I,A,A,H,-,D,D,0,,,,,Y,,A,01,0,0,1,0,0,0,0,0,0,"- ","- ",38.979598999023438,-121.28369903564453,PLACER,UNINCORPORATED,-121.28409576416016,38.979705810546875
91416861,2021,2021-02-26,9220,2021-02-23,1945,013465,,2,2,4,3104,0,1,1,,2,281,"I-80 W/B","ROCKLIN RD",4066.00,W,N,A,-,Y,,,80,,,,,,W,Y,3,0,1,1,A,-,08,22107,,N,F,I,A,A,H,-,D,D,0,,,,,Y,,A,07,0,1,0,0,0,0,0,0,0,"- ","- ",38.780158996582031,-121.23290252685547,PLACER,ROCKLIN,-121.23283386230469,38.780075073242188
91419650,2021,2021-03-03,9220,2021-02-20,1915,017375,,6,2,9,3100,0,3,5,,2,040,"ATWOOD RD","ATWOOD LN",1056.00,E,N,A,-,N,,,,,,,,,,Y,4,0,1,1,A,-,01,23152,A,N,E,I,A,A,H,-,D,D,0,,,,,Y,Y,A,07,0,0,1,0,0,0,0,0,0,"- ","- ",38.934600830078125,-121.11882781982422,PLACER,UNINCORPORATED,-121.1185302734375,38.934635162353516
91419673,2021,2021-03-03,9220,2021-02-22,0018,017482,,1,3,9,3100,0,2,4,,2,015,"INDUSTRIAL AVE","PLACER CORPORATE DR",95.00,N,N,A,-,N,,,,,,,,,,Y,2,0,2,1,A,-,08,22107,,N,E,J,A,A,H,-,C,A,0,,,,,Y,Y,A,07,2,0,0,0,0,0,0,0,0,"- ","- ",38.819789886474609,-121.30725860595703,PLACER,UNINCORPORATED,-121.30720520019531,38.819732666015625
91419691,2021,2021-03-03,9220,2021-03-01,2340,017482,,1,3,9,3100,0,2,4,,1,011,"WATT AVE","STRAIGHT RD",351.00,N,N,A,-,N,,,,,,,,,,Y,3,0,3,2,A,-,05,21460,A,N,B,C,A,A,H,-,D,D,0,,,,,Y,,A,07,0,1,2,0,0,0,0,0,0,"- ","- ",38.740730285644531,-121.39263153076172,PLACER,UNINCORPORATED,-121.39260864257812,38.740703582763672
91420494,2021,2021-03-04,9220,2021-02-25,0210,15060,,4,3,5,3105,0,1,1,,2,281,"I-80 W/B","DOUGLAS BLVD.",1700.00,W,N,A,-,Y,,,80,,,,,,W,Y,4,0,1,2,A,-,08,22107,,N,C,E,A,A,H,-,C,D,0,,,,Y,Y,,G,25,0,0,1,0,0,0,0,0,0,"- ","- ",38.739669799804688,-121.27424621582031,PLACER,ROSEVILLE,-121.27426147460938,38.739681243896484
91420553,2021,2021-03-04,9220,2021-02-18,2350,015917,,4,3,9,3100,0,1,1,,2,283,"I-80 WESTBOUND","HEATHER GLEN DR",186.00,E,N,B,-,Y,,,,,,,,,,Y,2,0,1,1,A,-,01,23152,A,N,H,I,A,A,H,-,C,D,0,,,,,Y,Y,A,01,1,0,0,0,0,0,0,0,0,"- ","- ",39.018959045410156,-121.98213958740234,PLACER,UNINCORPORATED,,
91420598,2021,2021-03-04,9220,2021-03-03,0902,017971,,3,1,9,3100,0,2,4,,2,021,"SIERRA COLLEGE BLVD","ANNABELLE AVE",0.00,,Y,A,-,N,,,,,,,,,,Y,3,0,2,2,A,-,09,21801,A,N,D,C,A,A,H,-,A,D,0,,,,,Y,,A,01,0,2,0,0,0,0,0,0,0,"- ","- ",38.727199554443359,-121.22579956054688,PLACER,UNINCORPORATED,-121.22560882568359,38.727603912353516
91422336,2021,2021-03-08,9220,2021-02-26,2112,017863,,5,2,9,3100,0,1,3,,1,249,SR-49,"MARGUERITE MINE RD",100.00,S,N,A,-,Y,,,49,,,,,,,Y,3,0,1,2,A,-,21,22106,,N,C,C,A,A,H,-,C,A,0,,,,,Y,,A,01,0,1,0,0,0,0,0,0,0,"- ","- ",38.918308258056641,-121.08091735839844,PLACER,UNINCORPORATED,-121.08094787597656,38.918292999267578
91424351,2021,2021-03-10,9221,2021-03-05,2025,021216,,5,2,9,3100,0,1,1,,2,388,"I-80 W/B","DONNER PASS ROAD",2112.00,W,N,A,-,Y,,,80,,,,,,W,Y,4,0,1,1,A,-,08,22107,,N,E,I,A,A,H,-,D,D,0,,,,,Y,,D,22,0,0,1,0,0,0,0,0,0,"- ","- ",39.312389373779297,-120.50655364990234,PLACER,UNINCORPORATED,-120.50653839111328,39.31243896484375
91426208,2021,2021-03-12,9221,2021-03-09,1135,017777,,2,1,9,3100,0,1,1,,2,386,"I-80 W/B","NYACK RD",1056.00,W,N,B,D,Y,,,80,,,,,,W,Y,3,0,1,1,A,-,03,22350,,N,E,I,A,C,H,-,A,D,0,,,,Y,Y,,G,25,0,1,0,0,0,0,0,0,0,"- ","- ",39.292049407958984,-120.68472290039062,PLACER,UNINCORPORATED,-120.68472290039062,39.292102813720703
91426412,2021,2021-03-12,9221,2021-03-10,1631,018213,,3,2,9,3100,0,1,1,,2,386,"I-80 W/B","BLUE CANYON RD",244.00,E,N,D,-,Y,,,80,,,,,,W,Y,4,0,2,2,A,-,03,22350,,M,C,C,A,C,H,-,A,D,0,,,,,Y,,A,01,0,0,2,0,0,0,0,0,0,"- ","- ",39.284618377685547,-120.70339202880859,PLACER,UNINCORPORATED,-120.70336151123047,39.284561157226562
91426472,2021,2021-03-12,9220,2021-03-10,1638,015961,,3,2,5,3105,0,1,1,,2,281,"I-80 (W/B)","DOUGLAS BLVD O/C",528.00,W,N,B,C,Y,,,80,,,,,,,Y,4,0,1,3,A,-,03,22350,,N,B,C,A,B,H,-,A,D,0,,,,,Y,,D,22,0,0,1,0,0,0,0,0,0,"- ","- ",38.73809814453125,-121.27529907226562,PLACER,ROSEVILLE,-121.27545166015625,38.738269805908203
91427198,2021,2021-03-15,9222,2021-03-11,1557,017515,,4,2,9,3100,0,1,3,,1,016,"STATE ROUTE 267","AIRPORT ROAD",0.00,,Y,B,-,Y,,,267,,,,,,,Y,4,0,1,2,A,-,08,22107,,N,D,C,A,A,H,-,A,A,0,,,,,Y,,A,07,0,0,1,0,0,0,0,0,0,"- ","- ",39.314800262451172,-120.1484375,PLACER,UNINCORPORATED,-120.14852905273438,39.314590454101562
91427526,2021,2021-03-15,9220,2021-03-04,0035,016682,,4,3,5,3105,0,1,1,,2,281,"I-80 EASTBOUND","TAYLOR RD",439.00,E,N,A,-,Y,,,80,,,,,,E,Y,3,0,1,1,A,-,08,22107,,N,E,I,A,A,H,-,C,D,0,,,,,Y,,A,01,0,1,0,0,0,0,0,0,0,"- ","- ",38.766090393066406,-121.25444030761719,PLACER,ROSEVILLE,-121.25449371337891,38.766178131103516
91429019,2021,2021-03-17,9220,2021-03-07,1825,15060,,7,2,9,3100,0,2,4,,2,027,"AUBURN FOLSOM RD.","EAGLE VIEW LN",294.00,S,N,A,-,N,,,,,,,,,,Y,2,0,6,3,A,-,05,21460,A,N,B,C,A,A,H,-,D,D,0,,,,,Y,,A,07,1,3,2,0,0,0,0,0,0,"- ","- ",38.774871826171875,-121.15126800537109,PLACER,UNINCORPORATED,-121.15122222900391,38.774898529052734
91429183,2021,2021-03-17,9220,2021-03-13,0903,015078,,6,1,9,3100,0,1,S,,2,059,SR-49,"LINCOLN WAY",6336.00,S,N,A,-,Y,,,49,,,,,,,Y,4,0,1,1,A,-,08,22107,,N,E,I,A,A,H,-,A,D,0,,,,,Y,,A,01,0,0,1,0,0,0,0,0,0,"- ","- ",38.907779693603516,-121.05194091796875,PLACER,UNINCORPORATED,-121.05190277099609,38.907711029052734
91429451,2021,2021-03-17,9220,2021-03-15,1530,017027,,1,2,9,3100,0,1,3,,1,249,SR-49,"LOCKSLEY LN",650.00,N,N,B,-,Y,,,49,,,,,,,N,3,0,1,2,A,-,05,21650,,N,D,C,A,A,H,-,A,D,0,,,Y,,Y,,O,05,0,1,0,0,0,0,0,0,1,"- ","- ",38.952289581298828,-121.10066223144531,PLACER,UNINCORPORATED,-121.10050964355469,38.952316284179688
91430209,2021,2021-03-18,9220,2021-03-15,1530,013465,,1,2,9,3100,0,3,5,,2,010,"ATHENS AVE","FIDDYMENT RD",872.00,E,N,A,-,N,,,,,,,,,,Y,3,0,2,2,A,-,05,21650,,N,A,C,A,A,H,-,A,D,0,,,,,Y,,A,01,0,2,0,0,0,0,0,0,0,"- ","- ",38.838848114013672,-121.34625244140625,PLACER,UNINCORPORATED,-121.34633636474609,38.838890075683594
91430269,2021,2021-03-18,9220,2021-03-12,0945,015078,,5,1,9,3100,0,1,3,,1,249,"SR-49 (GRASS VALLEY HIGHWAY)","LUTHER RD",0.00,,Y,A,-,Y,,,49,,,,,,,Y,4,0,1,2,D,-,00,,,N,D,C,A,A,H,-,A,A,0,,,,,Y,,-,"- ",0,0,1,0,0,0,0,0,0,"- ","- ",38.927360534667969,-121.08651733398438,PLACER,UNINCORPORATED,-121.08659362792969,38.927303314208984
91431753,2021,2021-03-22,9220,2021-03-13,2030,016685,,6,2,9,3100,0,3,5,,2,010,"ATHENS AVENUE","CASINO GARAGE DRIVEWAY",415.00,W,N,A,-,N,,,,,,,,,,Y,4,0,1,2,A,-,09,21804,A,N,D,C,A,A,H,-,D,D,0,,,,,Y,,A,01,0,0,1,0,0,0,0,0,0,"- ","- ",38.839000701904297,-121.31770324707031,PLACER,UNINCORPORATED,-121.31755828857422,38.839019775390625
91431845,2021,2021-03-22,9220,2021-03-17,2350,015197,,3,3,2,3103,0,1,3,,1,265,"SR-65 S/B TO TWELVE BRIDGES DR","TWELVE BRIDGES DR",20.00,N,N,A,-,Y,,,65,,,,R,,S,N,4,0,1,2,A,-,03,22350,,N,C,C,A,A,H,-,C,A,0,,,,,Y,,A,01,0,0,1,0,0,0,0,0,0,"- ","- ",38.851139068603516,-121.30177307128906,PLACER,LINCOLN,-121.30177307128906,38.851139068603516
91432318,2021,2021-03-22,9221,2021-03-10,1013,017125,,3,1,1,3102,0,1,1,,2,384,"I-80 E/B","ILLINOIS TOWN OVER CROSSING",2112.00,E,N,B,C,Y,,,80,,,,,,E,N,4,0,1,2,A,-,03,22350,,F,G,B,E,B,H,-,A,D,0,Y,,,Y,Y,,F,55,0,0,1,0,1,0,0,0,0,"- ","- ",39.083930969238281,-120.95697021484375,PLACER,COLFAX,-120.95697784423828,39.083934783935547
91432494,2021,2021-03-22,9220,2021-03-14,1145,017534,,7,1,5,3105,0,1,1,,2,281,"INTERSTATE 80, WESTBOUND","TAYLOR ROAD",460.00,W,N,B,-,Y,,,80,,,,,,W,Y,4,0,1,2,A,-,01,23152,A,N,C,C,A,A,H,-,A,D,0,,,,,Y,Y,A,01,0,0,1,0,0,0,0,0,0,"- ","- ",38.76470947265625,-121.25715637207031,PLACER,ROSEVILLE,-121.25714111328125,38.764686584472656