CASE_ID,ACCIDENT_YEAR,PROC_DATE,JURIS,COLLISION_DATE,COLLISION_TIME,OFFICER_ID,REPORTING_DISTRICT,DAY_OF_WEEK,CHP_SHIFT,POPULATION,CNTY_CITY_LOC,SPECIAL_COND,BEAT_TYPE,CHP_BEAT_TYPE,CITY_DIVISION_LAPD,CHP_BEAT_CLASS,BEAT_NUMBER,PRIMARY_RD,SECONDARY_RD,DISTANCE,DIRECTION,INTERSECTION,WEATHER_1,WEATHER_2,STATE_HWY_IND,CALTRANS_COUNTY,CALTRANS_DISTRICT,STATE_ROUTE,ROUTE_SUFFIX,POSTMILE_PREFIX,POSTMILE,LOCATION_TYPE,RAMP_INTERSECTION,SIDE_OF_HWY,TOW_AWAY,COLLISION_SEVERITY,NUMBER_KILLED,NUMBER_INJURED,PARTY_COUNT,PRIMARY_COLL_FACTOR,PCF_CODE_OF_VIOL,PCF_VIOL_CATEGORY,PCF_VIOLATION,PCF_VIOL_SUBSECTION,HIT_AND_RUN,TYPE_OF_COLLISION,MVIW,PED_ACTION,ROAD_SURFACE,ROAD_COND_1,ROAD_COND_2,LIGHTING,CONTROL_DEVICE,CHP_ROAD_TYPE,PEDESTRIAN_ACCIDENT,BICYCLE_ACCIDENT,MOTORCYCLE_ACCIDENT,TRUCK_ACCIDENT,NOT_PRIVATE_PROPERTY,ALCOHOL_INVOLVED,STWD_VEHTYPE_AT_FAULT,CHP_VEHTYPE_AT_FAULT,COUNT_SEVERE_INJ,COUNT_VISIBLE_INJ,COUNT_COMPLAINT_PAIN,COUNT_PED_KILLED,COUNT_PED_INJURED,COUNT_BICYCLIST_KILLED,COUNT_BICYCLIST_INJURED,COUNT_MC_KILLED,COUNT_MC_INJURED,PRIMARY_RAMP,SECONDARY_RAMP,LATITUDE,LONGITUDE,COUNTY,CITY,POINT_X,POINT_Y
91434909,2021,2021-03-25,9221,2021-03-19,1740,021216,,5,2,9,3100,0,1,1,,2,386,"I-80 W/B","BLUE CANYON RD",7920.00,W,N,B,C,Y,,,80,,,,,,W,Y,4,0,1,1,A,-,08,22107,,N,H,A,A,B,H,-,A,D,0,,,,Y,Y,,G,25,0,0,1,0,0,0,0,0,0,"- ","- ",39.268699645996094,-120.72309875488281,PLACER,UNINCORPORATED,-120.72308349609375,39.268638610839844
91436845,2021,2021-03-26,9221,2021-03-21,1405,021216,,7,2,9,3100,0,1,1,,2,386,"I-80 E/B","BLUE CANYON RD",6336.00,W,N,B,D,Y,,,,,,,,,,Y,3,0,1,1,A,-,03,22350,,N,E,I,A,C,H,-,A,D,0,,,,,Y,,A,07,0,1,0,0,0,0,0,0,0,"- ","- ",39.210899353027344,-120.71517181396484,PLACER,UNINCORPORATED,-120.70606231689453,39.282600402832031
91438578,2021,2021-03-29,9220,2021-03-23,1222,013997,,2,1,9,3100,0,3,5,,2,050,"AUBURN RAVINE ROAD","BOWMAN ROAD",1056.00,W,N,A,-,N,,,,,,,,,,Y,4,0,1,2,A,-,03,22350,,F,C,C,A,A,H,-,A,D,0,,,,,Y,,-,99,0,0,1,0,0,0,0,0,0,"- ","- ",38.920478820800781,-121.06011199951172,PLACER,UNINCORPORATED,-121.05928039550781,38.921390533447266
91438791,2021,2021-03-29,9222,2021-03-25,1032,018123,,4,1,9,3100,0,1,3,,1,013,SR-89,"WEST RIVER ST",2112.00,S,N,A,-,Y,,,89,,,,,,,Y,2,0,2,2,A,-,08,22107,,N,D,C,A,A,H,-,A,D,0,,,,,Y,,A,01,1,0,1,0,0,0,0,0,0,"- ","- ",39.309799194335938,-120.20565795898438,PLACER,UNINCORPORATED,-120.20563507080078,39.309787750244141
91439509,2021,2021-03-30,9220,2021-03-30,0400,016685,,2,3,9,3100,0,3,5,,2,060,"LINCOLN WAY","FORESTHILL ROAD",35.00,S,N,A,-,N,,,,,,,,,,Y,4,0,1,2,A,-,03,22350,,N,C,C,A,A,H,-,C,A,0,,,,,Y,,A,01,0,0,1,0,0,0,0,0,0,"- ","- ",38.923049926757812,-121.05603790283203,PLACER,UNINCORPORATED,-121.05599212646484,38.923145294189453
91448003,2021,2021-04-12,9220,2021-04-05,1007,014370,,1,1,9,3100,0,2,4,,2,075,"TAYLOR RD","PENRYN RD",2640.00,W,N,B,-,N,,,,,,,,,,Y,2,0,2,1,A,-,08,22107,,N,E,I,A,A,H,-,A,D,0,,,,,Y,,D,22,2,0,0,0,0,0,0,0,0,"- ","- ",38.838569641113281,-121.17510223388672,PLACER,UNINCORPORATED,-121.17452239990234,38.838912963867188
91449596,2021,2021-04-13,9220,2021-04-09,1040,017534,,5,1,9,3100,0,1,3,,1,249,"STATE ROUTE 49","KEMPER ROAD",445.00,N,N,A,-,Y,,,49,,,,,,,Y,4,0,2,2,A,-,09,21801,A,N,D,C,A,A,H,-,A,D,0,,,,,Y,,D,22,0,0,2,0,0,0,0,0,0,"- ","- ",38.93341064453125,-121.09187316894531,PLACER,UNINCORPORATED,-121.09178161621094,38.933494567871094
91449681,2021,2021-04-13,9220,2021-04-07,1002,014370,,3,1,9,3100,0,1,3,,1,249,SR-49,"KEMPER RD",350.00,N,N,A,-,Y,,,49,,,,,,,Y,3,0,1,2,A,-,09,21801,A,N,D,C,A,A,H,-,A,D,0,,,,Y,Y,,G,26,0,1,0,0,0,0,0,0,0,"- ","- ",38.933361053466797,-121.09185791015625,PLACER,UNINCORPORATED,-121.09175109863281,38.933460235595703
91450463,2021,2021-04-14,9220,2021-04-11,2145,018768,,7,2,9,3100,0,3,5,,2,070,"ROCK SPRINGS RD","CHOCTAW TRACE",31.00,W,N,A,-,N,,,,,,,,,,Y,4,0,1,2,A,-,01,23152,A,N,A,C,A,A,H,-,D,D,0,,,,,Y,Y,A,07,0,0,1,0,0,0,0,0,0,"- ","- ",38.839519500732422,-121.15145111083984,PLACER,UNINCORPORATED,-121.15132141113281,38.839469909667969
91456452,2021,2021-04-22,9222,2021-04-11,1408,017288,,7,2,9,3100,0,1,3,,1,016,SR-267,"DOLLY VARDEN AVENUE",0.00,,Y,A,-,Y,,,267,,,,,,,Y,2,0,2,2,A,-,09,21802,A,N,D,C,A,A,H,-,A,A,0,,,Y,,Y,,A,07,2,0,0,0,0,0,0,0,2,"- ","- ",39.24163818359375,-120.03058624267578,PLACER,UNINCORPORATED,-120.03069305419922,39.241657257080078
91456487,2021,2021-04-22,9220,2021-04-14,1510,016682,,3,2,9,3100,0,1,1,,2,281,"I-80 E/B","ROCKLIN RD",211.00,W,N,A,-,Y,,,,,,,,,,N,4,0,1,2,A,-,08,22107,,N,B,C,A,A,H,-,A,D,0,,,,,Y,,A,01,0,0,1,0,0,0,0,0,0,"- ","- ",38.778678894042969,-121.23432922363281,PLACER,UNINCORPORATED,-121.22409820556641,38.787151336669922
91457349,2021,2021-04-23,9220,2021-04-06,0810,013975,,2,1,4,3104,0,1,1,,2,281,"INTERSTATE 80 E/B","STATE ROUTE 65",2112.00,E,N,A,-,Y,,,80,,,,,,E,Y,4,0,1,1,A,-,08,22107,,N,E,I,A,A,H,-,A,D,0,,,,,Y,,A,01,0,0,1,0,0,0,0,0,0,"- ","- ",38.77130126953125,-121.24600219726562,PLACER,ROCKLIN,-121.24609375,38.771442413330078
91458403,2021,2021-04-26,9220,2021-04-19,1835,013997,,1,2,9,3100,0,2,4,,2,056,"BELL ROAD","QUARTZ DRIVE",0.00,,Y,A,-,N,,,,,,,,,,Y,3,0,1,2,A,-,12,21453,A,N,D,C,A,A,H,-,A,A,0,,,,,Y,,A,01,0,1,0,0,0,0,0,0,0,"- ","- ",38.942508697509766,-121.09423065185547,PLACER,UNINCORPORATED,-121.09429168701172,38.942386627197266
91459637,2021,2021-04-27,9220,2021-04-23,1109,015197,,5,1,5,3105,0,1,1,,2,281,"I-80 E/B","LEAD HILL BLVD",50.00,E,N,A,-,Y,,,80,,,,,,E,Y,4,0,3,2,A,-,03,22350,,N,C,C,A,A,H,-,A,D,0,,,,,Y,,A,01,0,0,3,0,0,0,0,0,0,"- ","- ",38.752998352050781,-121.26545715332031,PLACER,ROSEVILLE,-121.26502227783203,38.752723693847656
91459687,2021,2021-04-27,9220,2021-04-23,1930,015961,,5,2,9,3100,0,1,3,,2,193,SR-193,"MAIN ST",184.00,W,N,A,-,Y,,,193,,,,,,,Y,3,0,1,1,A,-,01,23152,A,N,E,I,A,A,H,-,B,D,0,,,,,Y,Y,A,01,0,1,0,0,0,0,0,0,0,"- ","- ",38.876201629638672,-121.13420104980469,PLACER,UNINCORPORATED,-121.1341552734375,38.876323699951172
91460275,2021,2021-04-28,9221,2021-04-23,0650,018213,,5,1,9,3100,0,1,1,,2,386,"I-80 W/B","BLUE CANYON RD",3168.00,W,N,A,-,Y,,,80,,,,,,W,Y,3,0,1,2,A,-,03,22350,,F,C,C,A,A,H,-,B,D,0,,,,,Y,,A,01,0,1,0,0,0,0,0,0,0,"- ","- ",39.289211273193359,-120.69355010986328,PLACER,UNINCORPORATED,-120.69351196289062,39.28912353515625
91460531,2021,2021-04-28,9220,2021-04-20,1455,013997,,2,2,9,3100,0,1,1,,2,283,"I-80 EASTBOUND","HEATHER GLEN (APPLEGATE) O/C",1584.00,E,N,A,-,Y,,,80,,,,,,E,Y,2,0,1,2,A,-,01,23152,A,N,C,C,A,A,H,-,A,D,0,,,,Y,Y,Y,A,07,1,0,0,0,0,0,0,0,0,"- ","- ",39.022640228271484,-120.97853851318359,PLACER,UNINCORPORATED,-120.97854614257812,39.02264404296875
91460697,2021,2021-04-28,9220,2021-04-19,1349,015917,,1,1,5,3105,0,1,1,,2,281,"I-80 EASTBOUND","ROSEVILLE PARKWAY",200.00,E,N,A,-,Y,,,80,,,,,,E,Y,4,0,1,3,A,-,03,22350,,N,C,C,A,A,H,-,A,D,0,,,,,Y,,D,22,0,0,1,0,0,0,0,0,0,"- ","- ",38.763359069824219,-121.25787353515625,PLACER,ROSEVILLE,-121.2579345703125,38.763408660888672
91461408,2021,2021-04-29,9220,2021-04-22,2115,15060,,4,2,4,3104,0,1,1,,2,281,"I-80 W/B",SR-65,200.00,W,N,A,-,Y,,,80,,,,,,W,Y,3,0,1,1,A,-,01,23152,A,N,E,I,A,A,H,-,C,D,0,,,,,Y,Y,A,01,0,1,0,0,0,0,0,0,0,"- ","- ",38.7694091796875,-121.24954986572266,PLACER,ROCKLIN,-121.24958801269531,38.769466400146484
91461562,2021,2021-04-29,9220,2021-04-25,1425,016682,,7,2,9,3100,0,1,3,,1,265,"SR-65 S/B","PLEASANT GROVE BLVD",280.00,N,N,B,C,Y,,,,,,,,,,Y,4,0,1,2,A,-,03,22350,,N,C,C,A,A,H,-,A,D,0,,,,,Y,,A,01,0,0,1,0,0,0,0,0,0,"- ","- ",38.786720275878906,-121.28482818603516,PLACER,UNINCORPORATED,-121.28495025634766,38.786861419677734
91463137,2021,2021-05-12,9220,2021-03-10,0530,018768,,3,3,5,3105,0,1,1,,2,281,"I-80 W/B FROM DOUGLAS BLVD","DOUGLAS BLVD",23.00,E,N,B,C,Y,,,80,,,,R,,W,Y,1,1,1,3,A,-,08,22107,,N,B,C,A,B,H,-,C,D,0,,,,,Y,,A,01,0,0,1,0,0,0,0,0,0,"- ","- ",38.744098663330078,-121.27092742919922,PLACER,ROSEVILLE,-121.27092742919922,38.744098663330078
91464271,2021,2021-05-03,9220,2021-04-25,1441,013997,,7,2,9,3100,0,2,4,,2,058,"DRY CREEK ROAD","BLUE GRASS DRIVE",15.00,E,N,B,C,N,,,,,,,,,,Y,2,0,1,2,A,-,09,21802,A,N,D,C,A,B,H,-,A,D,0,,,,,Y,,A,01,1,0,0,0,0,0,0,0,0,"- ","- ",38.962589263916016,-121.08827209472656,PLACER,UNINCORPORATED,-121.08835601806641,38.962596893310547
91465572,2021,2021-05-27,9221,2021-04-24,1725,018530,,6,2,9,3100,0,1,1,,2,388,"I80 WESTBOUND","TROY ROAD",2640.00,W,N,B,-,Y,,,,,,,,,,Y,4,0,1,2,A,-,08,22107,,N,B,C,A,A,H,-,A,D,0,,,,Y,Y,,A,07,0,0,1,0,0,0,0,0,0,"- ","- ",39.313850402832031,-120.4722900390625,PLACER,UNINCORPORATED,-120.45912933349609,39.315635681152344
91466394,2021,2021-05-27,9222,2021-05-03,1042,019233,,1,1,9,3100,0,2,4,,2,018,"LAKE FOREST RD","SR-28 (N. LAKE BLVD.)",65.00,S,N,A,-,N,,,,,,,,,,N,4,0,1,2,A,-,10,21950,A,N,G,B,C,A,H,-,A,D,0,Y,,,,Y,,A,01,0,0,1,0,1,0,0,0,0,"- ","- ",39.189620971679688,-120.1134033203125,PLACER,UNINCORPORATED,-120.12161254882812,39.184932708740234
91467909,2021,2021-05-07,9220,2021-05-01,0215,016657,,6,3,5,3105,0,1,3,,1,265,"SR-65 S/B","PLEASANT GROVE BLVD",2000.00,S,N,A,-,Y,,,65,,,,,,S,Y,4,0,1,2,A,-,07,21658,A,F,B,C,A,A,H,-,C,D,0,,,,,Y,Y,-,99,0,0,1,0,0,0,0,0,0,"- ","- ",38.783340454101562,-121.27842712402344,PLACER,ROSEVILLE,-121.27832794189453,38.783550262451172
91467940,2021,2021-05-07,9220,2021-05-02,2030,017027,,7,2,9,3100,0,1,3,,1,249,SR-49,"EDUCATION ST",200.00,N,N,A,-,Y,,,49,,,,,,,Y,2,0,1,3,A,-,01,23152,A,M,C,C,A,A,H,-,C,D,0,,,,,Y,Y,A,01,1,0,0,0,0,0,0,0,0,"- ","- ",38.944938659667969,-121.09812164306641,PLACER,UNINCORPORATED,-121.09803771972656,38.944965362548828
91473515,2021,2021-05-27,9220,2021-05-08,1115,015197,,6,1,9,3100,0,1,1,,2,282,"I-80 W/B","HORSESHOE BAR RD",500.00,W,N,A,-,Y,,,,,,,,,,Y,2,0,1,2,A,-,03,22350,,N,C,C,A,A,H,-,A,D,0,,,Y,,Y,,C,02,1,0,0,0,0,0,0,0,1,"- ","- ",38.814811706542969,-121.19149780273438,PLACER,UNINCORPORATED,-121.19033813476562,38.815765380859375
91474749,2021,2021-05-27,9220,2021-05-06,1615,016685,,4,2,9,3100,0,1,3,,1,249,"SR-49 S/B","EDGEWOOD ROAD",70.00,S,N,A,-,Y,,,49,,,,,,S,N,4,0,1,3,A,-,03,22350,,N,C,C,A,A,H,-,A,A,0,,,,,Y,,A,07,0,0,1,0,0,0,0,0,0,"- ","- ",38.920619964599609,-121.08228302001953,PLACER,UNINCORPORATED,-121.08222198486328,38.920650482177734
91474833,2021,2021-05-27,9220,2021-05-08,1750,015060,,6,2,5,3105,0,1,3,,1,265,SR-65,I-80,500.00,N,N,A,-,Y,,,65,,,,,,,Y,2,0,1,2,A,-,17,23114,A,N,E,J,A,A,H,-,A,D,0,,,Y,,Y,,D,22,1,0,0,0,0,0,0,0,1,"- ","- ",38.771671295166016,-121.25113677978516,PLACER,ROSEVILLE,-121.25113677978516,38.771675109863281
91476740,2021,2021-05-27,9220,2021-05-13,1940,013465,,4,2,9,3100,0,3,5,,2,070,"BRENNANS RD","NEWCASTLE RD",579.00,S,N,A,-,N,,,,,,,,,,Y,3,0,1,1,A,-,03,22350,,N,F,A,A,A,H,-,A,D,0,,,Y,,Y,,C,02,0,1,0,0,0,0,0,0,1,"- ","- ",38.850910186767578,-121.131591796875,PLACER,UNINCORPORATED,-121.13149261474609,38.851009368896484
91477866,2021,2021-05-20,9220,2021-05-19,1640,015917,,3,2,9,3100,0,2,4,,2,022,"DOUGLAS BLVD EASTBOUND","CHRISTY LN",202.00,E,N,A,-,N,,,,,,,,,,Y,3,0,1,2,A,-,03,22350,,N,C,C,A,A,H,-,A,D,0,,,,,Y,,A,07,0,1,0,0,0,0,0,0,0,"- ","- ",38.743480682373047,-121.17395782470703,PLACER,UNINCORPORATED,-121.17407989501953,38.743473052978516
91479800,2021,2021-05-27,9221,2021-05-14,1825,017979,,5,2,9,3100,0,1,1,,2,385,"I-80 W/B","CRYSTAL SPRINGS RD. O/C",300.00,E,N,A,-,Y,,,80,,,,,,W,Y,3,0,1,1,A,-,08,22107,,N,E,I,A,A,D,-,A,A,0,,,,,Y,,A,08,0,1,0,0,0,0,0,0,0,"- ","- ",39.209911346435547,-120.78514862060547,PLACER,UNINCORPORATED,-120.78517913818359,39.2099609375
91480832,2021,2021-05-27,9221,2021-05-22,1450,021216,,6,2,9,3100,0,1,1,,2,386,"I-80 W/B","BLUE CANYON ROAD U/C",7392.00,W,N,B,C,Y,,,80,,,,,,W,Y,4,0,2,1,A,-,03,22350,,N,F,A,A,B,H,-,A,D,0,,,,Y,Y,,F,25,0,0,2,0,0,0,0,0,0,"- ","- ",39.269088745117188,-120.72148895263672,PLACER,UNINCORPORATED,-120.72150421142578,39.269126892089844
91482162,2021,2021-05-27,9220,2021-05-22,0030,019148,,6,3,9,3100,0,1,1,,2,282,"I-80 W/B","PENRYN RD.",2640.00,E,N,A,-,Y,,,80,,,,,,W,Y,3,0,3,2,A,-,01,23152,A,N,C,C,A,A,H,-,D,D,0,,,,,Y,Y,A,01,0,3,0,0,0,0,0,0,0,"- ","- ",38.838840484619141,-121.16281890869141,PLACER,UNINCORPORATED,-121.162841796875,38.8388671875
91482915,2021,2021-05-27,9221,2021-05-21,2010,018530,,5,2,9,3100,0,1,1,,2,387,"EB I80","CISCO ROAD",2640.00,W,N,C,-,Y,,,,,,,,,,Y,3,0,2,1,A,-,03,22350,,N,E,I,A,B,H,-,D,D,0,,,,,Y,,A,01,0,1,1,0,0,0,0,0,0,"- ","- ",39.316539764404297,-120.55799865722656,PLACER,UNINCORPORATED,-120.55002593994141,39.312984466552734
91489580,2021,2021-06-04,9220,2021-05-30,0655,015917,,7,1,4,3104,0,1,1,,2,281,"I-80 EASTBOUND","SIERRA COLLEGE BLVD",500.00,W,N,A,-,Y,,,80,,,,,,E,Y,4,0,1,1,A,-,08,22107,,N,E,I,A,A,H,-,A,D,0,,,,,Y,,M,47,0,0,1,0,0,0,0,0,0,"- ","- ",38.796218872070312,-121.21369934082031,PLACER,ROCKLIN,-121.21354675292969,38.796035766601562
91490497,2021,2021-06-07,9220,2021-05-31,1651,017863,,1,2,9,3100,0,1,3,,1,249,"SR-49 S/B","LIVE OAK LN.",100.00,N,N,A,-,Y,,,49,,,,,,S,Y,3,0,3,2,A,-,03,22350,,N,C,C,A,A,H,-,A,D,0,,,,Y,Y,,D,22,0,3,0,0,0,0,0,0,0,"- ","- ",38.925300598144531,-121.0853271484375,PLACER,UNINCORPORATED,-121.08509063720703,38.925502777099609
91492958,2021,2021-06-09,9220,2021-06-05,2200,018768,,6,3,9,3100,0,1,3,,1,265,"STATE ROUTE 65 (SOUTHBOUND)","BLUE OAKS BLVD",1993.00,N,N,A,-,Y,,,65,,,,,,,Y,4,0,1,1,A,-,01,23152,A,N,E,8,A,A,H,-,C,D,0,,,,,Y,Y,A,07,0,0,1,0,0,0,0,0,0,"- ","- ",38.800800323486328,-121.30010986328125,PLACER,UNINCORPORATED,-121.30000305175781,38.800827026367188
91494010,2021,2021-06-10,9220,2021-06-03,2054,018076,,4,2,9,3100,0,1,1,,2,283,"I-80 WB","DRY CREEK RD",300.00,W,N,A,-,Y,,,80,,,,,,W,Y,4,0,1,2,A,-,07,21658,A,N,B,C,A,A,H,-,D,D,0,,,,Y,Y,,-,"- ",0,0,1,0,0,0,0,0,0,"- ","- ",38.954769134521484,-121.037353515625,PLACER,UNINCORPORATED,-121.03737640380859,38.954799652099609
91496155,2021,2021-06-14,9220,2021-06-06,1400,015272,,7,2,9,3100,0,1,1,,2,282,"I-80 W/B","PENRYN RD",1000.00,E,N,A,-,Y,,,,,,,,,,N,4,0,1,5,A,-,03,22350,,N,C,C,A,A,H,-,A,D,0,,,,,Y,,A,07,0,0,1,0,0,0,0,0,0,"- ","- ",38.123458862304688,-121.12345886230469,PLACER,UNINCORPORATED,-121.16615295410156,38.836086273193359
91496390,2021,2021-06-14,9222,2021-06-11,1200,016852,,5,1,9,3100,0,1,3,,1,011,"STATE ROUTE 89 SOUTH","GRANLIBAKKEN ROAD",685.00,N,N,A,-,Y,,,89,,,,,,,N,3,0,1,2,A,-,03,22350,,N,C,C,A,A,H,-,A,D,0,,,,,Y,,A,07,0,1,0,0,0,0,0,0,0,"- ","- ",39.161201477050781,-120.14497375488281,PLACER,UNINCORPORATED,-120.14498138427734,39.161205291748047
91498377,2021,2021-09-23,9221,2021-04-08,1825,017669,,4,2,9,3100,0,1,1,,2,384,"I-80 W/B","ALPINE OVER CROSSING",150.00,W,N,A,-,Y,,,80,,,,,,W,N,4,0,1,2,A,-,17,23114,A,M,H,J,A,A,H,-,A,D,0,,,,Y,Y,,F,55,0,0,1,0,0,0,0,0,0,"- ","- ",39.148410797119141,-120.90164947509766,PLACER,UNINCORPORATED,-120.90164184570312,39.148391723632812
91498481,2021,2021-06-17,9220,2021-06-13,0240,016657,,7,3,9,3100,0,3,5,,2,010,"WISE RD","MANZANITA ROAD",737.00,E,N,A,-,N,,,,,,,,,,Y,3,0,1,1,A,-,01,23152,A,N,E,I,A,A,H,-,D,D,0,,,,,Y,Y,D,22,0,1,0,0,0,0,0,0,0,"- ","- ",38.926429748535156,-121.31416320800781,PLACER,UNINCORPORATED,-121.31417846679688,38.926490783691406
91498576,2021,2021-06-16,9220,2021-06-06,2225,016031,,7,3,9,3100,0,1,3,,1,265,"N/B SR-65","GALLERIA BLVD.",1584.00,S,N,A,-,Y,,,,,,,,,,Y,3,0,1,1,A,-,01,23152,F,N,E,I,A,A,H,-,C,D,0,,,,,Y,,A,07,0,1,0,0,0,0,0,0,0,"- ","- ",38.775409698486328,-121.26109313964844,PLACER,UNINCORPORATED,-121.26107025146484,38.774951934814453
91501437,2021,2021-06-21,9221,2021-06-11,0635,017125,,5,1,9,3100,0,1,1,,2,384,I-80,"MAGRA RD OVER CROSSING",1250.00,E,N,A,-,Y,,,80,,,,,,,Y,4,0,1,2,A,-,03,22350,,M,C,2,A,A,H,-,A,D,0,,,,,Y,,A,01,0,0,1,0,0,0,0,0,0,"- ","- ",39.147480010986328,-120.90342712402344,PLACER,UNINCORPORATED,-120.90341949462891,39.147441864013672
91502598,2021,2021-06-22,9222,2021-06-16,1410,017907,,3,2,9,3100,0,1,3,,1,014,"SR-28 (NORTH LAKE BOULEVARD)","BURTON CREEK RD",500.00,W,N,A,-,Y,,,28,,,,,,,N,4,0,1,2,A,-,08,22107,,N,D,G,A,A,H,-,A,D,0,,Y,,,Y,,B,07,0,0,1,0,0,0,1,0,0,"- ","- ",39.186199188232422,-120.12066650390625,PLACER,UNINCORPORATED,-120.12059783935547,39.186126708984375
91502812,2021,2021-06-22,9220,2021-05-10,1035,015917,,1,1,5,3105,0,1,1,,2,281,"I -80 WESTBOUND","DOUGLAS BLVD",2006.00,W,N,A,-,Y,,,80,,,,,,W,Y,4,0,2,3,A,-,08,22107,,N,B,C,A,A,H,-,A,D,0,,,,,Y,,D,22,0,0,2,0,0,0,0,0,0,"- ","- ",38.738521575927734,-121.27570343017578,PLACER,ROSEVILLE,-121.27561950683594,38.738430023193359
91503894,2021,2021-06-23,9222,2021-06-16,1322,019233,,3,1,9,3100,0,1,3,,1,016,SR-267,"MARTIS DAM RD.",1210.00,S,N,A,-,Y,,,267,,,,,,,Y,3,0,5,2,A,-,06,21751,,N,A,C,A,A,H,-,A,D,0,,,,,Y,,A,01,0,4,1,0,0,0,0,0,0,"- ","- ",39.304710388183594,-120.13407897949219,PLACER,UNINCORPORATED,-120.13408660888672,39.304702758789062
91505889,2021,2021-06-24,9220,2021-06-16,1245,013794,,3,1,9,3100,0,1,3,,1,249,"SR-49 (GRASS VALLEY HIGHWAY)","HULBERT WAY",85.00,N,N,A,-,Y,,,49,,,,,,,N,3,0,2,3,A,-,03,22350,,N,C,C,A,A,D,-,A,A,0,,,,,Y,,A,07,0,2,0,0,0,0,0,0,0,"- ","- ",38.930320739746094,-121.08892059326172,PLACER,UNINCORPORATED,-121.08902740478516,38.93023681640625
91507615,2021,2021-06-28,9220,2021-06-21,0545,016758,,1,3,9,3100,0,2,4,,2,015,"ATHENS AVE","INDUSTRIAL AVE",0.00,,Y,A,-,N,,,,,,,,,,Y,3,0,2,1,A,-,12,21453,A,N,E,I,A,A,H,-,B,A,0,,,,,Y,,A,01,0,2,0,0,0,0,0,0,0,"- ","- ",38.838001251220703,-121.30500030517578,PLACER,UNINCORPORATED,-121.30690002441406,38.838985443115234
91509062,2021,2021-06-29,9221,2021-06-25,1038,017125,,5,1,9,3100,0,1,1,,2,384,I-80,"SR-174 OVER CROSSING",4224.00,E,N,A,-,Y,,,80,,,,,,,Y,3,0,2,2,A,-,07,21658,A,F,E,I,A,A,H,-,A,D,0,,,,,Y,,-,99,0,1,1,0,0,0,0,0,0,"- ","- ",39.107379913330078,-120.94702911376953,PLACER,UNINCORPORATED,-120.94702911376953,39.107379913330078
91509111,2021,2021-06-29,9221,2021-06-26,0956,014763,,6,1,9,3100,0,1,1,,2,386,"I-80 WESTBOUND","NYACK RD",3168.00,E,N,A,-,Y,,,80,,,,,,W,Y,4,0,1,2,A,-,01,23153,G,N,B,C,A,A,H,-,A,D,0,,,,,Y,Y,A,01,0,0,1,0,0,0,0,0,0,"- ","- ",39.29827880859375,-120.67362213134766,PLACER,UNINCORPORATED,-120.67354583740234,39.298202514648438
91509764,2021,2021-06-30,9222,2021-06-19,1450,019294,,6,2,9,3100,0,1,3,,1,015,"SR 28","PARK LANE",450.00,W,N,A,-,Y,,,28,,,,,,,N,4,0,1,2,A,-,03,22350,,N,C,C,A,A,H,-,A,D,0,,,,,Y,,A,07,0,0,1,0,0,0,0,0,0,"- ","- ",39.230480194091797,-120.01412963867188,PLACER,UNINCORPORATED,-120.01417541503906,39.230453491210938
91509878,2021,2021-06-30,9220,2021-06-24,1150,016758,,4,1,9,3100,0,1,1,,2,281,"I-80 E/B","LEAD HILL O/C",528.00,E,N,A,-,Y,,,,,,,,,,Y,4,0,1,4,A,-,07,21658,A,N,B,C,A,A,H,-,A,D,0,,,,Y,Y,,A,01,0,0,1,0,0,0,0,0,0,"- ","- ",38.752819061279297,-121.26483154296875,PLACER,UNINCORPORATED,-121.26566314697266,38.75164794921875
91511967,2021,2021-07-02,9221,2021-06-23,1336,014763,,3,1,9,3100,0,1,1,,2,386,"I-80 WESTBOUND","DRUM FOREBAY RD",1584.00,E,N,A,-,Y,,,80,,,,,,W,Y,2,0,1,1,A,-,01,23152,G,N,E,I,A,A,H,-,A,D,0,,,,,Y,Y,D,22,1,0,0,0,0,0,0,0,0,"- ","- ",39.241371154785156,-120.7523193359375,PLACER,UNINCORPORATED,-120.75234985351562,39.241378784179688
91512910,2021,2021-07-05,9222,2021-06-30,1705,017091,,3,2,9,3100,0,1,3,,1,011,"STATE ROUTE 89","SEQUOIA AVENUE (NORTH)",1584.00,S,N,A,-,Y,,,89,,,,,,,Y,3,0,3,2,A,-,04,21703,,N,C,C,A,A,H,-,A,A,0,,,,,Y,,D,22,0,3,0,0,0,0,0,0,0,"- ","- ",39.147228240966797,-120.14779663085938,PLACER,UNINCORPORATED,-120.14779663085938,39.147228240966797