CASE_ID,ACCIDENT_YEAR,PROC_DATE,JURIS,COLLISION_DATE,COLLISION_TIME,OFFICER_ID,REPORTING_DISTRICT,DAY_OF_WEEK,CHP_SHIFT,POPULATION,CNTY_CITY_LOC,SPECIAL_COND,BEAT_TYPE,CHP_BEAT_TYPE,CITY_DIVISION_LAPD,CHP_BEAT_CLASS,BEAT_NUMBER,PRIMARY_RD,SECONDARY_RD,DISTANCE,DIRECTION,INTERSECTION,WEATHER_1,WEATHER_2,STATE_HWY_IND,CALTRANS_COUNTY,CALTRANS_DISTRICT,STATE_ROUTE,ROUTE_SUFFIX,POSTMILE_PREFIX,POSTMILE,LOCATION_TYPE,RAMP_INTERSECTION,SIDE_OF_HWY,TOW_AWAY,COLLISION_SEVERITY,NUMBER_KILLED,NUMBER_INJURED,PARTY_COUNT,PRIMARY_COLL_FACTOR,PCF_CODE_OF_VIOL,PCF_VIOL_CATEGORY,PCF_VIOLATION,PCF_VIOL_SUBSECTION,HIT_AND_RUN,TYPE_OF_COLLISION,MVIW,PED_ACTION,ROAD_SURFACE,ROAD_COND_1,ROAD_COND_2,LIGHTING,CONTROL_DEVICE,CHP_ROAD_TYPE,PEDESTRIAN_ACCIDENT,BICYCLE_ACCIDENT,MOTORCYCLE_ACCIDENT,TRUCK_ACCIDENT,NOT_PRIVATE_PROPERTY,ALCOHOL_INVOLVED,STWD_VEHTYPE_AT_FAULT,CHP_VEHTYPE_AT_FAULT,COUNT_SEVERE_INJ,COUNT_VISIBLE_INJ,COUNT_COMPLAINT_PAIN,COUNT_PED_KILLED,COUNT_PED_INJURED,COUNT_BICYCLIST_KILLED,COUNT_BICYCLIST_INJURED,COUNT_MC_KILLED,COUNT_MC_INJURED,PRIMARY_RAMP,SECONDARY_RAMP,LATITUDE,LONGITUDE,COUNTY,CITY,POINT_X,POINT_Y
91515603,2021,2021-07-08,9221,2021-06-29,1645,017881,,2,2,9,3100,0,1,1,,2,386,"I-80 W/B","CARPENTER FLAT",3960.00,E,N,A,-,Y,,,80,,,,,,W,Y,3,0,1,4,A,-,08,22107,,N,B,4,A,A,H,-,A,D,0,,,,Y,Y,,G,25,0,1,0,0,0,0,0,0,0,"- ","- ",39.307380676269531,-120.64620208740234,PLACER,UNINCORPORATED,-120.64598846435547,39.306976318359375
91518384,2021,2021-07-12,9220,2021-07-01,1727,017375,,4,2,9,3100,0,1,3,,1,249,"SR-49 (GRASS VALLEY HIGHWAY)","IVY LANE",66.00,N,N,A,-,Y,,,49,,,,,,,Y,3,0,2,1,A,-,08,22107,,N,F,I,A,A,H,-,A,D,0,,,,,Y,,D,22,0,2,0,0,0,0,0,0,0,"- ","- ",38.922420501708984,-121.08297729492188,PLACER,UNINCORPORATED,-121.08304595947266,38.922386169433594
91518892,2021,2021-09-22,9220,2021-06-25,2255,019040,,5,3,5,3105,0,1,1,,2,281,I-80,"RIVERSIDE AVE",1000.00,E,N,A,-,Y,,,80,,,,,,,Y,3,0,4,3,A,-,07,21658,A,N,C,2,A,A,H,-,C,D,0,,,,,Y,,A,07,0,4,0,0,0,0,0,0,0,"- ","- ",38.730960845947266,-121.2838134765625,PLACER,ROSEVILLE,-121.28379058837891,38.730937957763672
91518966,2021,2021-07-13,9221,2021-07-05,0720,018579,,1,1,9,3100,0,1,3,,1,320,"SR-20 W/B","LAKE SPAULDING ROAD",690.00,W,N,A,-,Y,,,,,,,,,,Y,2,0,2,3,A,-,08,22107,,N,D,C,A,A,H,-,A,D,0,,,,,Y,,A,01,1,0,1,0,0,0,0,0,0,"- ","- ",39.184768676757812,-120.38304901123047,PLACER,UNINCORPORATED,-120.64154815673828,39.313251495361328
91519228,2021,2021-07-13,9220,2021-06-21,1220,013975,,1,1,9,3100,0,2,4,,2,027,"AUBURN FOLSOM RD","SHIRLAND TRACT RD",240.00,S,N,A,-,N,,,,,,,,,,Y,3,0,1,1,A,-,08,22107,,N,E,I,A,A,H,-,A,D,0,,,,,Y,,A,07,0,1,0,0,0,0,0,0,0,"- ","- ",38.855098724365234,-121.10130310058594,PLACER,UNINCORPORATED,-121.10169219970703,38.854953765869141
91520043,2021,2021-07-14,9220,2021-07-04,2135,016682,,7,2,9,3100,0,1,1,,2,282,"I-80 W/B","BRACE RD.",700.00,W,N,A,-,Y,,,,,,,,,,Y,3,0,2,2,A,-,03,22350,,N,C,C,A,A,H,-,D,D,0,,,,,Y,,A,07,0,1,1,0,0,0,0,0,0,"- ","- ",38.809009552001953,-121.19847106933594,PLACER,UNINCORPORATED,-121.19839477539062,38.809005737304688
91520441,2021,2021-07-14,9220,2021-07-06,1740,019178,,2,2,9,3100,0,3,5,,2,070,"BOYINGTON RD","THE NORTH ROADWAY EDGE OF I-80 W/B",475.00,N,N,A,-,N,,,,,,,,,,Y,4,0,1,2,A,-,09,21801,A,N,D,C,A,A,H,-,A,D,0,,,,,Y,,A,01,0,0,1,0,0,0,0,0,0,"- ","- ",38.835178375244141,-121.16889953613281,PLACER,UNINCORPORATED,-121.16919708251953,38.833648681640625
91520932,2021,2021-07-15,9220,2021-07-01,2037,017375,,4,2,9,3100,0,1,1,,2,283,"I-80 E/B","CROTHER ROAD",300.00,E,N,A,-,Y,,,80,,,,,,E,Y,3,0,1,2,A,-,01,23152,A,N,C,C,A,A,H,-,B,D,0,,,,,Y,Y,A,01,0,1,0,0,0,0,0,0,0,"- ","- ",39.0064697265625,-120.99144744873047,PLACER,UNINCORPORATED,-120.99142456054688,39.006450653076172
91521986,2021,2021-07-16,9220,2021-07-12,1210,013975,,1,1,9,3100,0,1,1,,2,282,"I 80 W/B","PENRYN ROAD",5280.00,E,N,A,-,Y,,,80,,,,,,W,Y,3,0,2,2,C,-,18,,,N,C,C,A,A,H,-,A,D,0,,,,,Y,,-,"- ",0,1,1,0,0,0,0,0,0,"- ","- ",38.847599029541016,-121.15219879150391,PLACER,UNINCORPORATED,-121.15222930908203,38.847633361816406
91523636,2021,2021-07-19,9220,2021-07-14,1655,019178,,3,2,9,3100,0,1,1,,2,281,"I-80 W/B","THE DOUGLAS RD O/C",1580.00,E,N,A,-,Y,,,,,,,,,,Y,4,0,1,2,A,-,07,21658,A,N,B,C,A,A,H,-,A,D,0,,,,,Y,,A,07,0,0,1,0,0,0,0,0,0,"- ","- ",38.747661590576172,-121.26873016357422,PLACER,UNINCORPORATED,,
91523670,2021,2021-07-19,9220,2021-07-16,1600,017375,,5,2,9,3100,0,2,4,,2,062,"FORESTHILL ROAD","LAKE CLEMENTINE ROAD",872.00,E,N,A,-,N,,,,,,,,,,N,3,0,1,1,A,-,08,22107,,N,E,I,A,A,H,-,A,D,0,,,Y,,Y,,C,02,0,1,0,0,0,0,0,0,1,"- ","- ",38.936378479003906,-121.00025939941406,PLACER,UNINCORPORATED,-121.00048828125,38.936122894287109
91524738,2021,2021-07-20,9220,2021-07-09,1520,019178,,5,2,9,3100,0,1,1,,2,281,"I-80 W/B","WEST ROADWAY EDGE OF THE ROCKLIN RD O/C",2640.00,W,N,A,-,Y,,,80,,,,,,W,Y,3,0,3,3,A,-,03,22350,,N,C,C,A,A,H,-,A,D,0,,,,,Y,,D,22,0,1,2,0,0,0,0,0,0,"- ","- ",38.782489776611328,-121.23004150390625,PLACER,UNINCORPORATED,-121.22999572753906,38.782440185546875
91526553,2021,2021-07-22,9220,2021-07-09,0730,013794,,5,1,9,3100,0,2,4,,2,053,"LINCOLN WAY","AUBURN RAVINE ROAD",30.00,N,N,A,-,N,,,,,,,,,,N,3,0,1,2,A,-,21,22106,,N,C,C,A,A,H,-,A,A,0,,,,,Y,,D,22,0,1,0,0,0,0,0,0,0,"- ","- ",38.923580169677734,-121.05576324462891,PLACER,UNINCORPORATED,-121.05594635009766,38.923320770263672
91527736,2021,2021-07-23,9222,2021-07-17,1145,016852,,6,1,9,3100,0,3,5,,2,010,"BARKER PASS ROAD [BLACKWOOD CREEK]","BARKER PASS BRIDGE",365.00,W,N,A,-,N,,,,,,,,,,N,2,0,1,1,A,-,03,22350,,N,F,A,A,A,G,-,A,D,0,,Y,,,Y,,L,04,1,0,0,0,0,0,1,0,0,"- ","- ",39.104290008544922,-120.19657897949219,PLACER,UNINCORPORATED,,
91528515,2021,2021-07-26,9220,2021-07-16,2115,015060,,5,2,9,3100,0,2,4,,2,077,"AUBURN FOLSOM RD","POWERHOUSE RD.",0.00,,Y,A,-,N,,,,,,,,,,Y,3,0,1,1,A,-,08,22107,,N,E,I,A,A,H,-,D,D,0,,,,,Y,,D,22,0,1,0,0,0,0,0,0,0,"- ","- ",38.854690551757812,-121.10688781738281,PLACER,UNINCORPORATED,-121.10737609863281,38.854358673095703
91528999,2021,2021-07-26,9220,2021-03-19,0604,015078,,5,1,9,3100,0,2,4,,2,051,"PLACER HILLS RD","PINEWOOD WAY",775.00,N,N,B,-,N,,,,,,,,,,Y,1,1,1,2,A,-,05,21460,A,N,A,C,A,B,H,-,D,D,0,,,,,Y,,A,01,0,1,0,0,0,0,0,0,0,"- ","- ",38.979320526123047,-121.01924133300781,PLACER,UNINCORPORATED,-121.01889038085938,38.978874206542969
91531730,2021,2021-07-29,9220,2021-07-25,1255,017375,,7,1,9,3100,0,2,4,,2,042,"MOUNT VERNON RD","BALD HILL RD",175.00,S,N,A,-,N,,,,,,,,,,N,4,0,1,1,A,-,08,22107,,N,E,I,A,A,H,-,A,D,0,,,,,Y,,A,07,0,0,1,0,0,0,0,0,0,"- ","- ",38.919788360595703,-121.11267852783203,PLACER,UNINCORPORATED,-121.11292266845703,38.919887542724609
91531926,2021,2021-07-29,9220,2021-04-14,0132,016657,,3,3,9,3100,0,3,5,,2,010,"ATHENS AVE","FOOTHILLS BLVD",3326.00,W,N,A,-,N,,,,,,,,,,N,1,1,0,2,A,-,11,21954,A,N,G,B,D,A,H,-,D,D,0,Y,,,,Y,Y,N,60,0,0,0,1,0,0,0,0,0,"- ","- ",38.8389892578125,-121.33766174316406,PLACER,UNINCORPORATED,-121.33757781982422,38.838943481445312
91533427,2021,2021-07-30,9220,2021-07-21,0925,015838,,3,1,9,3100,0,3,5,,2,010,"DOWD RD","WILLIAM LN",528.00,S,N,A,-,N,,,,,,,,,,Y,4,0,1,2,A,-,03,22350,,N,D,C,A,A,H,-,A,D,0,,,,,Y,,D,22,0,0,1,0,0,0,0,0,0,"- ","- ",38.881198883056641,-121.37699890136719,PLACER,UNINCORPORATED,-121.37709808349609,38.883010864257812
91533584,2021,2021-07-30,9220,2021-07-25,1600,017375,,7,2,9,3100,0,1,1,,2,281,"I-80 W/B","DOUGLAS BLVD",217.00,W,N,A,-,Y,,,,,,,,,,Y,3,0,1,1,A,-,01,23152,A,M,F,I,A,A,H,-,A,D,0,,,,,Y,Y,D,22,0,1,0,0,0,0,0,0,0,"- ","- ",38.74346923828125,-121.27147674560547,PLACER,UNINCORPORATED,-121.27120208740234,38.743507385253906
91534737,2021,2021-08-02,9220,2021-07-24,2245,015060,,6,3,9,3100,0,2,4,,2,042,"MOUNT VERNON RD","ATWOOD RD.",1300.00,E,N,A,-,N,,,,,,,,,,Y,3,0,1,1,A,-,08,22107,,N,E,I,A,A,H,-,D,D,0,,,,,Y,,D,22,0,1,0,0,0,0,0,0,0,"- ","- ",38.928958892822266,-121.12185668945312,PLACER,UNINCORPORATED,-121.12193298339844,38.929164886474609
91534761,2021,2021-08-02,9220,2021-04-22,2142,019148,,4,2,5,3105,0,1,1,,2,281,"I-80 E/B","LEAD HILL BLVD",913.00,W,N,A,-,Y,,,80,,,,,,E,Y,1,1,1,3,A,-,03,22350,,N,D,C,A,A,H,-,C,D,0,,,,,Y,Y,A,01,0,0,1,0,0,0,0,0,0,"- ","- ",38.749771118164062,-121.26703643798828,PLACER,ROSEVILLE,-121.26692962646484,38.749702453613281
91536679,2021,2021-08-04,9221,2021-06-08,1800,018530,,2,2,9,3100,0,1,3,,1,321,SR-20,"LAKE SPAULDING ROAD",3696.00,E,N,A,-,Y,,,,,,,,,,Y,1,1,0,1,A,-,08,22107,,N,E,I,A,A,H,-,A,D,0,,,,,Y,,A,01,0,0,0,0,0,0,0,0,0,"- ","- ",39.3184814453125,-120.62696838378906,PLACER,UNINCORPORATED,-120.62741088867188,39.318000793457031
91542377,2021,2021-08-11,9221,2021-08-03,1110,019869,,2,1,9,3100,0,1,1,,2,385,"INTERSTATE 80 EASTBOUND","DRUM FOREBAY RD",475.00,W,N,A,-,Y,,,,,,,,,,Y,4,0,1,2,A,-,07,21658,A,N,C,C,A,A,H,-,A,D,0,,,,Y,Y,,G,25,0,0,1,0,0,0,0,0,0,"- ","- ",38.819801330566406,-121.02760314941406,PLACER,UNINCORPORATED,-120.75267028808594,39.237453460693359
91543401,2021,2021-08-12,9220,2021-07-31,0425,018768,,6,3,9,3100,0,1,1,,2,282,"I-80 WB TO OPHIR ROAD","OPHIR ROAD TO I-80 E/B",308.00,E,N,A,-,Y,,,80,,,,R,,W,Y,3,0,1,1,A,-,08,22107,,N,E,I,A,A,H,-,C,D,0,,,,Y,Y,,G,27,0,1,0,0,0,0,0,0,0,"- ","- ",38.893909454345703,-121.08336639404297,PLACER,UNINCORPORATED,-121.08336639404297,38.893909454345703
91543472,2021,2021-08-12,9220,2021-08-03,1211,019621,,2,1,9,3100,0,1,3,,1,249,"SR-49 S/B","SHALE RIDGE RD",100.00,N,N,A,-,Y,,,49,,,,,,S,N,3,0,5,3,A,-,03,22350,,N,C,C,A,A,H,-,A,A,0,,,,,Y,,A,01,0,4,1,0,0,0,0,0,0,"- ","- ",38.953250885009766,-121.10076141357422,PLACER,UNINCORPORATED,-121.10065460205078,38.953266143798828
91544427,2021,2021-08-13,9220,2021-07-31,0328,019148,,6,3,9,3100,0,2,4,,2,015,"INDUSTRIAL AVE","LON MCANALLY LOOP",0.00,,Y,A,-,N,,,,,,,,,,Y,2,0,3,2,A,-,01,23152,A,N,D,C,A,A,H,-,C,A,0,,,,,Y,Y,A,07,1,1,1,0,0,0,0,0,0,"- ","- ",38.826438903808594,-121.30702972412109,PLACER,UNINCORPORATED,,
91546744,2021,2021-08-17,9222,2021-08-13,2352,018123,,5,3,9,3100,0,1,3,,1,015,SR-28,"PARK LANE",200.00,W,N,A,-,Y,,,28,,,,,,,Y,2,0,1,2,A,-,01,23152,A,M,D,C,A,A,H,-,C,D,0,,,,Y,Y,Y,A,01,1,0,0,0,0,0,0,0,0,"- ","- ",39.230018615722656,-120.01384735107422,PLACER,UNINCORPORATED,-120.01389312744141,39.229991912841797
91547272,2021,2021-08-17,9220,2021-07-22,1645,017482,,4,2,9,3100,0,1,1,,2,282,"I-80 E/B","NEWCASTLE RD",2640.00,W,N,A,-,Y,,,80,,,,,,E,N,3,0,1,2,A,-,07,21658,A,F,B,C,A,A,H,-,A,D,0,,,Y,,Y,,A,01,0,1,0,0,0,0,0,0,1,"- ","- ",38.865871429443359,-121.13260650634766,PLACER,UNINCORPORATED,-121.13264465332031,38.865875244140625
91547284,2021,2021-08-17,9220,2021-08-16,1600,017027,,1,2,9,3100,0,1,3,,1,249,SR-49,"LUTHER ROAD",470.00,S,N,A,-,Y,,,49,,,,,,,Y,4,0,1,2,A,-,03,22350,,N,C,C,A,D,H,-,A,D,0,,,,,Y,,A,01,0,0,1,0,0,0,0,0,0,"- ","- ",38.926139831542969,-121.08564758300781,PLACER,UNINCORPORATED,-121.08563232421875,38.926155090332031
91547798,2021,2021-08-18,9220,2021-08-10,2350,020072,,2,3,9,3100,0,1,1,,2,281,"I-80 E/B","LEAD HILL BLVD",1325.00,W,N,A,-,Y,,,,,,,,,,N,4,0,1,2,A,-,03,22350,,N,C,C,A,A,H,-,C,D,0,,,,,Y,,D,22,0,0,1,0,0,0,0,0,0,"- ","- ",38.748378753662109,-121.26764678955078,PLACER,UNINCORPORATED,-121.26651763916016,38.750358581542969
91547801,2021,2021-08-18,9222,2021-08-13,0025,019294,,5,3,9,3100,0,1,3,,1,013,"SR 89(SOUTH)","SILVER CREEK CAMPGROUND",3168.00,N,N,A,-,Y,,,89,,,,,,,Y,4,0,1,1,A,-,01,23152,A,N,E,I,A,A,H,-,D,D,0,,,,,Y,Y,A,01,0,0,1,0,0,0,0,0,0,"- ","- ",39.234050750732422,-120.20565795898438,PLACER,UNINCORPORATED,-120.20554351806641,39.234081268310547
91549042,2021,2021-08-19,9220,2021-08-17,1400,013465,,2,2,9,3100,0,1,3,,1,265,"SR-65 S/B","PLEASANT GROVE BLVD",330.00,N,N,A,-,Y,,,,,,,,,,Y,3,0,1,2,A,-,03,22350,,N,C,C,A,A,H,-,A,D,0,,,,,Y,,A,01,0,1,0,0,0,0,0,0,0,"- ","- ",38.786899566650391,-121.28533935546875,PLACER,UNINCORPORATED,-121.28509521484375,38.786933898925781
91549486,2021,2021-08-19,9220,2021-08-13,2500,013465,,5,4,9,3100,0,2,4,,2,015,"ATHENS AVE","INDUSTRIAL AVE",0.00,,Y,A,-,N,,,,,,,,,,N,2,0,1,2,D,-,00,,,F,G,B,E,A,H,-,A,D,0,Y,,,,Y,,-,"- ",1,0,0,0,1,0,0,0,0,"- ","- ",38.819801330566406,-121.02760314941406,PLACER,UNINCORPORATED,-121.30690002441406,38.838985443115234
91550255,2021,2021-08-20,9221,2021-08-12,1430,017881,,4,2,9,3100,0,1,1,,2,386,"I-80 E/B","BLUE CANYON RD",2640.00,W,N,A,-,Y,,,80,,,,,,E,Y,3,0,1,1,A,-,08,22107,,N,E,I,A,A,H,-,A,D,0,,,,,Y,,A,01,0,1,0,0,0,0,0,0,0,"- ","- ",39.274871826171875,-120.71392059326172,PLACER,UNINCORPORATED,-120.71373748779297,39.274887084960938
91550314,2021,2021-08-20,9221,2021-08-12,0240,017979,,4,3,9,3100,0,1,1,,2,385,"I-80 W/B",ALTA,2640.00,E,N,A,-,Y,,,80,,,,,,W,Y,4,0,1,1,A,-,08,22107,,N,E,I,A,A,H,-,C,D,0,,,,,Y,,A,01,0,0,1,0,0,0,0,0,0,"- ","- ",39.202919006347656,-120.79915618896484,PLACER,UNINCORPORATED,-120.79915618896484,39.202869415283203
91551609,2021,2021-08-23,9220,2021-07-10,1230,015917,,6,1,9,3100,0,1,1,,2,281,I-80,"EUREKA RD",140.00,W,N,A,-,Y,,,,,,,,,,N,4,0,1,2,A,-,21,22106,,N,C,C,A,A,H,-,A,D,0,,,,,Y,,A,01,0,0,1,0,0,0,0,0,0,"- ","- ",38.757118225097656,-121.26014709472656,PLACER,UNINCORPORATED,-121.26200103759766,38.757736206054688
91551635,2021,2021-08-23,9220,2021-08-10,2015,017027,,2,2,9,3100,0,1,3,,1,249,SR-49,"EDGEWOOD ROAD",350.00,N,N,A,-,Y,,,49,,,,,,,N,2,0,1,2,A,-,17,21200,,N,C,C,A,D,H,-,C,D,0,,Y,,,Y,Y,L,04,1,0,0,0,0,0,1,0,0,"- ","- ",38.921348571777344,-121.08268737792969,PLACER,UNINCORPORATED,-121.08258056640625,38.921401977539062
91552963,2021,2021-11-02,9220,2021-08-19,1217,019621,,4,1,9,3100,0,1,3,,1,249,"SR-49 S/B","DRY CREEK RD",1056.00,N,N,A,-,Y,,,,,,,,,,Y,3,0,4,3,A,-,03,22350,,N,C,C,A,A,H,-,A,A,0,,,,,Y,,-,"- ",0,4,0,0,0,0,0,0,0,"- ","- ",39.959239959716797,-121.10218048095703,PLACER,UNINCORPORATED,-121.10228729248047,38.959465026855469
91554729,2021,2021-08-26,9220,2021-08-13,0015,016682,,5,3,9,3100,0,3,5,,2,070,SR-193,"WOODLAKE LN.",400.00,S,N,A,-,N,,,193,,,,,,,Y,3,0,1,1,A,-,01,23152,A,N,F,I,A,A,H,-,D,D,0,,,,,Y,Y,A,01,0,1,0,0,0,0,0,0,0,"- ","- ",38.878528594970703,-121.16854095458984,PLACER,UNINCORPORATED,-121.16851043701172,38.878578186035156
91558118,2021,2021-08-30,9220,2021-08-26,1000,015961,,4,1,9,3100,0,2,4,,2,022,"DOUGLAS BLVD (W/B)","QUAIL OAKS DR.",200.00,W,N,A,-,N,,,,,,,,,,N,4,0,1,2,A,-,03,22350,,N,C,C,A,A,H,-,A,C,0,,,,,Y,,A,01,0,0,1,0,0,0,0,0,0,"- ","- ",38.743831634521484,-121.21891021728516,PLACER,UNINCORPORATED,-121.21852874755859,38.743850708007812
91558221,2021,2021-11-02,9220,2021-08-26,1428,019621,,4,2,5,3105,0,1,3,,1,265,"SR-65 S/B","PLEASANT GROVE BLVD",3168.00,N,N,A,-,Y,,,65,,,,,,S,Y,4,0,1,2,A,-,07,21658,A,N,C,C,A,A,H,-,A,A,0,,,,,Y,,-,"- ",0,0,1,0,0,0,0,0,0,"- ","- ",38.791000366210938,-121.29271697998047,PLACER,ROSEVILLE,-121.29273986816406,38.790973663330078
91558338,2021,2021-08-30,9220,2021-08-27,1624,017027,,5,2,9,3100,0,1,1,,2,281,"I-80 W/B","TAYLOR ROAD",150.00,E,N,F,-,Y,,,,,,,,,,Y,4,0,1,3,A,-,03,22350,,N,C,C,A,A,H,-,A,D,0,,,,,Y,,A,07,0,0,1,0,0,0,0,0,0,"- ","- ",38.765911102294922,-121.25530242919922,PLACER,UNINCORPORATED,-121.25576019287109,38.765666961669922
91560199,2021,2021-09-01,9220,2021-08-28,1025,015961,,6,1,9,3100,0,3,5,,2,010,"SUNSET BLVD","PLACER CORPORATE DR",185.00,W,N,A,-,N,,,,,,,,,,Y,3,0,4,2,A,-,03,22350,,N,C,C,A,A,H,-,A,A,0,,,,,Y,,A,01,0,4,0,0,0,0,0,0,0,"- ","- ",38.817390441894531,-121.30465698242188,PLACER,UNINCORPORATED,-121.30465698242188,38.817352294921875
91560466,2021,2021-09-01,9220,2021-08-28,1540,016685,,6,2,5,3105,0,1,3,,1,265,SR-65,"PLEASANT GROVE BLVD",1880.00,N,N,A,F,Y,,,65,,,,,,,Y,2,0,2,3,A,-,08,22107,,N,C,2,A,A,H,-,A,D,0,,,,,Y,,D,22,1,1,0,0,0,0,0,0,0,"- ","- ",38.789249420166016,-121.28990173339844,PLACER,ROSEVILLE,-121.28987121582031,38.789310455322266
91563936,2021,2021-09-07,9220,2021-09-01,0135,016031,,3,3,9,3100,0,1,3,,1,249,"SR-49 N/B","SHALE RIDGE RD.",390.00,S,N,A,-,Y,,,49,,,,,,N,Y,3,0,1,2,A,-,01,23152,A,N,C,C,A,A,C,D,D,A,0,,,,,Y,Y,D,22,0,1,0,0,0,0,0,0,0,"- ","- ",38.951801300048828,-121.100341796875,PLACER,UNINCORPORATED,-121.10041809082031,38.951786041259766
91564226,2021,2021-09-07,9220,2021-08-24,2052,013997,,2,2,9,3100,0,2,4,,2,062,"FORESTHILL ROAD","OLD AUBURN FORESTHILL ROAD",358.00,W,N,A,-,N,,,,,,,,,,N,3,0,2,1,A,-,03,22350,,N,E,I,A,A,H,-,C,D,0,,,Y,,Y,Y,C,02,0,2,0,0,0,0,0,0,2,"- ","- ",38.933570861816406,-121.00517272949219,PLACER,UNINCORPORATED,-121.00504302978516,38.933700561523438
91565414,2021,2021-09-08,9220,2021-09-07,1455,015869,,2,2,9,3100,0,1,3,,1,249,"STATE ROUTE 49 (GRASS VALLEY HIGHWAY)","MARGUERITE MINE ROAD",0.00,,Y,A,-,Y,,,49,,,,,,,Y,3,0,1,3,A,-,12,21453,A,N,D,C,A,A,H,-,A,A,0,,,,Y,Y,,F,26,0,1,0,0,0,0,0,0,0,"- ","- ",38.918701171875,-121.081298828125,PLACER,UNINCORPORATED,-121.08120727539062,38.918750762939453
91568564,2021,2021-09-13,9220,2021-08-15,2109,017863,,7,2,9,3100,0,1,3,,1,265,"SR-65 S/B","BLUE OAKS BLVD. OFF RAMP",2640.00,N,N,A,-,Y,,,65,,,,,,S,Y,2,0,1,1,A,-,01,23152,A,N,E,I,A,A,H,-,C,A,0,,,,,Y,Y,D,22,1,0,0,0,0,0,0,0,0,"- ","- ",38.808769226074219,-121.300537109375,PLACER,UNINCORPORATED,-121.30043792724609,38.808769226074219
91568675,2021,2021-09-13,9220,2021-08-07,2222,017863,,6,3,9,3100,0,1,3,,1,249,"SR-49 N/B","DRY CREEK RD.",50.00,S,N,B,-,Y,,,49,,,,,,N,N,4,0,1,2,A,-,03,22350,,F,C,C,A,A,H,-,C,A,0,,,,,Y,,D,22,0,0,1,0,0,0,0,0,0,"- ","- ",38.956451416015625,-121.10128784179688,PLACER,UNINCORPORATED,-121.10128021240234,38.956451416015625
91574786,2021,2021-11-03,9220,2021-09-13,0739,016685,,1,1,5,3105,0,1,3,,1,265,SR-65,"PLEASANT GROVE BOULEVARD",1950.00,S,N,A,-,Y,,,65,,,,,,,Y,4,0,2,5,A,-,03,22350,,N,C,C,A,A,H,-,A,D,0,,,,,Y,,-,"- ",0,0,2,0,0,0,0,0,0,"- ","- ",38.783668518066406,-121.27806854248047,PLACER,ROSEVILLE,-121.278076171875,38.783657073974609
91575707,2021,2021-09-21,9221,2021-09-11,2350,018740,,6,3,9,3100,0,1,1,,2,386,"I-80 W/B","EMIGRANT GAP",6178.00,E,N,A,-,Y,,,80,,,,,,W,Y,3,0,2,1,A,-,03,22350,,N,F,J,A,A,H,-,D,D,0,,,,,Y,,A,07,0,2,0,0,0,0,0,0,0,"- ","- ",39.309169769287109,-120.64129638671875,PLACER,UNINCORPORATED,-120.64139556884766,39.309349060058594
91576562,2021,2021-09-22,9220,2021-09-17,1444,017863,,5,2,9,3100,0,3,5,,2,010,"MOORE RD.","S. BREWER RD.",650.00,W,N,A,-,N,,,,,,,,,,Y,2,0,1,1,A,-,08,22107,,N,E,I,A,A,H,-,A,D,0,,,,,Y,,A,07,1,0,0,0,0,0,0,0,0,"- ","- ",38.867870330810547,-121.45410919189453,PLACER,UNINCORPORATED,-121.45394134521484,38.867908477783203
91578857,2021,2021-11-03,9221,2021-09-18,2350,021216,,6,3,9,3100,0,1,1,,2,384,"I-80 W/B","CARPENTER RD",390.00,W,N,B,C,Y,,,80,,,,,,W,Y,4,0,1,3,A,-,03,22350,,N,B,C,A,B,C,-,D,D,0,,,,Y,Y,,-,"- ",0,0,1,0,0,0,0,0,0,"- ","- ",39.120769500732422,-120.94126129150391,PLACER,UNINCORPORATED,-120.94123840332031,39.120765686035156
91580817,2021,2021-09-29,9220,2021-09-26,1230,015869,,7,1,9,3100,0,2,4,,2,042,"MOUNT VERNON ROAD","BALD HILL ROAD",70.00,S,N,A,-,N,,,,,,,,,,Y,3,0,1,2,A,-,08,22107,,N,B,C,A,A,H,-,A,D,0,,,,,Y,,D,22,0,1,0,0,0,0,0,0,0,"- ","- ",38.920181274414062,-121.11319732666016,PLACER,UNINCORPORATED,-121.1131591796875,38.920108795166016