CASE_ID,ACCIDENT_YEAR,PROC_DATE,JURIS,COLLISION_DATE,COLLISION_TIME,OFFICER_ID,REPORTING_DISTRICT,DAY_OF_WEEK,CHP_SHIFT,POPULATION,CNTY_CITY_LOC,SPECIAL_COND,BEAT_TYPE,CHP_BEAT_TYPE,CITY_DIVISION_LAPD,CHP_BEAT_CLASS,BEAT_NUMBER,PRIMARY_RD,SECONDARY_RD,DISTANCE,DIRECTION,INTERSECTION,WEATHER_1,WEATHER_2,STATE_HWY_IND,CALTRANS_COUNTY,CALTRANS_DISTRICT,STATE_ROUTE,ROUTE_SUFFIX,POSTMILE_PREFIX,POSTMILE,LOCATION_TYPE,RAMP_INTERSECTION,SIDE_OF_HWY,TOW_AWAY,COLLISION_SEVERITY,NUMBER_KILLED,NUMBER_INJURED,PARTY_COUNT,PRIMARY_COLL_FACTOR,PCF_CODE_OF_VIOL,PCF_VIOL_CATEGORY,PCF_VIOLATION,PCF_VIOL_SUBSECTION,HIT_AND_RUN,TYPE_OF_COLLISION,MVIW,PED_ACTION,ROAD_SURFACE,ROAD_COND_1,ROAD_COND_2,LIGHTING,CONTROL_DEVICE,CHP_ROAD_TYPE,PEDESTRIAN_ACCIDENT,BICYCLE_ACCIDENT,MOTORCYCLE_ACCIDENT,TRUCK_ACCIDENT,NOT_PRIVATE_PROPERTY,ALCOHOL_INVOLVED,STWD_VEHTYPE_AT_FAULT,CHP_VEHTYPE_AT_FAULT,COUNT_SEVERE_INJ,COUNT_VISIBLE_INJ,COUNT_COMPLAINT_PAIN,COUNT_PED_KILLED,COUNT_PED_INJURED,COUNT_BICYCLIST_KILLED,COUNT_BICYCLIST_INJURED,COUNT_MC_KILLED,COUNT_MC_INJURED,PRIMARY_RAMP,SECONDARY_RAMP,LATITUDE,LONGITUDE,COUNTY,CITY,POINT_X,POINT_Y
91583569,2021,2021-09-30,9220,2021-09-22,0150,015197,,3,3,9,3100,0,3,5,,2,070,"HORSESHOE BAR RD","LAKESHORE BLVD",100.00,W,N,A,-,N,,,,,,,,,,Y,4,0,1,2,A,-,05,21650,,N,A,C,A,A,H,-,A,D,0,,,,,Y,,D,22,0,0,1,0,0,0,0,0,0,"- ","- ",38.811199188232422,-121.11370086669922,PLACER,UNINCORPORATED,-121.11231994628906,38.811241149902344
91586146,2021,2021-10-01,9222,2021-09-26,1535,017288,,7,2,9,3100,0,3,5,,2,010,"NATIONAL AVENUE","DONNER ROAD",459.00,S,N,A,-,N,,,,,,,,,,N,4,0,1,2,A,-,09,21804,A,N,D,G,A,A,H,-,A,D,0,,Y,,,Y,,L,04,0,0,1,0,0,0,1,0,0,"- ","- ",39.244499206542969,-120.04898071289062,PLACER,UNINCORPORATED,-120.04901885986328,39.244529724121094
91587144,2021,2021-10-04,9220,2021-08-21,1135,019040,,6,1,9,3100,0,1,3,,1,265,"SR-65 S/B","PLEASANT GROVE BLVD",100.00,N,N,A,-,Y,,,,,,,,,,Y,4,0,2,2,A,-,03,22350,,N,C,C,A,A,H,-,A,D,0,,,,,Y,,A,01,0,0,2,0,0,0,0,0,0,"- ","- ",38.819801330566406,-121.02760314941406,PLACER,UNINCORPORATED,-121.28441619873047,38.786598205566406
91587159,2021,2021-10-04,9220,2021-09-19,0730,015917,,7,1,9,3100,0,1,1,,2,281,"I-80 WESTBOUND","DOUGLAS BLVD",1584.00,W,N,B,-,Y,,,,,,,,,,N,3,0,2,2,A,-,07,21658,A,N,B,C,A,A,H,-,A,D,0,,,,,Y,,A,01,0,2,0,0,0,0,0,0,0,"- ","- ",38.740070343017578,-121.27387237548828,PLACER,UNINCORPORATED,-121.27361297607422,38.740272521972656
91588054,2021,2021-10-05,9220,2021-09-23,1000,017306,,4,1,9,3100,0,1,3,,1,249,SR-49,"EDUCATION STREET",0.00,,Y,A,-,N,,,49,,,,,,,N,4,0,1,2,A,-,03,22350,,N,C,C,A,A,H,-,A,A,0,,,,,Y,,A,01,0,0,1,0,0,0,0,0,0,"- ","- ",38.944320678710938,-121.09793090820312,PLACER,UNINCORPORATED,-121.09783935546875,38.944351196289062
91588162,2021,2021-12-08,9220,2021-09-26,1945,017027,,7,2,5,3105,0,1,1,,2,281,"I-80 W/B","RIVERSIDE AVENUE",60.00,E,N,A,-,Y,,,80,,,,,,W,Y,3,0,1,2,A,-,07,21658,A,N,B,C,A,A,H,-,C,D,0,,,,,Y,,A,01,0,1,0,0,0,0,0,0,0,"- ","- ",38.7247314453125,-121.29004669189453,PLACER,ROSEVILLE,-121.29029083251953,38.724998474121094
91588218,2021,2021-10-05,9220,2021-09-29,1430,017375,,3,2,9,3100,0,1,3,,1,249,"SR-49(GRASS VALLEY HIGHWAY)","LUTHER RD",377.00,S,N,A,-,Y,,,49,,,,,,,Y,4,0,1,2,A,-,03,22350,,N,B,C,A,A,H,-,A,A,0,,,,,Y,,A,07,0,0,1,0,0,0,0,0,0,"- ","- ",38.926380157470703,-121.08579254150391,PLACER,UNINCORPORATED,-121.08580780029297,38.926364898681641
91588803,2021,2021-10-05,9221,2021-09-26,0740,018530,,7,1,9,3100,0,1,1,,2,388,"I80 EASTBOUND","HAMPSHIRE ROCKS ROAD",1056.00,W,N,A,-,Y,,,,,,,,,,Y,3,0,5,1,A,-,08,22107,,N,E,I,A,A,H,-,A,D,0,,,,,Y,,A,01,0,5,0,0,0,0,0,0,0,"- ","- ",39.311920166015625,-120.50514984130859,PLACER,UNINCORPORATED,-120.52949523925781,39.304790496826172
91589227,2021,2021-10-06,9220,2021-09-21,2113,017482,,2,2,9,3100,0,1,3,,1,265,"SR-65 N/B","SUNSET BLVD",124.00,S,N,A,-,Y,,,65,,,,,,N,Y,2,0,1,1,A,-,01,23152,F,N,E,I,A,A,H,-,C,D,0,,,,,Y,,A,07,1,0,0,0,0,0,0,0,0,"- ","- ",38.816810607910156,-121.30003356933594,PLACER,UNINCORPORATED,-121.30011749267578,38.816814422607422
91589462,2021,2021-10-06,9220,2021-10-04,2147,019454,,1,2,3,3101,0,1,3,,1,249,"SR-49 N/B","KEMPER RD",0.00,,Y,A,-,Y,,,,,,,,,,Y,3,0,1,2,A,-,09,21453,C,N,A,C,A,A,H,-,C,A,0,,,,,Y,,A,01,0,1,0,0,0,0,0,0,0,"- ","- ",38.932300567626953,-121.0908203125,PLACER,AUBURN,-121.0908203125,38.932361602783203
91594039,2021,2021-10-12,9220,2021-09-05,2205,016682,,7,3,9,3100,0,3,5,,2,020,"AUBURN FOLSOM RD","DOUGLAS BLVD",71.00,S,N,A,-,N,,,,,,,,,,N,3,0,1,2,A,-,07,21658,A,F,B,C,A,A,H,-,C,D,0,,,,,Y,,D,22,0,1,0,0,0,0,0,0,0,"- ","- ",38.743251800537109,-121.17079925537109,PLACER,UNINCORPORATED,-121.17061614990234,38.743255615234375
91595251,2021,2021-10-13,9220,2021-10-01,1815,015272,,5,2,9,3100,0,1,3,,1,267,"SR-65 S/B","NELSON RD",150.00,N,N,A,-,Y,,,,,,,,,,Y,3,0,1,2,A,-,03,22350,,N,C,C,A,A,H,-,A,D,0,,,,,Y,,D,22,0,1,0,0,0,0,0,0,0,"- ","- ",38.819801330566406,-121.02760314941406,PLACER,UNINCORPORATED,-121.34008026123047,38.885879516601562
91595627,2021,2021-10-13,9220,2021-10-08,1625,016685,,5,2,9,3100,0,1,3,,1,249,"SR-49 S/B","POPPY LANE",400.00,S,N,B,-,Y,,,49,,,,,,S,Y,3,0,1,1,A,-,08,22107,,N,E,I,A,A,H,-,A,D,0,,,,,Y,,A,01,0,1,0,0,0,0,0,0,0,"- ","- ",38.970958709716797,-121.10607147216797,PLACER,UNINCORPORATED,-121.10588073730469,38.971035003662109
91595639,2021,2021-10-13,9220,2021-10-08,0900,015197,,5,1,5,3105,0,1,1,,2,281,"I-80 E/B","LEAD HILL BLVD",100.00,E,N,A,-,Y,,,80,,,,,,E,N,4,0,2,2,A,-,03,22350,,N,C,C,A,A,H,-,A,D,0,,,,,Y,,D,22,0,0,2,0,0,0,0,0,0,"- ","- ",38.753501892089844,-121.26444244384766,PLACER,ROSEVILLE,-121.26451110839844,38.753543853759766
91596128,2021,2022-06-03,9220,2021-07-30,1635,013997,,5,2,9,3100,0,2,4,,2,056,"BELL ROAD","OLD AIRPORT ROAD",1056.00,W,N,A,-,N,,,,,,,,,,Y,1,1,1,3,A,-,05,21651,A,N,A,C,A,A,H,-,A,D,0,,,,,Y,,A,01,1,0,0,0,0,0,0,0,0,"- ","- ",38.942638397216797,-121.07180023193359,PLACER,UNINCORPORATED,-121.06809234619141,38.943603515625
91599204,2021,2021-10-18,9222,2021-10-11,0900,016852,,1,1,9,3100,0,1,3,,1,016,"STATE ROUTE 267 [NORTH SHORE BOULEVARD]","MARTIS PEAK ROAD",5280.00,N,N,D,-,Y,,,267,,,,,,,Y,3,0,1,3,A,-,08,22107,,N,B,C,A,C,H,-,A,D,0,,,,,Y,,A,01,0,1,0,0,0,0,0,0,0,"- ","- ",39.271141052246094,-120.09368896484375,PLACER,UNINCORPORATED,-120.09369659423828,39.271114349365234
91600222,2021,2021-10-19,9220,2021-10-08,1650,016682,,5,2,9,3100,0,1,3,,1,265,"SR-65 S/B","TAYLOR RD.",604.00,N,N,A,-,Y,,,,,,,,,,N,4,0,1,2,A,-,03,22350,,N,C,C,A,A,H,-,A,D,0,,,,,Y,,A,01,0,0,1,0,0,0,0,0,0,"- ","- ",38.772781372070312,-121.25388336181641,PLACER,UNINCORPORATED,-121.25360107421875,38.772956848144531
91600328,2021,2021-10-19,9220,2021-10-05,1615,017762,,2,2,9,3100,0,1,1,,2,282,"I-80 E/B","GILARDI RD. O/C",1290.00,E,N,A,-,Y,,,,,,,,,,Y,3,0,1,2,A,-,03,22350,,N,C,C,A,A,H,-,A,D,0,,,,,Y,,A,01,0,1,0,0,0,0,0,0,0,"- ","- ",,,PLACER,UNINCORPORATED,-121.14344787597656,38.854598999023438
91600363,2021,2021-10-19,9220,2021-10-06,1540,016682,,3,2,5,3105,0,1,3,,1,265,"SR-65 N/B","STANFORD RANCH RD.",1570.00,S,N,A,-,Y,,,65,,,,,,N,Y,4,0,2,5,A,-,03,22350,,N,B,C,A,A,H,-,A,D,0,,,,,Y,,A,01,0,0,2,0,0,0,0,0,0,"- ","- ",38.775089263916016,-121.26084899902344,PLACER,ROSEVILLE,-121.26084136962891,38.775112152099609
91600403,2021,2021-10-19,9220,2021-10-15,1010,015197,,5,1,9,3100,0,3,5,,2,020,"SEENO AVE","DOUGLAS BLVD",50.00,N,N,A,-,N,,,,,,,,,,N,4,0,1,2,A,-,03,22350,,N,C,C,A,A,H,-,A,A,0,,,,,Y,,A,01,0,0,1,0,0,0,0,0,0,"- ","- ",38.582401275634766,-121.49539947509766,PLACER,UNINCORPORATED,-121.21073150634766,38.744075775146484
91603893,2021,2021-10-22,9220,2021-10-09,1459,017482,,6,2,9,3100,0,2,4,,2,064,"FORESTHILL RD","DRIVERS FLAT RD",593.00,E,N,A,-,N,,,,,,,,,,Y,3,0,1,2,A,-,05,21460,A,N,B,C,A,A,H,-,A,D,0,,,,,Y,,A,01,0,1,0,0,0,0,0,0,0,"- ","- ",38.973331451416016,-120.95500183105469,PLACER,UNINCORPORATED,-120.95346832275391,38.970996856689453
91603909,2021,2021-10-22,9221,2021-10-15,1418,017881,,5,2,9,3100,0,1,1,,2,385,"I-80 W/B","ALTA BONNYNOOK RD",1154.00,E,N,A,-,Y,,,80,,,,,,W,N,3,0,1,3,C,-,18,,,N,C,C,A,A,H,-,A,D,0,,,,Y,Y,,-,"- ",0,1,0,0,0,0,0,0,0,"- ","- ",39.202869415283203,-120.80821990966797,PLACER,UNINCORPORATED,-120.80821990966797,39.202857971191406
91603934,2021,2021-10-22,9220,2021-10-13,0733,015917,,3,1,5,3105,0,1,1,,2,281,"I-80 WESTBOUND","CIRBY WAY",3010.00,E,N,B,-,Y,,,80,,,,,,W,Y,4,0,1,2,A,-,08,22107,,N,B,C,A,A,H,-,A,D,0,,,,,Y,,A,01,0,0,1,0,0,0,0,0,0,"- ","- ",38.736320495605469,-121.27819061279297,PLACER,ROSEVILLE,-121.27806854248047,38.736186981201172
91605465,2021,2021-10-25,9220,2021-10-14,1820,017397,,4,2,5,3105,0,1,1,,2,281,"I-80 W/B","ATLANTIC ST.",330.00,W,N,A,-,Y,,,80,,,,,,W,Y,4,0,1,2,A,-,03,22350,,N,C,C,A,A,H,-,B,D,0,,,,,Y,,A,01,0,0,1,0,0,0,0,0,0,"- ","- ",38.757129669189453,-121.26248168945312,PLACER,ROSEVILLE,-121.26242065429688,38.757095336914062
91606302,2021,2021-10-26,9220,2021-10-15,1930,013997,,5,2,9,3100,0,1,3,,1,249,"SR-49(GRASS VALLEY HIGHWAY)","LOCKSLEY LANE",0.00,,Y,A,-,Y,,,49,,,,,,,Y,3,0,2,2,A,-,09,21453,C,N,D,C,A,A,H,-,C,A,0,,,,,Y,,A,01,0,2,0,0,0,0,0,0,0,"- ","- ",38.950290679931641,-121.099853515625,PLACER,UNINCORPORATED,-121.09992980957031,38.95025634765625
91606374,2021,2021-10-26,9220,2021-10-18,1610,017762,,1,2,9,3100,0,2,4,,2,058,"DRY CREEK RD.",SR-49,100.00,E,N,A,-,Y,,,,,,,,,,N,2,0,1,1,A,-,08,22107,,N,F,A,A,A,H,-,A,D,0,,,Y,,Y,,C,02,1,0,0,0,0,0,0,0,1,"- ","- ",38.956691741943359,-121.10086059570312,PLACER,UNINCORPORATED,-121.10100555419922,38.956649780273438
91607515,2021,2021-10-27,9221,2021-10-24,0855,018530,,7,1,9,3100,0,1,1,,2,386,"I80 EASTBOUND","EMIGRANT GAP",528.00,W,N,C,-,Y,,,,,,,,,,Y,4,0,1,1,A,-,03,22350,,N,E,I,A,B,H,-,A,D,0,,,,,Y,,A,01,0,0,1,0,0,0,0,0,0,"- ","- ",39.299148559570312,-120.67143249511719,PLACER,UNINCORPORATED,-120.66279602050781,39.301280975341797
91607571,2021,2021-10-27,9221,2021-10-24,1050,018530,,7,1,9,3100,0,1,1,,2,386,"I80 WESTBOUND","EMIGRANT GAP",528.00,W,N,C,-,Y,,,,,,,,,,Y,4,0,3,1,A,-,03,22350,,N,E,I,A,B,H,-,A,D,0,,,,,Y,,D,22,0,0,3,0,0,0,0,0,0,"- ","- ",39.300308227539062,-120.66831970214844,PLACER,UNINCORPORATED,-120.66279602050781,39.301280975341797
91609061,2021,2021-10-28,9220,2021-09-23,1525,019431,,4,2,9,3100,0,3,5,,2,010,"FIDDYMENT ROAD","SUNSET BOULEVARD WEST",1619.00,S,N,A,-,N,,,,,,,,,,Y,1,1,1,2,A,-,01,23152,F,N,D,C,A,A,H,-,A,D,0,,,,Y,Y,,A,07,0,1,0,0,0,0,0,0,0,"- ","- ",38.817981719970703,-121.34928894042969,PLACER,UNINCORPORATED,-121.34930419921875,38.820075988769531
91610710,2021,2021-10-29,9220,2021-10-18,1707,013997,,1,2,9,3100,0,1,1,,2,283,"I-80 (WESTBOUND)","APPLEGATE ROAD (O/C) HEATHER GLEN",1584.00,E,N,A,-,Y,,,80,,,,,,,Y,3,0,1,2,A,-,07,21658,A,M,C,2,A,A,H,-,A,D,0,,,,,Y,,A,01,0,1,0,0,0,0,0,0,0,"- ","- ",39.025218963623047,-120.97776031494141,PLACER,UNINCORPORATED,-120.97769927978516,39.025203704833984
91610731,2021,2021-10-29,9220,2021-10-22,1330,017482,,5,1,9,3100,0,3,5,,2,050,"NEW AIRPORT RD",SR-49,449.00,E,N,B,-,N,,,,,,,,,,Y,4,0,1,2,A,-,09,21804,A,N,D,C,A,A,H,-,A,D,0,,,,,Y,,A,01,0,0,1,0,0,0,0,0,0,"- ","- ",38.933181762695312,-121.08936309814453,PLACER,UNINCORPORATED,-121.08956146240234,38.933101654052734
91610803,2021,2021-10-29,9220,2021-10-27,1730,017397,,3,2,9,3100,0,1,1,,2,282,"I-80 E/B","GILARDI RD.",1000.00,W,N,A,-,Y,,,80,,,,,,E,Y,3,0,2,2,A,-,03,22350,,N,C,C,A,A,H,-,A,D,0,,,,,Y,,D,22,0,2,0,0,0,0,0,0,0,"- ","- ",38.852481842041016,-121.1461181640625,PLACER,UNINCORPORATED,-121.14610290527344,38.852455139160156
91611896,2021,2021-11-01,9220,2021-10-20,1810,017762,,3,2,9,3100,0,1,3,,1,249,"SR-49 N/B","IVY LANE",0.00,,Y,B,-,N,,,49,,,,,,N,Y,2,0,1,2,A,-,09,21801,A,N,A,C,A,A,H,-,B,D,0,,,,,Y,,A,07,1,0,0,0,0,0,0,0,0,"- ","- ",38.922168731689453,-121.08296966552734,PLACER,UNINCORPORATED,-121.08294677734375,38.92218017578125
91611958,2021,2021-11-01,9220,2021-10-23,1931,017762,,6,2,9,3100,0,1,3,,1,265,"SR-65 S/B","W WISE RD",1.25,N,N,B,C,Y,,,65,,,,,,S,Y,3,0,2,3,A,-,03,22350,,N,C,C,A,B,H,-,D,D,0,,,,,Y,,A,01,0,1,1,0,0,0,0,0,0,"- ","- ",38.944671630859375,-121.36901092529297,PLACER,UNINCORPORATED,-121.36904144287109,38.944664001464844
91616029,2021,2021-11-04,9220,2021-11-01,1900,017397,,1,2,9,3100,0,1,1,,2,283,"I-80 W/B","APPLEGATE RD",1500.00,E,N,C,-,Y,,,80,,,,,,W,Y,3,0,1,1,A,-,08,22107,,N,E,8,A,B,H,-,C,D,0,,,,,Y,,A,01,0,1,0,0,0,0,0,0,0,"- ","- ",39.021839141845703,-120.97940063476562,PLACER,UNINCORPORATED,-120.97933197021484,39.021781921386719
91617200,2021,2021-11-05,9220,2021-10-29,1020,013794,,5,1,9,3100,0,1,3,,1,249,"SR-49 (GRASS VALLEY HIGHWAY)","KEMPER ROAD",700.00,N,N,A,-,Y,,,49,,,,,,,Y,3,0,3,2,A,-,09,21801,A,N,D,C,A,A,H,-,A,D,0,,,,,Y,,D,22,0,3,0,0,0,0,0,0,0,"- ","- ",38.933399200439453,-121.09213256835938,PLACER,UNINCORPORATED,-121.09188842773438,38.933616638183594
91617242,2021,2021-11-05,9220,2021-11-03,0705,013794,,3,1,9,3100,0,1,1,,2,283,"I-80 (E/B)","HEATHER GLEN (APPLEGATE ROAD) O/C",1056.00,E,N,A,-,Y,,,80,,,,,,,Y,3,0,1,2,A,-,03,22350,,N,C,C,A,A,H,-,D,D,0,,,,Y,Y,,D,22,0,1,0,0,0,0,0,0,0,"- ","- ",39.023811340332031,-120.97804260253906,PLACER,UNINCORPORATED,-120.97811889648438,39.023834228515625
91617442,2021,2021-11-05,9220,2021-10-31,2207,018768,,7,3,9,3100,0,1,1,,2,283,"INTERSTATE 80 WESTBOUND","ELM AVE",300.00,E,N,A,-,Y,,,,,,,,,,Y,2,0,3,4,A,-,03,22350,,N,G,2,E,A,C,-,C,D,0,Y,,,,Y,,D,22,1,1,1,0,1,0,0,0,0,"- ","- ",38.905071258544922,-121.07141876220703,PLACER,UNINCORPORATED,-121.07176971435547,38.903518676757812
91618796,2021,2021-11-08,9220,2021-10-25,2100,016682,,1,2,9,3100,0,2,4,,2,027,"AUBURN FOLSOM RD.","MINERS DR",485.00,S,N,A,-,N,,,,,,,,,,Y,3,0,1,3,A,-,01,23152,A,N,E,I,A,A,H,-,D,D,0,,,,,Y,Y,A,07,0,1,0,0,0,0,0,0,0,"- ","- ",38.807979583740234,-121.13043212890625,PLACER,UNINCORPORATED,-121.13176727294922,38.807277679443359
91619042,2021,2021-11-08,9220,2021-11-04,1917,017482,,4,2,9,3100,0,2,4,,2,058,"DRY CREEK RD",SR-49,878.00,E,N,B,-,N,,,,,,,,,,Y,3,0,1,1,A,-,01,23152,A,M,E,I,A,A,H,-,D,D,0,,,,,Y,Y,A,01,0,1,0,0,0,0,0,0,0,"- ","- ",38.956649780273438,-121.09813690185547,PLACER,UNINCORPORATED,-121.09827423095703,38.956649780273438
91619221,2021,2021-11-08,9220,2021-10-29,1845,013465,,5,2,5,3105,0,1,3,,1,265,"SR-65 S/B","PLEASANT GROVE BLVD",1848.00,S,N,A,-,Y,,,65,,,,,,S,N,4,0,1,2,D,-,00,,,N,C,C,A,A,H,-,C,D,0,,,,,Y,,-,"- ",0,0,1,0,0,0,0,0,0,"- ","- ",38.78369140625,-121.27867889404297,PLACER,ROSEVILLE,-121.27866363525391,38.783718109130859
91619906,2021,2021-11-09,9222,2021-11-02,1855,017907,,2,2,9,3100,0,1,3,,1,015,SR-28,"STAGG DRIVE",539.00,W,N,A,-,Y,,,28,,,,,,,Y,2,0,1,2,A,-,03,22350,,N,D,C,A,A,H,-,D,D,0,,,,,Y,,A,01,1,0,0,0,0,0,0,0,0,"- ","- ",39.236839294433594,-120.06458282470703,PLACER,UNINCORPORATED,-120.0645751953125,39.236820220947266
91620733,2021,2021-11-09,9220,2021-11-08,1240,015869,,1,1,9,3100,0,1,1,,2,282,I-80,"PENRYN ROAD",1500.00,E,N,A,-,Y,,,80,,,,,,,Y,4,0,2,3,A,-,04,21703,,N,C,C,A,A,H,-,A,D,0,,,,,Y,,A,01,0,0,2,0,0,0,0,0,0,"- ","- ",38.839279174804688,-121.16204071044922,PLACER,UNINCORPORATED,-121.16205596923828,38.839298248291016
91620835,2021,2021-11-09,9220,2021-11-06,1615,019621,,6,2,5,3105,0,1,3,,1,265,SR-65,"BLUE OAKS BLVD",2640.00,S,N,A,-,Y,,,65,,,,,,,N,4,0,1,2,A,-,07,21658,A,N,B,C,A,A,H,-,A,A,0,,,,,Y,,A,01,0,0,1,0,0,0,0,0,0,"- ","- ",38.789928436279297,-121.29064178466797,PLACER,ROSEVILLE,-121.29061889648438,38.789974212646484
91623153,2021,2021-11-12,9220,2021-11-09,1455,017397,,2,2,3,3101,0,1,1,,2,283,"I-80 W/B","ELM AVE.",550.00,W,N,C,-,Y,,,80,,,,,,W,Y,2,0,1,2,A,-,03,22350,,N,A,C,A,B,H,-,A,D,0,,,,,Y,,A,01,1,0,0,0,0,0,0,0,0,"- ","- ",38.90216064453125,-121.07273864746094,PLACER,AUBURN,-121.07270050048828,38.902118682861328
91624650,2021,2021-11-15,9220,2021-11-12,1305,015197,,5,1,9,3100,0,1,3,,1,249,"SR-49 N/B","SHALE RIDGE RD.",150.00,N,N,A,-,Y,,,49,,,,,,N,Y,3,0,2,2,A,-,03,22350,,N,C,C,A,A,H,-,A,D,0,,,Y,,Y,,C,02,0,2,0,0,0,0,0,0,0,"- ","- ",38.953838348388672,-121.10060882568359,PLACER,UNINCORPORATED,-121.10074615478516,38.953819274902344
91626120,2021,2021-11-16,9220,2021-11-12,1637,019621,,5,2,9,3100,0,1,1,,2,283,"BELL ROAD",I-80,120.00,S,N,B,-,N,,,,,,,,,,Y,3,0,1,2,A,-,09,21801,A,N,A,C,A,A,H,-,A,A,0,,,,,Y,,A,07,0,1,0,0,0,0,0,0,0,"- ","- ",38.945030212402344,-121.04563903808594,PLACER,UNINCORPORATED,-121.04598236083984,38.945175170898438
91628332,2021,2021-11-18,9220,2021-11-11,1030,013794,,4,1,9,3100,0,1,1,,2,282,"I-80 (E/B)","PLACER HILLS ROAD O/C (MEADOW VISTA)",3168.00,E,N,A,-,Y,,,80,,,,,,,Y,3,0,1,2,A,-,03,22350,,N,C,C,A,A,H,-,A,D,0,,,,Y,Y,,G,25,0,1,0,0,0,0,0,0,0,"- ","- ",38.982181549072266,-121.00807189941406,PLACER,UNINCORPORATED,-121.00814819335938,38.982242584228516
91628796,2021,2021-11-18,9220,2021-11-13,1810,017482,,6,2,9,3100,0,1,1,,2,283,"1-80 E/B","PLACER HILLS RD",1223.00,W,N,A,-,Y,,,,,,,,,,Y,4,0,1,1,C,-,18,,,N,E,H,A,A,H,-,C,D,0,,,,,Y,,-,"- ",0,0,1,0,0,0,0,0,0,"- ","- ",38.966861724853516,-121.02017211914062,PLACER,UNINCORPORATED,-121.01954650878906,38.967700958251953
91630574,2021,2021-11-19,9220,2021-11-11,0730,015197,,4,1,9,3100,0,1,3,,2,293,SR-193,"TAYLOR RD",3168.00,W,N,A,-,N,,,193,,,,,,,Y,3,0,1,1,A,-,01,23152,F,F,E,I,A,A,H,-,A,D,0,,,,,Y,,A,07,0,1,0,0,0,0,0,0,0,"- ","- ",38.878570556640625,-121.13937377929688,PLACER,UNINCORPORATED,-121.13936614990234,38.878868103027344
91630594,2021,2023-03-14,9220,2021-11-11,1835,017397,,4,2,9,3100,0,1,3,,1,249,"SR-49 (GRASS VALLEY HIGHWAY)","BELL RD",0.00,,Y,B,-,N,,,49,,,,,,,Y,3,0,1,2,A,-,12,21453,A,F,D,C,A,A,H,-,C,A,0,,,,,Y,,D,23,0,1,0,0,0,0,0,0,0,"- ","- ",38.941978454589844,-121.09693145751953,PLACER,UNINCORPORATED,-121.09707641601562,38.941936492919922
91632081,2021,2021-11-22,9220,2021-11-16,1845,017397,,2,2,9,3100,0,1,1,,2,282,"I-80 W/B","GILARDI RD",3500.00,E,N,A,-,Y,,,80,,,,,,W,Y,3,0,1,3,A,-,03,22350,,N,C,C,A,A,H,-,D,D,0,,,,,Y,,A,01,0,1,0,0,0,0,0,0,0,"- ","- ",38.861671447753906,-121.13516998291016,PLACER,UNINCORPORATED,-121.13519287109375,38.861698150634766
91634761,2021,2021-11-24,9220,2021-11-20,1330,017762,,6,1,5,3105,0,1,1,,2,281,"I-80 EB","TAYLOR RD.",228.00,E,N,A,-,Y,,,80,,,,,,E,Y,3,0,1,1,A,-,03,22350,,N,E,I,A,A,H,-,A,D,0,,,,,Y,,A,01,0,1,0,0,0,0,0,0,0,"- ","- ",38.765289306640625,-121.25498199462891,PLACER,ROSEVILLE,-121.25524139404297,38.765720367431641
91636528,2021,2021-11-29,9220,2021-11-18,1705,015060,,4,2,5,3105,0,1,1,,2,281,"I-80 W/B","ATLANTIC STREET",600.00,W,N,A,-,Y,,,80,,,,,,W,Y,3,0,1,3,A,-,01,23152,A,N,C,C,A,A,H,-,C,D,0,,,,,Y,Y,A,01,0,1,0,0,0,0,0,0,0,"- ","- ",38.756519317626953,-121.26290130615234,PLACER,ROSEVILLE,-121.26280975341797,38.756462097167969
91639692,2021,2021-12-01,9220,2021-11-26,1229,016685,,5,1,5,3105,0,1,3,,1,265,"SR-65 S/B","PLEASANT GROVE BLVD",400.00,S,N,A,-,Y,,,65,,,,,,S,N,4,0,2,2,A,-,03,22350,,N,C,C,A,A,H,-,A,D,0,,,,,Y,,A,01,0,0,2,0,0,0,0,0,0,"- ","- ",38.784889221191406,-121.28118133544922,PLACER,ROSEVILLE,-121.28114318847656,38.784957885742188
91643544,2021,2021-12-06,9220,2021-11-23,1003,015491,,2,1,9,3100,0,3,5,,2,030,"LINCOLN SHERIDAN HIGHWAY","WEST WISE ROAD",0.00,,Y,A,-,N,,,,,,,,,,Y,3,0,1,2,A,-,09,21802,A,N,D,C,A,A,H,-,A,A,0,,,,Y,Y,,A,01,0,1,0,0,0,0,0,0,0,"- ","- ",38.926570892333984,-121.337158203125,PLACER,UNINCORPORATED,-121.33722686767578,38.926475524902344