CASE_ID,ACCIDENT_YEAR,PROC_DATE,JURIS,COLLISION_DATE,COLLISION_TIME,OFFICER_ID,REPORTING_DISTRICT,DAY_OF_WEEK,CHP_SHIFT,POPULATION,CNTY_CITY_LOC,SPECIAL_COND,BEAT_TYPE,CHP_BEAT_TYPE,CITY_DIVISION_LAPD,CHP_BEAT_CLASS,BEAT_NUMBER,PRIMARY_RD,SECONDARY_RD,DISTANCE,DIRECTION,INTERSECTION,WEATHER_1,WEATHER_2,STATE_HWY_IND,CALTRANS_COUNTY,CALTRANS_DISTRICT,STATE_ROUTE,ROUTE_SUFFIX,POSTMILE_PREFIX,POSTMILE,LOCATION_TYPE,RAMP_INTERSECTION,SIDE_OF_HWY,TOW_AWAY,COLLISION_SEVERITY,NUMBER_KILLED,NUMBER_INJURED,PARTY_COUNT,PRIMARY_COLL_FACTOR,PCF_CODE_OF_VIOL,PCF_VIOL_CATEGORY,PCF_VIOLATION,PCF_VIOL_SUBSECTION,HIT_AND_RUN,TYPE_OF_COLLISION,MVIW,PED_ACTION,ROAD_SURFACE,ROAD_COND_1,ROAD_COND_2,LIGHTING,CONTROL_DEVICE,CHP_ROAD_TYPE,PEDESTRIAN_ACCIDENT,BICYCLE_ACCIDENT,MOTORCYCLE_ACCIDENT,TRUCK_ACCIDENT,NOT_PRIVATE_PROPERTY,ALCOHOL_INVOLVED,STWD_VEHTYPE_AT_FAULT,CHP_VEHTYPE_AT_FAULT,COUNT_SEVERE_INJ,COUNT_VISIBLE_INJ,COUNT_COMPLAINT_PAIN,COUNT_PED_KILLED,COUNT_PED_INJURED,COUNT_BICYCLIST_KILLED,COUNT_BICYCLIST_INJURED,COUNT_MC_KILLED,COUNT_MC_INJURED,PRIMARY_RAMP,SECONDARY_RAMP,LATITUDE,LONGITUDE,COUNTY,CITY,POINT_X,POINT_Y
91644205,2021,2021-12-06,9220,2021-12-01,1257,015491,,3,1,9,3100,0,1,3,,1,265,"STATE ROUTE 65","WHITNEY OAKS PARKWAY",100.00,N,N,A,-,Y,,,,,,,,,,Y,4,0,2,2,A,-,03,22350,,N,C,C,A,A,H,-,A,D,0,,,,,Y,,A,07,0,0,2,0,0,0,0,0,0,"- ","- ",38.269908905029297,-121.29985046386719,PLACER,UNINCORPORATED,,
91644420,2021,2021-12-06,9221,2021-11-24,2210,016634,,3,3,9,3100,0,3,5,,2,070,"RIDGE RD.","FROST HILL RD.",1056.00,N,N,A,-,N,,,,,,,,,,Y,2,0,1,1,A,-,01,23152,A,N,E,I,A,A,H,-,D,D,0,,,,,Y,Y,A,07,1,0,0,0,0,0,0,0,0,"- ","- ",39.203479766845703,-120.82270050048828,PLACER,UNINCORPORATED,-120.83085632324219,39.197856903076172
91651480,2021,2021-12-14,9220,2021-11-28,1759,017762,,7,2,9,3100,0,1,3,,1,265,"SR-65 S/B","GALLERIA BLVD.",2184.00,S,N,A,-,Y,,,,,,,,,,Y,3,0,1,3,A,-,01,23152,A,N,B,D,A,A,H,-,C,D,0,,,,,Y,Y,A,01,0,1,0,0,0,0,0,0,0,"- ","- ",38.774070739746094,-121.25890350341797,PLACER,UNINCORPORATED,-121.25920867919922,38.774185180664062
91651493,2021,2021-12-14,9220,2021-12-03,1428,019621,,5,2,9,3100,0,2,4,,2,027,"AUBURN FOLSOM ROAD","FULLER DRIVE",20.00,N,N,A,-,N,,,,,,,,,,Y,3,0,1,4,A,-,01,23152,A,N,C,C,A,A,H,-,A,A,0,,,,,Y,Y,D,22,0,1,0,0,0,0,0,0,0,"- ","- ",38.740028381347656,-121.17063903808594,PLACER,UNINCORPORATED,-121.17060089111328,38.739883422851562
91653311,2021,2021-12-15,9220,2021-12-06,1408,019621,,1,2,9,3100,0,2,4,,2,027,"AUBURN FOLSOM RD","N LAKE CIR",0.00,,Y,B,-,N,,,,,,,,,,Y,3,0,3,2,A,-,09,21802,A,N,D,C,A,B,H,-,A,A,0,,,,,Y,,A,01,0,3,0,0,0,0,0,0,0,"- ","- ",38.770130157470703,-121.15464019775391,PLACER,UNINCORPORATED,-121.15450286865234,38.770023345947266
91653839,2021,2021-12-16,9220,2021-09-24,1925,017482,,5,2,9,3100,0,1,3,,1,249,"SR-49 (GRASS VALLEY HIGHWAY)","WILLOW CREEK DR",15.00,S,N,A,-,Y,,,49,,,,,,,Y,1,1,1,2,A,-,11,21950,B,N,G,B,B,A,H,-,C,A,0,Y,,,,Y,,N,60,0,1,0,1,0,0,0,0,0,"- ","- ",38.938308715820312,-121.09593963623047,PLACER,UNINCORPORATED,-121.09585571289062,38.938350677490234
91653937,2021,2021-12-16,9220,2021-11-17,1810,017471,,3,2,5,3105,0,1,3,,1,265,"NORTHBOUND S/R 65","PLEASANT GROVE BLVD",1584.00,S,N,B,-,Y,,,,,,,,,,Y,4,0,1,2,A,-,03,22350,,N,C,C,A,A,H,-,C,A,0,,,,,Y,,A,08,0,0,1,0,0,0,0,0,0,"- ","- ",38.819801330566406,-121.02760314941406,PLACER,ROSEVILLE,,
91653995,2021,2021-12-16,9220,2021-12-05,1920,019621,,7,2,9,3100,0,2,4,,1,013,"WALERGA ROAD","PFE ROAD",400.00,S,N,A,-,N,,,,,,,,,,Y,3,0,2,2,A,-,01,23152,A,N,A,C,A,A,H,-,D,A,0,,,,,Y,Y,A,01,0,2,0,0,0,0,0,0,0,"- ","- ",38.727630615234375,-121.36463928222656,PLACER,UNINCORPORATED,-121.3646240234375,38.727710723876953
91654289,2021,2021-12-16,9220,2021-12-10,1245,015197,,5,1,9,3100,0,1,1,,2,282,"I-80 EB","KING RD",600.00,W,N,A,-,Y,,,80,,,,,,E,Y,4,0,1,2,A,-,08,22107,,N,B,C,A,A,H,-,A,D,0,,,,,Y,,D,22,0,0,1,0,0,0,0,0,0,"- ","- ",38.824268341064453,-121.17986297607422,PLACER,UNINCORPORATED,-121.17990112304688,38.824321746826172
91655369,2021,2021-12-17,9222,2021-12-16,1525,017091,,4,2,9,3100,0,1,3,,1,016,"STATE ROUTE 267","NORTHSTAR DRIVE",3168.00,N,N,B,-,Y,,,267,,,,,,,Y,3,0,2,2,A,-,05,21460,A,N,B,C,A,C,H,-,A,D,0,,,,,Y,,A,07,0,2,0,0,0,0,0,0,0,"- ","- ",39.295501708984375,-120.10459899902344,PLACER,UNINCORPORATED,-120.10456085205078,39.295513153076172
91657650,2021,2021-12-27,9220,2021-11-20,0535,016685,,6,3,9,3100,0,1,3,,1,267,"SR-65 N/B","WHEATLAND ROAD",560.00,S,N,E,-,Y,,,65,,,,,,N,Y,1,1,4,2,A,-,01,23152,G,N,A,C,A,B,H,-,D,D,0,,,Y,,Y,Y,A,01,3,1,0,0,0,0,0,1,0,"- ","- ",38.99530029296875,-121.39849090576172,PLACER,UNINCORPORATED,-121.39850616455078,38.995273590087891
91658837,2021,2021-12-22,9220,2021-12-06,1805,017863,,1,2,5,3105,0,1,1,,2,281,"I-80 E/B","DOUGLAS BLVD OVERCROSSING",1584.00,E,N,B,C,Y,,,80,,,,,,E,N,3,0,1,2,A,-,03,22350,,N,C,C,A,B,H,-,C,D,0,,,,,Y,,A,07,0,1,0,0,0,0,0,0,0,"- ","- ",38.747940063476562,-121.26801300048828,PLACER,ROSEVILLE,-121.26806640625,38.747978210449219
91658921,2021,2021-12-22,9220,2021-12-09,1730,017863,,4,2,5,3105,0,1,3,,1,265,"SR-65 N/B","PLEASANT GROVE BLVD.",2112.00,N,N,B,-,Y,,,65,,,,,,N,Y,3,0,2,2,A,-,03,22350,,N,C,C,A,A,H,-,C,D,0,,,,,Y,,A,08,0,2,0,0,0,0,0,0,0,"- ","- ",38.789730072021484,-121.29026794433594,PLACER,ROSEVILLE,-121.29024505615234,38.789772033691406
91659067,2021,2021-12-22,9220,2021-12-07,2205,018768,,2,3,9,3100,0,1,S,,2,059,SR-49,"SHADY GLEN",1200.00,N,N,A,-,Y,,,49,,,,,,,Y,4,0,1,1,A,-,01,23152,A,N,E,I,A,A,H,-,D,D,0,,,,,Y,Y,A,01,0,0,1,0,0,0,0,0,0,"- ","- ",38.902248382568359,-121.055908203125,PLACER,UNINCORPORATED,-121.05593109130859,38.902259826660156
91659139,2021,2021-12-22,9220,2021-12-12,1335,017375,,7,1,9,3100,0,3,5,,2,050,"CHRISTIAN VALLEY RD","GREGG WAY",131.00,E,N,C,-,N,,,,,,,,,,Y,4,0,1,2,A,-,08,22107,,N,B,C,A,B,H,-,A,D,0,,,,,Y,,A,01,0,0,1,0,0,0,0,0,0,"- ","- ",38.973239898681641,-121.05696105957031,PLACER,UNINCORPORATED,-121.05680847167969,38.973159790039062
91661868,2021,2021-12-27,9220,2021-12-16,0720,015197,,4,1,5,3105,0,1,1,,2,281,"I-80 E/B","DOUGLAS BLVD",500.00,E,N,C,-,Y,,,80,,,,,,E,Y,4,0,1,2,A,-,03,22350,,N,C,C,A,B,H,-,A,D,0,,,,Y,Y,,G,25,0,0,1,0,0,0,0,0,0,"- ","- ",38.747581481933594,-121.26850128173828,PLACER,ROSEVILLE,-121.26838684082031,38.747501373291016
91662197,2021,2021-12-27,9220,2021-12-16,2009,013465,,4,2,5,3105,0,1,3,,1,265,"SR-65 N/B","PLEASANT GROVE BLVD",418.00,N,N,A,-,Y,,,65,,,,,,N,Y,4,0,1,1,A,-,08,22107,,N,E,I,A,A,H,-,C,D,0,,,,,Y,,A,01,0,0,1,0,0,0,0,0,0,"- ","- ",38.787418365478516,-121.28536987304688,PLACER,ROSEVILLE,-121.28542327880859,38.787319183349609
91662221,2021,2021-12-27,9220,2021-11-25,1119,015961,,4,1,5,3105,0,1,1,,2,281,"I-80 (E/B)","RIVERSIDE AVE O/C",94.00,E,N,A,-,Y,,,80,,,,,,,Y,1,1,0,1,A,-,08,22107,,N,E,I,A,A,H,-,A,D,0,,,Y,,Y,,C,02,0,0,0,0,0,0,0,1,0,"- ","- ",38.724708557128906,-121.28996276855469,PLACER,ROSEVILLE,-121.29009246826172,38.724853515625
91662524,2021,2021-12-27,9220,2021-12-17,1130,017863,,5,1,9,3100,0,1,3,,1,249,SR-49,"LUTHER RD.",40.00,S,N,A,-,Y,,,49,,,,,,,Y,3,0,1,2,A,-,03,22350,,N,C,C,A,A,H,-,A,A,0,,,,,Y,,A,01,0,1,0,0,0,0,0,0,0,"- ","- ",38.927211761474609,-121.08648681640625,PLACER,UNINCORPORATED,-121.08650207519531,38.927200317382812
91662617,2021,2021-12-27,9220,2021-12-20,1515,017397,,1,2,5,3105,0,1,1,,2,281,"I-80 W/B","E. ROSEVILLE PKWY.",10.00,W,N,B,-,Y,,,80,,,,,,W,Y,4,0,1,2,A,-,07,21658,A,N,B,C,A,A,H,-,A,D,0,,,,,Y,,A,07,0,0,1,0,0,0,0,0,0,"- ","- ",38.762680053710938,-121.25865936279297,PLACER,ROSEVILLE,-121.25875091552734,38.762737274169922
91665891,2021,2021-12-29,9220,2021-12-11,1900,017482,,6,2,9,3100,0,1,1,,2,283,"I-80 E/B","CROTHER RD",6125.00,W,N,E,-,Y,,,80,,,,,,E,Y,1,1,2,2,A,-,03,22350,,N,C,C,A,A,H,-,D,D,0,,,,,Y,,D,22,0,2,0,0,0,0,0,0,0,"- ","- ",38.988529205322266,-121.00240325927734,PLACER,UNINCORPORATED,-121.00239562988281,38.988529205322266
91666762,2021,2021-12-30,9221,2021-12-18,0910,018213,,6,1,9,3100,0,1,1,,2,384,"I80 E/B","CAPE HORN RD",1320.00,W,N,A,-,Y,,,,,,,,,,Y,4,0,1,2,A,-,01,23152,F,N,C,C,A,B,H,-,A,D,0,,,,Y,Y,,A,01,0,0,1,0,0,0,0,0,0,"- ","- ",39.138839721679688,-120.92431640625,PLACER,UNINCORPORATED,-120.93036651611328,39.135700225830078
91668166,2021,2022-01-03,9220,2021-12-22,1715,015060,,3,2,4,3104,0,1,1,,2,281,"I-80 W/B FROM SIERRA COLLEGE BLVD. S/B","SIERRA COLLEGE BLVD.",800.00,W,N,B,C,Y,,,80,,,,R,,W,Y,4,0,1,2,A,-,03,22350,,N,C,C,A,B,H,-,C,A,0,,,,,Y,,A,01,0,0,1,0,0,0,0,0,0,"- ","- ",38.801101684570312,-121.20816040039062,PLACER,ROCKLIN,-121.20816040039062,38.801101684570312
91668236,2021,2022-01-03,9220,2021-12-23,1405,017027,,4,2,9,3100,0,1,3,,1,249,SR-49,"CRAMER ROAD",0.00,,Y,B,-,Y,,,49,,,,,,,Y,2,0,3,3,A,-,01,23152,A,N,C,C,A,B,H,-,A,D,0,,,,,Y,Y,A,01,2,1,0,0,0,0,0,0,0,"- ","- ",38.985591888427734,-121.10959625244141,PLACER,UNINCORPORATED,-121.10961151123047,38.985588073730469
91671467,2021,2022-01-05,9220,2021-11-11,1655,016682,,4,2,9,3100,0,3,5,,2,020,"DOUGLAS BLVD","AUBURN FOLSOM RD",54.00,W,N,A,-,N,,,,,,,,,,N,4,0,1,2,A,-,03,22350,,F,C,C,A,A,H,-,C,D,0,,,,,Y,,D,22,0,0,1,0,0,0,0,0,0,"- ","- ",38.743400573730469,-121.17099761962891,PLACER,UNINCORPORATED,-121.17079162597656,38.743495941162109
91673353,2021,2022-01-07,9220,2021-12-28,2200,016657,,2,3,9,3100,0,1,1,,2,282,I-80,"HORSESHOE BAR RD",143.00,E,N,B,C,Y,,,,,,,,,,Y,3,0,1,1,A,-,01,23152,A,N,E,8,A,B,H,-,C,D,0,,,,,Y,Y,A,01,0,1,0,0,0,0,0,0,0,"- ","- ",38.817501068115234,-121.18849182128906,PLACER,UNINCORPORATED,-121.18879699707031,38.817058563232422
91691959,2021,2022-02-02,9220,2021-12-13,0755,015917,,1,1,5,3105,0,1,1,,2,281,"I-80 EASTBOUND","ATLANTIC STREET",30.00,W,N,B,C,Y,,,80,,,,,,E,Y,3,0,1,4,A,-,03,22350,,N,D,C,A,B,H,-,A,D,0,,,,,Y,,A,07,0,1,0,0,0,0,0,0,0,"- ","- ",38.758460998535156,-121.26110076904297,PLACER,ROSEVILLE,-121.26123046875,38.758541107177734
9180078,2021,2021-01-26,3105,2021-01-04,1346,1145,,1,5,5,3105,0,0,0,,0,002,"NORTH SUNRISE AV","LEAD HILL BL",17.00,S,N,B,C,N,,,,,,,,,,Y,3,0,2,1,A,-,08,22100,B,N,E,I,A,B,A,H,A,A,0,,,,,Y,,A,01,0,2,0,0,0,0,0,0,0,"- ","- ",38.750820159912109,-121.26334381103516,PLACER,ROSEVILLE,-121.26338958740234,38.750797271728516
9201552,2021,2021-03-10,3105,2021-01-02,1352,1015,,6,5,5,3105,0,0,0,,0,004,"WASHINGTON BL","JUNCTION BL",18.00,N,N,B,-,N,,,,,,,,,,Y,4,0,1,2,A,-,03,22350,,N,C,C,A,B,H,-,A,A,0,,,,,Y,,A,08,0,0,1,0,0,0,0,0,0,"- ","- ",38.761409759521484,-121.29409790039062,PLACER,ROSEVILLE,-121.29421234130859,38.761463165283203
9201556,2021,2021-03-10,3105,2021-01-04,1350,1119,,1,5,5,3105,0,0,0,,0,002,"SUNRISE AV","CONROY LN",20.00,E,N,C,-,N,,,,,,,,,,Y,4,0,2,2,A,-,09,21804,A,N,D,C,A,B,H,-,A,D,0,,,,,Y,,D,22,0,0,2,0,0,0,0,0,0,"- ","- ",,,PLACER,ROSEVILLE,-121.27201843261719,38.737918853759766
9206309,2021,2021-03-17,3100,2021-01-25,0117,173,3100,1,5,2,3106,0,0,0,,0,PAUL,"BARTON RD","BART0N RD 5325",0.00,,Y,C,-,N,,,,,,,,,,Y,3,0,1,1,A,-,"- ",,,N,E,I,A,B,H,-,D,A,0,,,,,Y,,A,01,0,1,0,0,0,0,0,0,0,"- ","- ",,,PLACER,LOOMIS,-121.18877410888672,38.717395782470703
9208768,2021,2021-03-16,3104,2021-01-13,1907,277,37,3,5,4,3104,0,0,0,,0,002,"SUNSET BL","SPRINGVIEW DR",0.00,,Y,A,-,N,,,,,,,,,,Y,3,0,1,2,A,-,12,21453,A,N,D,C,A,A,H,-,C,A,0,,,,,Y,,A,07,0,1,0,0,0,0,0,0,0,"- ","- ",38.784690856933594,-121.24796295166016,PLACER,ROCKLIN,-121.24796295166016,38.784664154052734
9219086,2021,2021-03-01,3105,2021-01-09,1854,1115,,6,5,5,3105,0,0,0,,0,001,"GALLERIA BL","RT 65",165.00,S,N,A,-,Y,PLA,3,65,-,R,5.820,R,4,N,Y,4,0,2,2,A,-,08,22107,,N,B,C,A,A,H,-,C,D,0,,,,,Y,,A,07,0,0,2,0,0,0,0,0,0,"- ",NO,38.778621673583984,-121.26580047607422,PLACER,ROSEVILLE,-121.26410675048828,38.77667236328125
9219098,2021,2021-03-22,3105,2021-01-05,1428,186,,2,5,5,3105,0,0,0,,0,005,"STANFORD RANCH RD","FAIRWAY DR",0.00,,Y,A,-,N,,,,,,,,,,N,4,0,2,2,A,-,09,21453,C,N,A,C,A,A,H,-,A,A,0,,,,,Y,,D,22,0,0,2,0,0,0,0,0,0,"- ","- ",38.781810760498047,-121.26583099365234,PLACER,ROSEVILLE,-121.26573181152344,38.783638000488281
9219379,2021,2021-03-09,3104,2021-01-27,1832,298,38,3,5,4,3104,0,0,0,,0,003,"FAIRWAY DR","LIGHT POLE # 1396",69.00,S,N,C,-,N,,,,,,,,,,Y,3,0,1,1,A,-,01,23152,A,N,E,I,A,B,H,-,C,D,0,,,,,Y,Y,D,22,0,1,0,0,0,0,0,0,0,"- ","- ",38.789390563964844,-121.26357269287109,PLACER,ROCKLIN,,
9220034,2021,2021-03-18,3105,2021-01-05,0925,1148,,2,5,5,3105,0,0,0,,0,006,"JUNCTION BL","COUNTRY CLUB DR",0.00,,Y,E,-,N,,,,,,,,,,Y,4,0,2,2,A,-,12,21453,A,N,D,C,A,A,H,-,A,A,0,,,,,Y,,A,01,0,0,2,0,0,0,0,0,0,"- ","- ",38.759971618652344,-121.27870941162109,PLACER,ROSEVILLE,-121.32712554931641,38.756233215332031
9221539,2021,2021-02-18,3105,2021-01-04,1546,1145,,1,5,5,3105,0,0,0,,0,002,"CIRBY WY","SUNRISE AV",337.00,E,N,A,-,N,,,,,,,,,,N,3,0,1,2,A,-,08,22107,,N,A,C,A,B,H,-,A,A,0,,,,,Y,,A,01,0,1,0,0,0,0,0,0,0,"- ","- ",,,PLACER,ROSEVILLE,-121.27091217041016,38.729518890380859
9221990,2021,2021-03-16,3105,2021-02-13,1055,1072,,6,5,5,3105,0,0,0,,0,005,"PLEASANT GROVE BL","RT 65",0.00,,-,A,-,Y,PLA,3,65,-,R,7.082,R,4,N,Y,4,0,1,2,A,-,01,23152,F,N,C,C,A,A,H,-,A,A,0,,,,,Y,,-,,0,0,1,0,0,0,0,0,0,"- ","- ",38.789520263671875,-121.28179168701172,PLACER,ROSEVILLE,-121.28346252441406,38.786338806152344
9222051,2021,2021-03-19,3105,2021-02-24,1432,1130,,3,5,5,3105,0,0,0,,0,003,"EUREKA RD","RT 80",0.00,,Y,A,-,Y,PLA,3,80,-,-,2.811,R,4,W,Y,4,0,1,2,A,-,12,21453,A,N,A,C,A,A,H,-,A,A,0,,,,,Y,,A,07,0,0,1,0,0,0,0,0,0,"- ",WO,38.757560729980469,-121.26006317138672,PLACER,ROSEVILLE,-121.26365661621094,38.755157470703125
9223227,2021,2021-03-29,3105,2021-01-22,1325,1130,,5,5,5,3105,0,0,0,,0,002,"SUNRISE AV","SUN TREE DR",513.00,S,N,C,-,,,,,,,,,,,N,4,0,2,3,A,-,03,22350,,N,C,C,A,B,H,-,A,A,0,,,,,Y,,D,22,0,0,2,0,0,0,0,0,0,"- ","- ",38.727161407470703,-121.27207183837891,PLACER,ROSEVILLE,-121.27206420898438,38.725749969482422
9225071,2021,2021-03-20,3105,2021-01-29,1022,1154,,5,5,5,3105,0,0,0,,0,005,"ROSEVILLE PW","PLEASANT GROVE BL",361.00,E,N,B,-,N,,,,,,,,,,Y,4,0,1,1,A,-,03,22350,,N,E,I,A,B,H,-,A,A,0,,,,,Y,,D,73,0,0,1,0,0,0,0,0,0,"- ","- ",38.77825927734375,-121.28826141357422,PLACER,ROSEVILLE,-121.28713226318359,38.777847290039062
9225506,2021,2021-03-09,3105,2021-01-15,2241,1157,,5,5,5,3105,0,0,0,,0,006,"FOOTHILLS BL","BLUE OAKS BL",0.00,,Y,A,-,N,,,,,,,,,,Y,4,0,2,2,A,-,12,21453,A,N,D,C,A,A,H,-,C,A,0,,,,,Y,,A,01,0,0,2,0,0,0,0,0,0,"- ","- ",38.772598266601562,-121.31279754638672,PLACER,ROSEVILLE,-121.31382751464844,38.795516967773438
9226172,2021,2021-03-23,3105,2021-02-05,2123,1096,,5,5,5,3105,0,0,0,,0,003,"LINCOLN ST","VERNON ST",0.00,,Y,A,-,N,,,,,,,,,,Y,3,0,1,2,A,-,17,21451,A,N,A,C,A,A,H,-,C,A,0,,,,,Y,Y,A,01,0,1,0,0,0,0,0,0,0,"- ","- ",38.749900817871094,-121.28285217285156,PLACER,ROSEVILLE,-121.28282928466797,38.7498779296875
9226173,2021,2021-03-23,3105,2021-02-06,1312,1121,,6,5,5,3105,0,0,0,,0,002,"EUREKA RD","TAYLOR RD",528.00,E,N,A,-,N,,,,,,,,,,,4,0,1,1,A,-,03,22350,,N,E,C,A,A,H,-,A,A,0,,,,,Y,,A,01,0,0,1,0,0,0,0,0,0,"- ","- ",38.755599975585938,-121.25511932373047,PLACER,ROSEVILLE,-121.25799560546875,38.756809234619141
9226174,2021,2021-03-23,3105,2021-02-10,1433,1009,,3,5,5,3105,0,0,0,,0,006,"INDUSTRIAL AV","FREEDOM WY",0.00,,Y,A,-,N,,,,,,,,,,Y,3,0,2,2,A,-,09,21801,A,N,D,C,A,A,H,-,A,-,0,,,,,Y,,A,01,0,2,0,0,0,0,0,0,0,"- ","- ",38.793708801269531,-121.30789184570312,PLACER,ROSEVILLE,-121.30788421630859,38.793708801269531
9227015,2021,2021-03-23,3105,2021-02-19,0457,1158,,5,5,5,3105,0,0,0,,0,006,"BLUE OAKS BL","NIBLICK DR",0.00,,Y,C,-,N,,,,,,,,,,N,3,0,1,2,A,-,00,21955,1,N,G,B,D,B,H,-,C,D,0,Y,,,,Y,Y,N,60,0,1,0,0,1,0,0,0,0,"- ","- ",38.795520782470703,-121.31385803222656,PLACER,ROSEVILLE,-121.31192016601562,38.795272827148438
9228240,2021,2021-03-24,3100,2021-02-09,1515,62,,2,5,2,3106,0,0,0,,0,LO-P,"SIERRA COLLEGE BL","TAYLOR RD",0.00,,Y,A,-,N,,,,,,,,,,N,4,0,3,3,A,-,08,22107,,N,D,C,A,A,H,-,A,A,0,,,,,Y,,-,,0,0,3,0,0,0,0,0,0,"- ","- ",,,PLACER,LOOMIS,-121.20587158203125,38.812084197998047
9228640,2021,2021-04-12,3101,2021-02-05,1827,A691,AU12,5,5,3,3101,0,0,0,,0,0A1,"GRASS VALLEY HWY","PALM AV",0.00,N,N,A,-,Y,PLA,3,49,-,-,4.050,H,-,S,N,2,0,2,5,A,-,03,22350,,N,D,C,A,A,H,-,D,D,0,,,,,Y,,A,01,1,1,0,0,0,0,0,0,0,"- ","- ",38.908390045166016,-121.07695770263672,PLACER,AUBURN,-121.07753753662109,38.912220001220703
9230495,2021,2021-04-06,3105,2021-02-04,1207,1154,,4,5,5,3105,0,0,0,,0,006,"BLUE OAKS BL","PRAIRIE WOODS WY",0.00,,Y,A,-,N,,,,,,,,,,N,3,0,1,2,A,-,05,21650,1,N,B,G,A,A,H,-,A,A,0,,Y,,,Y,,L,04,0,1,0,0,0,0,1,0,0,"- ","- ",38.795211791992188,-121.33399963378906,PLACER,ROSEVILLE,-121.333984375,38.795230865478516
9231397,2021,2021-03-16,3105,2021-02-13,1450,1141,,6,5,5,3105,0,0,0,,0,003,"DOUGLAS BL","RT 80",0.00,,Y,A,-,Y,PLA,3,80,-,-,2.009,R,4,W,Y,4,0,1,3,A,-,03,22350,,N,C,C,A,A,H,-,A,A,0,,,,,Y,,A,01,0,0,1,0,0,0,0,0,0,"- ",WO,38.743991851806641,-121.27435302734375,PLACER,ROSEVILLE,-121.27056121826172,38.744533538818359
9232391,2021,2021-03-16,3105,2021-01-28,1628,1009,,4,5,5,3105,0,0,0,,0,001,"TAYLOR RD","EUREKA RD",610.00,N,N,B,-,N,,,,,,,,,,Y,4,0,2,2,A,-,07,21658,A,N,B,C,A,B,H,-,B,D,0,,,,,Y,,A,07,0,0,2,0,0,0,0,0,0,"- ","- ",38.758869171142578,-121.25888061523438,PLACER,ROSEVILLE,-121.25839996337891,38.758792877197266
9232602,2021,2021-04-13,3105,2021-02-05,1609,1152,,5,5,5,3105,0,0,0,,0,006,"BLUE OAKS BL","FIDELITY WY",0.00,,Y,A,-,N,,,,,,,,,,Y,4,0,1,3,A,-,03,22350,,N,C,C,A,A,H,-,-,D,0,,,,Y,Y,,A,08,0,0,1,0,0,0,0,0,0,"- ","- ",38.795379638671875,-121.30428314208984,PLACER,ROSEVILLE,-121.3043212890625,38.795383453369141
9232978,2021,2021-03-05,3105,2021-01-25,1745,1115,,1,5,5,3105,0,0,0,,0,001,"E ROSEVILLE PW","SECRET RAVINE PKWY",80.00,W,N,A,-,N,,,,,,,,,,N,4,0,1,2,A,-,03,22350,,N,C,C,A,A,H,-,C,A,0,,,,,Y,,A,01,0,0,1,0,0,0,0,0,0,"- ","- ",38.762020111083984,-121.25147247314453,PLACER,ROSEVILLE,-121.24801635742188,38.761837005615234
9235079,2021,2021-03-30,3105,2021-02-05,2355,110,,5,5,5,3105,0,0,0,,0,003,"CIRBY WY","FOOTHILLS BL",0.00,,Y,A,-,N,,,,,,,,,,Y,3,0,1,1,A,-,03,22350,,N,E,I,A,A,H,-,C,A,0,,,,,Y,,A,01,0,1,0,0,0,0,0,0,0,"- ","- ",38.729259490966797,-121.30406188964844,PLACER,ROSEVILLE,-121.30377960205078,38.729518890380859
9235080,2021,2021-03-30,3105,2021-02-10,1819,1131,,3,5,5,3105,0,0,0,,0,002,"DOUGLAS BL","SUNRISE AV",9.00,E,N,A,-,N,,,,,,,,,,N,4,0,1,2,A,-,10,21950,A,N,A,G,A,A,H,-,C,A,0,,Y,,,Y,,A,07,0,0,1,0,0,0,1,0,0,"- ","- ",38.744129180908203,-121.26622772216797,PLACER,ROSEVILLE,-121.26616668701172,38.744098663330078
9235133,2021,2021-03-29,3105,2021-02-23,2027,1129,,2,5,5,3105,0,0,0,,0,001,"TAYLOR RD","E ROSEVILLE PKWY E",0.00,,Y,A,-,N,,,,,,,,,,Y,4,0,2,2,A,-,12,21453,A,N,B,C,A,A,H,-,C,A,0,,,,,Y,,A,01,0,0,2,0,0,0,0,0,0,"- ","- ",38.762008666992188,-121.25586700439453,PLACER,ROSEVILLE,-121.25586700439453,38.762008666992188
9235898,2021,2021-03-20,3103,2021-02-06,2030,CSOBE,L9,6,5,2,3103,0,0,0,,0,0L2,"NEWBRIDGE LN","BARRINGTON LN",0.00,,Y,A,-,N,,,,,,,,,,N,3,0,1,1,A,-,03,22350,,N,F,A,A,A,H,-,C,D,0,,,Y,,Y,,C,03,0,1,0,0,0,0,0,0,1,"- ","- ",38.879508972167969,-121.29873657226562,PLACER,LINCOLN,-121.29867553710938,38.879566192626953