CASE_ID,ACCIDENT_YEAR,PROC_DATE,JURIS,COLLISION_DATE,COLLISION_TIME,OFFICER_ID,REPORTING_DISTRICT,DAY_OF_WEEK,CHP_SHIFT,POPULATION,CNTY_CITY_LOC,SPECIAL_COND,BEAT_TYPE,CHP_BEAT_TYPE,CITY_DIVISION_LAPD,CHP_BEAT_CLASS,BEAT_NUMBER,PRIMARY_RD,SECONDARY_RD,DISTANCE,DIRECTION,INTERSECTION,WEATHER_1,WEATHER_2,STATE_HWY_IND,CALTRANS_COUNTY,CALTRANS_DISTRICT,STATE_ROUTE,ROUTE_SUFFIX,POSTMILE_PREFIX,POSTMILE,LOCATION_TYPE,RAMP_INTERSECTION,SIDE_OF_HWY,TOW_AWAY,COLLISION_SEVERITY,NUMBER_KILLED,NUMBER_INJURED,PARTY_COUNT,PRIMARY_COLL_FACTOR,PCF_CODE_OF_VIOL,PCF_VIOL_CATEGORY,PCF_VIOLATION,PCF_VIOL_SUBSECTION,HIT_AND_RUN,TYPE_OF_COLLISION,MVIW,PED_ACTION,ROAD_SURFACE,ROAD_COND_1,ROAD_COND_2,LIGHTING,CONTROL_DEVICE,CHP_ROAD_TYPE,PEDESTRIAN_ACCIDENT,BICYCLE_ACCIDENT,MOTORCYCLE_ACCIDENT,TRUCK_ACCIDENT,NOT_PRIVATE_PROPERTY,ALCOHOL_INVOLVED,STWD_VEHTYPE_AT_FAULT,CHP_VEHTYPE_AT_FAULT,COUNT_SEVERE_INJ,COUNT_VISIBLE_INJ,COUNT_COMPLAINT_PAIN,COUNT_PED_KILLED,COUNT_PED_INJURED,COUNT_BICYCLIST_KILLED,COUNT_BICYCLIST_INJURED,COUNT_MC_KILLED,COUNT_MC_INJURED,PRIMARY_RAMP,SECONDARY_RAMP,LATITUDE,LONGITUDE,COUNTY,CITY,POINT_X,POINT_Y
9235900,2021,2021-03-20,3103,2021-02-18,1700,AELLI,L8,4,5,2,3103,0,0,0,,0,0L4,"TWELVE BRIDGES DR","E JOINER PKWY",0.00,,Y,A,-,N,,,,,,,,,,N,3,0,1,2,A,-,03,22350,,N,C,C,A,A,H,-,A,A,0,,,,,Y,,A,01,0,1,0,0,0,0,0,0,0,"- ","- ",38.851318359375,-121.28463745117188,PLACER,LINCOLN,-121.28462219238281,38.851318359375
9236041,2021,2021-03-29,3103,2021-02-28,1400,BSCHN,L7,7,5,2,3103,0,0,0,,0,0L4,"E JOINER PKWY","DEL WEBB BL",0.00,,Y,A,-,N,,,,,,,,,,Y,4,0,2,2,A,-,03,22350,,N,C,C,A,A,H,-,A,A,0,,,,,Y,,A,07,0,0,2,0,0,0,0,0,0,"- ","- ",38.869281768798828,-121.29164123535156,PLACER,LINCOLN,-121.29165649414062,38.869289398193359
9236156,2021,2021-04-15,3103,2021-02-22,1630,BSCHN,L6,1,5,2,3103,0,0,0,,0,0L4,"FERRARI RANCH RD","RT 193",972.00,S,N,A,-,N,,,,,,,,,,Y,3,0,1,3,A,-,05,21460,A,N,B,C,A,A,H,-,A,D,0,,,,,Y,,E,72,0,1,0,0,0,0,0,0,0,"- ","- ",38.890110015869141,-121.28053283691406,PLACER,LINCOLN,-121.28064727783203,38.890140533447266
9238090,2021,2021-03-29,3105,2021-02-14,2500,1133,,7,5,5,3105,0,0,0,,0,002,"DOUGLAS BL","SIERRA COLLEGE",369.00,W,N,A,-,N,,,,,,,,,,Y,3,0,4,2,A,-,04,21703,,N,C,C,A,A,H,-,C,A,0,,,,,Y,Y,A,01,0,1,3,0,0,0,0,0,0,"- ","- ",38.742019653320312,-121.22847747802734,PLACER,ROSEVILLE,-121.22751617431641,38.743976593017578
9238498,2021,2021-04-16,3105,2021-03-05,0340,1113,,5,5,5,3105,0,0,0,,0,003,"SUNRISE AV","CIRBY WY",0.00,,Y,A,-,N,,,,,,,,,,Y,4,0,1,2,A,-,09,21453,C,N,D,C,A,A,H,-,C,A,0,,,,,Y,,A,01,0,0,1,0,0,0,0,0,0,"- ","- ",,,PLACER,ROSEVILLE,-121.27208709716797,38.729511260986328
9238499,2021,2021-04-16,3105,2021-03-04,2033,1148,,4,5,5,3105,0,0,0,,0,006,"FOOTHILLS BL","ROSEVILLE PKWY",0.00,,Y,A,-,,,,,,,,,,,Y,3,0,3,2,A,-,08,22101,D,N,D,C,A,-,A,H,C,A,0,,,,,Y,,A,01,0,1,2,0,0,0,0,0,0,"- ","- ",38.787498474121094,-121.31242370605469,PLACER,ROSEVILLE,-121.31379699707031,38.788120269775391
9238821,2021,2021-04-14,3105,2021-03-13,2221,1154,,6,5,5,3105,0,0,0,,0,003,"CIRBY WY","FOOTHILL BL",0.00,,Y,A,-,N,,,,,,,,,,N,4,0,1,2,A,-,12,21453,A,N,D,C,A,A,H,-,C,A,0,,,,,Y,,A,01,0,0,1,0,0,0,0,0,0,"- ","- ",38.729259490966797,-121.30406188964844,PLACER,ROSEVILLE,-121.30377960205078,38.729518890380859
9238823,2021,2021-04-14,3105,2021-03-08,1613,1152,,1,5,5,3105,0,0,0,,0,007,"N HAYDEN PW","KATAMA PL",0.00,,Y,B,-,N,,,,,,,,,,Y,3,0,1,1,C,-,18,,,N,E,I,A,A,H,-,A,D,0,,,,,Y,,-,"- ",0,1,0,0,0,0,0,0,0,"- ","- ",38.805179595947266,-121.36595916748047,PLACER,ROSEVILLE,,
9238992,2021,2021-03-30,3105,2021-02-27,1214,1145,,6,5,5,3105,0,0,0,,0,002,"PROFESSIONAL DR","ROCKY RIDGE DR",0.00,,Y,A,-,N,,,,,,,,,,Y,4,0,1,2,A,-,12,21453,A,N,D,C,A,A,H,-,-,A,0,,,,,Y,,A,01,0,0,1,0,0,0,0,0,0,"- ","- ",,,PLACER,ROSEVILLE,-121.25353240966797,38.742130279541016
9240959,2021,2021-04-07,3101,2021-03-06,1300,A341,AU12,6,5,3,3101,0,0,0,,0,0A1,"GRASS VALLEY HWY","GARFIELD AV",0.00,,Y,A,-,Y,PLA,3,49,-,-,3.340,H,-,N,N,3,0,1,2,A,-,"- ",,,N,A,C,A,A,H,-,A,D,0,,,,,Y,,D,73,0,1,0,0,0,0,0,0,0,"- ","- ",38.902870178222656,-121.07557678222656,PLACER,AUBURN,-121.07570648193359,38.902050018310547
9243378,2021,2021-04-14,3105,2021-03-28,2500,1133,,7,5,5,3105,0,0,0,,0,002,"ROCKY RIDGE DR","CIRBY WY",116.00,N,N,A,-,N,,,,,,,,,,Y,4,0,1,1,A,-,03,22350,,N,E,I,A,A,H,-,A,A,0,,,,,Y,Y,A,01,0,0,1,0,0,0,0,0,0,"- ","- ",38.729560852050781,-121.25586700439453,PLACER,ROSEVILLE,-121.25589752197266,38.729869842529297
9243384,2021,2021-04-19,3105,2021-03-22,0606,1132,,1,5,5,3105,0,0,0,,0,006,"PLEASANT GROVE BL","FOOTHILLS BL",0.00,,Y,B,-,N,,,,,,,,,,Y,4,0,2,2,A,-,12,21453,A,N,D,C,A,A,H,-,B,A,0,,,,,Y,,A,01,0,0,2,0,0,0,0,0,0,"- ","- ",,,PLACER,ROSEVILLE,-121.31288146972656,38.772449493408203
9243390,2021,2021-04-19,3104,2021-03-25,2013,298,11,4,5,4,3104,0,0,0,,0,004,"BLUE OAKS","LONE TREE BL",0.00,,Y,A,-,N,,,,,,,,,,Y,3,0,1,2,A,-,12,21453,A,N,D,C,A,A,H,-,C,A,0,,,,,Y,,A,01,0,1,0,0,0,0,0,0,0,"- ","- ",38.7958984375,-121.29158782958984,PLACER,ROCKLIN,-121.29160308837891,38.796028137207031
9243391,2021,2021-04-19,3104,2021-03-23,1730,304,36,2,5,4,3104,0,0,0,,0,002,"MIDAS AV","3RD ST",12.00,N,N,A,-,N,,,,,,,,,,Y,3,0,1,2,A,-,03,22350,,N,C,C,A,A,H,-,A,D,0,,,,,Y,,A,08,0,1,0,0,0,0,0,0,0,"- ","- ",38.796340942382812,-121.23593139648438,PLACER,ROCKLIN,-121.23593902587891,38.796337127685547
9243477,2021,2021-04-14,3103,2021-03-25,1115,DSEAR,L7,4,5,2,3103,0,0,0,,0,0L4,"LINCOLN BL","STERLING PKWY",0.00,,Y,A,-,N,,,,,,,,,,Y,4,0,1,1,A,-,01,23152,A,N,E,I,A,A,H,-,A,D,0,,,,,Y,Y,A,01,0,0,1,0,0,0,0,0,0,"- ","- ",38.865940093994141,-121.30088043212891,PLACER,LINCOLN,-121.29940032958984,38.869972229003906
9243854,2021,2021-04-21,3105,2021-03-19,1545,1107,,5,5,5,3105,0,0,0,,0,,"FIDDYMENT RD","HAYDEN PKWY",20.00,N,N,A,-,N,,,,,,,,,,Y,3,0,1,2,A,-,03,22350,,N,C,C,A,A,H,-,A,A,0,,,,,Y,,D,73,0,1,0,0,0,0,0,0,0,"- ","- ",38.783840179443359,-121.35859680175781,PLACER,ROSEVILLE,-121.35868072509766,38.783794403076172
9243898,2021,2021-04-29,3105,2021-03-24,1351,1160,,3,5,5,3105,0,0,0,,0,002,"DOUGLAS BL","STRAUCH DR",0.00,,Y,A,-,N,,,,,,,,,,N,2,0,1,2,A,-,10,21950,A,N,G,B,B,A,H,-,A,A,0,Y,,,,Y,,D,22,1,0,0,0,1,0,0,0,0,"- ","- ",38.744331359863281,-121.25502014160156,PLACER,ROSEVILLE,-121.25502014160156,38.744182586669922
9243903,2021,2021-04-21,3103,2021-03-17,1329,AELLI,L8,3,5,2,3103,0,0,0,,0,0L4,"BARTOLI WY","ROMANO DR",243.00,N,N,A,-,N,,,,,,,,,,N,2,0,1,2,A,-,21,22106,,N,G,B,E,A,H,-,A,D,0,Y,,,Y,Y,,F,26,1,0,0,0,1,0,0,0,0,"- ","- ",,,PLACER,LINCOLN,-121.24519348144531,38.846038818359375
9243907,2021,2021-04-29,3103,2021-03-21,0056,CSOBE,L3,7,5,2,3103,0,0,0,,0,0L1,"4TH ST","Q ST",272.00,W,N,A,-,N,,,,,,,,,,Y,3,0,1,4,A,-,01,23152,A,N,C,E,A,A,H,-,C,D,0,,,,,Y,Y,A,01,0,1,0,0,0,0,0,0,0,"- ","- ",38.890121459960938,-121.30670166015625,PLACER,LINCOLN,-121.30724334716797,38.890369415283203
9248045,2021,2021-04-15,3100,2021-02-20,1516,206,,6,5,2,3106,0,0,0,,0,LO-P,"HORSESHOE BAR RD","I-80 E",0.00,,Y,A,-,N,,,,,,,,,,Y,4,0,1,2,A,-,04,21703,,N,C,C,A,A,H,-,A,D,0,,,,,Y,,-,,0,0,1,0,0,0,0,0,0,"- ","- ",,,PLACER,LOOMIS,-121.18901824951172,38.816650390625
9248225,2021,2021-04-26,3100,2021-03-11,1714,211,,4,5,2,3106,0,0,0,,0,LOP,"HORSESHOE BAR RD","RT 80",6.00,W,N,A,-,Y,PLA,3,80,-,-,8.855,R,4,E,Y,3,0,1,2,A,-,09,21804,A,N,A,C,A,A,H,-,A,A,0,,,,,Y,,-,,0,1,0,0,0,0,0,0,0,"- ","- ",,,PLACER,LOOMIS,-121.18734741210938,38.818069458007812
9248869,2021,2021-04-30,3105,2021-04-10,1319,1117,,6,5,5,3105,0,0,0,,0,005,"FAIRWAY DR","PLEASANT GROVE BL",770.00,E,N,A,-,N,,,,,,,,,,N,4,0,1,2,A,-,09,21804,B,N,D,C,A,A,H,-,A,D,0,,,,Y,Y,,A,07,0,0,1,0,0,0,0,0,0,"- ","- ",38.788669586181641,-121.27883911132812,PLACER,ROSEVILLE,-121.28370666503906,38.790184020996094
9249133,2021,2021-04-30,3104,2021-04-05,1045,226,5,1,5,4,3104,0,0,0,,0,004,"ANVIL CR","ANVIL CT",40.00,W,N,A,-,N,,,,,,,,,,N,3,0,1,2,A,-,09,21804,A,N,D,G,A,A,H,-,A,A,0,,Y,,,Y,,L,04,0,1,0,0,0,0,1,0,0,"- ","- ",38.825641632080078,-121.27606964111328,PLACER,ROCKLIN,-121.27630615234375,38.82574462890625
9250186,2021,2021-05-03,3104,2021-04-04,0000,301,7,7,5,4,3104,0,0,0,,0,004,"WILDCAT BL","WHITNEY RANCH PKWY",15.00,N,N,A,-,N,,,,,,,,,,N,3,0,1,2,A,-,07,21658,A,N,B,C,A,A,H,-,A,A,0,,,,,Y,,A,01,0,1,0,0,0,0,0,0,0,"- ","- ",38.830551147460938,-121.28795623779297,PLACER,ROCKLIN,-121.28810119628906,38.830490112304688
9250722,2021,2021-05-17,3105,2021-04-08,0630,197,,4,5,5,3105,0,0,0,,0,002,"EUREKA RD","ASHFORD DR",100.00,S,N,A,-,N,,,,,,,,,,Y,4,0,2,2,A,-,08,22107,,N,B,C,A,A,H,-,B,A,0,,,,,Y,,A,01,0,0,2,0,0,0,0,0,0,"- ","- ",38.738510131835938,-121.24075317382812,PLACER,ROSEVILLE,-121.240478515625,38.738311767578125
9250724,2021,2021-05-17,3105,2021-04-07,1430,1160,,3,5,5,3105,0,0,0,,0,003,"AUBURN BL","WHYTE AV",0.00,,Y,A,-,N,,,,,,,,,,N,4,0,2,2,A,-,08,22107,,N,B,C,A,A,H,-,A,D,0,,,,,Y,,A,01,0,0,2,0,0,0,0,0,0,"- ","- ",38.722068786621094,-121.29042053222656,PLACER,ROSEVILLE,-121.29043579101562,38.722087860107422
9250940,2021,2021-05-05,3105,2021-03-06,1746,1158,,6,5,5,3105,0,0,0,,0,007,"BLUE OAKS BL","CROCKER RANCHO RD",5.00,E,N,A,-,N,,,,,,,,,,N,4,0,1,2,A,-,03,22350,,F,C,C,A,A,H,-,A,A,0,,,,,Y,Y,-,99,0,0,1,0,0,0,0,0,0,"- ","- ",38.795341491699219,-121.34127044677734,PLACER,ROSEVILLE,-121.34123992919922,38.79534912109375
9250969,2021,2021-05-06,3105,2021-04-20,1414,1015,,2,5,5,3105,0,0,0,,0,006,"BLUE OAKS BL","NEW MEADOW DR",146.00,W,N,A,-,N,,,,,,,,,,N,3,0,1,2,D,-,00,,,N,B,C,A,A,H,-,A,B,0,,,Y,,Y,,-,"- ",0,1,0,0,0,0,0,0,1,"- ","- ",38.795501708984375,-121.32479095458984,PLACER,ROSEVILLE,-121.32209014892578,38.795291900634766
9250972,2021,2021-05-06,3105,2021-04-06,1026,184,,2,5,5,3105,0,0,0,,0,006,"JUNCTION BL","COUNTRY CLUB DR",500.00,W,N,A,-,N,,,,,,,,,,Y,3,0,1,2,A,-,07,21658,A,N,B,C,A,A,H,-,A,D,0,,,,,Y,,A,01,0,1,0,0,0,0,0,0,0,"- ","- ",38.756229400634766,-121.32711791992188,PLACER,ROSEVILLE,-121.32882690429688,38.756580352783203
9250974,2021,2021-05-06,3105,2021-04-11,0327,1138,,7,5,5,3105,0,0,0,,0,003,"RIVERSIDE AV","CIRBY WAY",0.00,,Y,A,-,N,,,,,,,,,,Y,4,0,1,1,A,-,01,23152,A,N,E,I,A,A,H,-,-,A,0,,,,,Y,Y,A,01,0,0,1,0,0,0,0,0,0,"- ","- ",38.725109100341797,-121.29045867919922,PLACER,ROSEVILLE,-121.29045867919922,38.729347229003906
9250976,2021,2021-05-06,3105,2021-04-15,1830,1113,,4,5,5,3105,0,0,0,,0,003,"FOLSOM RD","LINDA DR",0.00,,Y,A,-,N,,,,,,,,,,N,4,0,2,2,A,-,03,22350,,F,C,C,A,A,H,-,A,D,0,,,,,Y,,-,,0,0,2,0,0,0,0,0,0,"- ","- ",,,PLACER,ROSEVILLE,-121.28021240234375,38.750194549560547
9254818,2021,2021-05-05,3105,2021-04-06,1635,1115,,2,5,5,3105,0,0,0,,0,001,"GALLERIA BL","RT 65",150.00,S,N,A,-,Y,PLA,3,65,-,R,5.820,R,4,S,Y,4,0,1,2,A,-,03,22350,,N,C,C,A,A,H,-,-,A,0,,,,,Y,,D,23,0,0,1,0,0,0,0,0,0,"- ",NO,38.778621673583984,-121.26580047607422,PLACER,ROSEVILLE,-121.26412200927734,38.776420593261719
9254861,2021,2021-04-29,3105,2021-03-31,1539,1162,,3,5,5,3105,0,0,0,,0,006,"PLEASANT GROVE BL","FOOTHILL BL",675.00,W,N,A,-,N,,,,,,,,,,Y,4,0,2,2,A,-,09,21801,A,N,D,C,A,A,H,-,A,D,0,,,,,Y,,A,01,0,0,2,0,0,0,0,0,0,"- ","- ",,,PLACER,ROSEVILLE,-121.31521606445312,38.772216796875
9254974,2021,2021-05-05,3105,2021-04-21,0700,197,,3,5,5,3105,0,0,0,,0,002,"DOUGLAS BL","N SUNRISE AV N",0.00,,Y,A,-,N,,,,,,,,,,Y,4,0,1,2,A,-,12,21453,A,N,D,C,A,A,H,-,A,A,0,,,,,Y,,D,22,0,0,1,0,0,0,0,0,0,"- ","- ",38.744129180908203,-121.26622772216797,PLACER,ROSEVILLE,-121.26619720458984,38.744098663330078
9255031,2021,2021-05-05,3105,2021-04-15,0627,1109,,4,5,5,3105,0,0,0,,0,003,"CIRBY WY","VERNON ST",0.00,,Y,A,-,N,,,,,,,,,,Y,3,0,1,2,A,-,12,21453,A,N,A,C,A,A,H,-,A,A,0,,,,,Y,,D,22,0,1,0,0,0,0,0,0,0,"- ","- ",38.72930908203125,-121.29972839355469,PLACER,ROSEVILLE,-121.29971313476562,38.729286193847656
9256402,2021,2021-07-22,3105,2021-04-04,1452,180,,7,5,5,3105,0,0,0,,0,006,"WOODCREEK OAKS BL","LIVERPOOL LN",0.00,,Y,A,-,N,,,,,,,,,,Y,1,1,1,1,A,-,01,23153,F,N,F,I,A,-,H,-,A,D,0,,,,,Y,,A,01,0,1,0,0,0,0,0,0,0,"- ","- ",38.784431457519531,-121.33322143554688,PLACER,ROSEVILLE,-121.33389282226562,38.783233642578125
9256869,2021,2021-05-13,3105,2021-03-21,1046,1161,,7,5,5,3105,0,0,0,,0,005,"PLEASANT GROVE BL","HIGHLAND POINTE DR",0.00,,Y,A,-,N,,,,,,,,,,N,3,0,1,2,A,-,03,22350,,N,A,B,B,A,H,-,A,D,0,Y,,,,Y,,-,,0,1,0,0,1,0,0,0,0,"- ","- ",38.787860870361328,-121.28949737548828,PLACER,ROSEVILLE,-121.2867431640625,38.783275604248047
9256996,2021,2021-05-28,3105,2021-04-26,1614,1121,,1,5,5,3105,0,0,0,,0,004,"WASHINGTON BL","GROVE ST",3.00,W,N,A,-,N,,,,,,,,,,N,4,0,1,2,A,-,09,21804,A,N,G,G,A,A,H,-,A,A,0,,Y,,,Y,,D,72,0,0,1,0,0,0,1,0,0,"- ","- ",38.752918243408203,-121.28790283203125,PLACER,ROSEVILLE,-121.28788757324219,38.752941131591797
9258906,2021,2021-05-19,3103,2021-04-15,1454,BSCHN,L5,4,5,2,3103,0,0,0,,0,0L3,"LINCOLN BL","3RD ST",191.00,N,N,A,-,N,,,,,,,,,,N,4,0,1,3,A,-,"- ",,,M,H,G,A,A,H,-,A,D,0,,Y,,Y,Y,,L,04,0,0,1,0,0,0,1,0,0,"- ","- ",38.889610290527344,-121.29277038574219,PLACER,LINCOLN,-121.29280090332031,38.889705657958984
9259454,2021,2021-05-12,3103,2021-04-18,2207,BRPGR,L6,7,5,2,3103,0,0,0,,0,0L4,"FERRARI RANCH RD","LINCOLN RD",0.00,,Y,A,-,N,,,,,,,,,,Y,3,0,1,2,A,-,01,23153,A,N,C,C,A,A,H,-,C,A,0,,,,,Y,Y,A,07,0,1,0,0,0,0,0,0,0,"- ","- ",38.879631042480469,-121.29543304443359,PLACER,LINCOLN,-121.29541015625,38.879631042480469
9260064,2021,2021-05-20,3105,2021-05-01,1916,1141,,6,5,5,3105,0,0,0,,0,004,"GALLERIA BL","BERRY ST",0.00,,Y,A,-,N,,,,,,,,,,N,3,0,2,2,A,-,03,22350,,N,D,C,A,A,H,-,A,D,0,,,,,Y,,A,01,0,2,0,0,0,0,0,0,0,"- ","- ",38.763629913330078,-121.26773834228516,PLACER,ROSEVILLE,-121.26567840576172,38.759391784667969
9261151,2021,2021-05-05,3105,2021-04-17,0952,1063,,6,5,5,3105,0,0,0,,0,,"DOUGLAS BL","SUNRISE AV",578.00,W,N,A,-,Y,PLA,3,80,-,-,2.188,R,4,W,Y,4,0,2,2,A,-,12,21453,A,N,D,C,A,A,H,-,-,A,0,,,,,Y,,A,01,0,0,2,0,0,0,0,0,0,"- ","- ",38.744129180908203,-121.26622772216797,PLACER,ROSEVILLE,-121.26901245117188,38.746902465820312
9262024,2021,2021-05-17,3104,2021-04-20,1832,276,43,2,5,4,3104,0,0,0,,0,001,"RT 80","ROCKLIN RD",0.00,,Y,A,-,Y,PLA,3,80,-,-,6.214,R,4,W,Y,4,0,1,2,A,-,12,21453,A,N,D,C,A,A,H,-,A,A,0,,,,,Y,,A,01,0,0,1,0,0,0,0,0,0,WF,"- ",38.789619445800781,-121.22061920166016,PLACER,ROCKLIN,-121.22090148925781,38.790096282958984
9262085,2021,2021-05-07,3104,2021-04-19,0629,315,25,1,5,4,3104,0,0,0,,0,003,"PARK DR","STANFORD RANCH RD",0.00,,Y,A,-,N,,,,,,,,,,N,3,0,1,1,B,-,22,,,N,F,A,A,A,H,-,A,A,0,,Y,,,Y,,-,"- ",0,1,0,0,0,0,1,0,0,"- ","- ",38.814510345458984,-121.25784301757812,PLACER,ROCKLIN,-121.25804901123047,38.814407348632812
9262641,2021,2021-05-20,3105,2021-04-26,2304,1128,,1,5,5,3105,0,0,0,,0,003,"CIRBY WY","MELODY LN",0.00,,Y,A,-,N,,,,,,,,,,N,2,0,1,2,A,-,05,21202,A,F,G,G,A,A,H,-,C,A,0,,Y,,,Y,Y,L,04,1,0,0,0,0,0,1,0,0,"- ","- ",,,PLACER,ROSEVILLE,-121.29210662841797,38.729339599609375
9262643,2021,2021-05-20,3105,2021-04-20,1144,1159,,2,5,5,3105,0,0,0,,0,006,"ROSEVILLE PKWY","BLUE OAKS BL",0.00,,Y,A,-,N,,,,,,,,,,Y,4,0,1,2,A,-,21,22106,,N,C,C,A,A,H,-,A,A,0,,,,,Y,,A,01,0,0,1,0,0,0,0,0,0,"- ","- ",38.795230865478516,-121.32317352294922,PLACER,ROSEVILLE,,
9262644,2021,2021-05-21,3105,2021-04-23,2342,1163,,5,5,5,3105,0,0,0,,0,006,"BASELINE RD","LONGVIEW DR",0.00,,Y,B,G,N,,,,,,,,,,Y,4,0,6,1,A,-,03,22350,,N,F,A,A,A,H,-,C,A,0,,,,,Y,,A,07,0,0,6,0,0,0,0,0,0,"- ","- ",38.751869201660156,-121.32108306884766,PLACER,ROSEVILLE,-121.32106781005859,38.751865386962891
9262893,2021,2021-05-13,3104,2021-04-24,1400,296,42,6,5,4,3104,0,0,0,,0,001,"SCHRIBER WY","SIERRA COLLEGE BL",865.00,E,N,A,-,N,,,,,,,,,,N,3,0,1,2,A,-,09,21801,A,N,D,C,A,A,H,-,A,D,0,,,Y,,Y,,A,01,0,1,0,0,0,0,0,0,1,"- ","- ",38.7994384765625,-121.20542144775391,PLACER,ROCKLIN,-121.20248413085938,38.799503326416016
9263269,2021,2021-06-16,3105,2021-05-02,1737,1115,,7,5,5,3105,0,0,0,,0,003,"JUDAH ST","ROYER ST",0.00,,Y,A,-,N,,,,,,,,,,N,4,0,1,2,A,-,09,21802,A,N,D,C,A,A,H,-,A,D,0,,,,,Y,,A,01,0,0,1,0,0,0,0,0,0,"- ","- ",38.744720458984375,-121.28559875488281,PLACER,ROSEVILLE,-121.28559875488281,38.744712829589844
9263460,2021,2021-05-18,3105,2021-04-24,1552,1145,,6,5,5,3105,0,0,0,,0,002,"SUNRISE AV","MADDEN LN",0.00,,Y,A,-,N,,,,,,,,,,Y,3,0,1,2,A,-,08,22107,,N,D,C,A,A,H,-,A,D,0,,,,,Y,,A,01,0,1,0,0,0,0,0,0,0,"- ","- ",,,PLACER,ROSEVILLE,-121.27206420898438,38.731742858886719
9263871,2021,2021-05-25,3105,2021-04-28,1607,1160,,3,5,5,3105,0,0,0,,0,002,"NORTH SUNRISE AV","EUREKA RD",0.00,,Y,A,-,N,,,,,,,,,,N,4,0,1,2,A,-,04,21703,,N,C,C,A,A,H,-,A,A,0,,,,,Y,,A,01,0,0,1,0,0,0,0,0,0,"- ","- ",38.755599975585938,-121.25511932373047,PLACER,ROSEVILLE,-121.255126953125,38.755584716796875
9263872,2021,2021-05-25,3105,2021-04-27,1730,1063,,2,5,5,3105,0,0,0,,0,003,"CIRBY WY","MELODY LN",0.00,,Y,A,-,N,,,,,,,,,,N,4,0,1,2,A,-,03,22350,,N,C,C,A,A,H,-,A,A,0,,,,,Y,,A,01,0,0,1,0,0,0,0,0,0,"- ","- ",38.729328155517578,-121.29212188720703,PLACER,ROSEVILLE,-121.29210662841797,38.729339599609375
9266214,2021,2021-06-03,3105,2021-04-23,1418,1162,,5,5,5,3105,0,0,0,,0,003,"FOLSOM RD","VERNON ST",0.00,,Y,A,-,N,,,,,,,,,,N,4,0,2,2,A,-,05,21650,,N,B,C,A,A,H,-,A,D,0,,,,,Y,,A,01,0,0,2,0,0,0,0,0,0,"- ","- ",,,PLACER,ROSEVILLE,-121.28143310546875,38.751155853271484
9268498,2021,2021-06-15,3100,2021-05-17,1512,62,,1,5,2,3106,0,0,0,,0,"LO P","KING RD","BOYINGTON RD",0.00,,Y,A,-,N,,,,,,,,,,Y,3,0,1,2,A,-,08,22107,,N,D,C,A,A,H,-,A,D,0,,,,,Y,,A,01,0,1,0,0,0,0,0,0,0,"- ","- ",,,PLACER,LOOMIS,-121.18067169189453,38.825225830078125
9269069,2021,2021-06-01,3104,2021-05-19,2050,295,36,3,5,4,3104,0,0,0,,0,002,"3RD ST","PARKSIDE DR",400.00,N,N,A,-,N,,,,,,,,,,Y,3,0,1,2,A,-,03,22350,A,N,C,E,A,A,H,-,C,D,0,,,,,Y,,A,01,0,1,0,0,0,0,0,0,0,"- ","- ",38.787380218505859,-121.24693298339844,PLACER,ROCKLIN,-121.24594879150391,38.7864990234375
9269402,2021,2021-05-28,3105,2021-05-03,1009,1063,,1,5,5,3105,0,0,0,,0,002,"E ROSEVILLE PW","DOUGLAS BL",0.00,,Y,A,-,N,,,,,,,,,,Y,4,0,2,3,A,-,09,21453,C,N,D,C,A,A,H,-,A,A,0,,,,,Y,,A,01,0,0,2,0,0,0,0,0,0,"- ","- ",38.744029998779297,-121.23594665527344,PLACER,ROSEVILLE,-121.23595428466797,38.744045257568359
9269652,2021,2021-06-01,3105,2021-04-27,1025,1107,,2,5,5,3105,0,0,0,,0,007,"PLEASANT GROVE BL","ROSE CREEK RD",0.00,,Y,A,-,N,,,,,,,,,,Y,4,0,1,2,A,-,12,21453,A,N,D,C,A,A,H,-,A,A,0,,,,,Y,,A,01,0,0,1,0,0,0,0,0,0,"- ","- ",38.767929077148438,-121.34190368652344,PLACER,ROSEVILLE,-121.34188079833984,38.767940521240234
9269891,2021,2021-06-07,3101,2021-04-30,1804,A737,AU12,5,5,3,3101,0,0,0,,0,0A1,"GRASS VALLEY HWY","DUTCH BROTHERS",0.00,,Y,A,-,N,,,,,,,,,,N,4,0,1,2,A,-,01,23152,A,M,D,C,A,A,H,-,A,D,0,,,,,Y,Y,D,22,0,0,1,0,0,0,0,0,0,"- ","- ",38.904518127441406,-121.07698822021484,PLACER,AUBURN,,
9270035,2021,2021-06-16,3104,2021-05-08,1608,301,43,6,5,4,3104,0,0,0,,0,001,"SIERRA MEADOWS DR","TUTTLE DR",0.00,,Y,A,-,N,,,,,,,,,,N,3,0,1,2,A,-,09,21801,A,N,D,C,A,A,H,-,A,D,0,,,,,Y,,A,01,0,1,0,0,0,0,0,0,0,"- ","- ",38.796119689941406,-121.22337341308594,PLACER,ROCKLIN,-121.22337341308594,38.796146392822266
9270120,2021,2021-06-14,3105,2021-05-17,0855,1151,,1,5,5,3105,0,0,0,,0,002,"AUTOMALL DR","N SUNRISE AV N",0.00,,Y,A,-,N,,,,,,,,,,,4,0,1,2,A,-,12,21453,A,N,D,C,A,A,G,-,A,A,0,,,,,Y,,D,22,0,0,1,0,0,0,0,0,0,"- ","- ",38.753250122070312,-121.25935363769531,PLACER,ROSEVILLE,-121.25936126708984,38.753269195556641