CASE_ID,ACCIDENT_YEAR,PROC_DATE,JURIS,COLLISION_DATE,COLLISION_TIME,OFFICER_ID,REPORTING_DISTRICT,DAY_OF_WEEK,CHP_SHIFT,POPULATION,CNTY_CITY_LOC,SPECIAL_COND,BEAT_TYPE,CHP_BEAT_TYPE,CITY_DIVISION_LAPD,CHP_BEAT_CLASS,BEAT_NUMBER,PRIMARY_RD,SECONDARY_RD,DISTANCE,DIRECTION,INTERSECTION,WEATHER_1,WEATHER_2,STATE_HWY_IND,CALTRANS_COUNTY,CALTRANS_DISTRICT,STATE_ROUTE,ROUTE_SUFFIX,POSTMILE_PREFIX,POSTMILE,LOCATION_TYPE,RAMP_INTERSECTION,SIDE_OF_HWY,TOW_AWAY,COLLISION_SEVERITY,NUMBER_KILLED,NUMBER_INJURED,PARTY_COUNT,PRIMARY_COLL_FACTOR,PCF_CODE_OF_VIOL,PCF_VIOL_CATEGORY,PCF_VIOLATION,PCF_VIOL_SUBSECTION,HIT_AND_RUN,TYPE_OF_COLLISION,MVIW,PED_ACTION,ROAD_SURFACE,ROAD_COND_1,ROAD_COND_2,LIGHTING,CONTROL_DEVICE,CHP_ROAD_TYPE,PEDESTRIAN_ACCIDENT,BICYCLE_ACCIDENT,MOTORCYCLE_ACCIDENT,TRUCK_ACCIDENT,NOT_PRIVATE_PROPERTY,ALCOHOL_INVOLVED,STWD_VEHTYPE_AT_FAULT,CHP_VEHTYPE_AT_FAULT,COUNT_SEVERE_INJ,COUNT_VISIBLE_INJ,COUNT_COMPLAINT_PAIN,COUNT_PED_KILLED,COUNT_PED_INJURED,COUNT_BICYCLIST_KILLED,COUNT_BICYCLIST_INJURED,COUNT_MC_KILLED,COUNT_MC_INJURED,PRIMARY_RAMP,SECONDARY_RAMP,LATITUDE,LONGITUDE,COUNTY,CITY,POINT_X,POINT_Y
9272102,2021,2021-06-14,3105,2021-05-08,0415,1100,,6,5,5,3105,0,0,0,,0,003,"RIVERSIDE AV","DARLING WY",0.00,,Y,A,-,N,,,,,,,,,,Y,4,0,1,1,A,-,08,22107,,N,A,I,A,A,H,-,C,A,0,,,,,Y,,A,07,0,0,1,0,0,0,0,0,0,"- ","- ",38.736160278320312,-121.29051208496094,PLACER,ROSEVILLE,-121.29053497314453,38.736171722412109
9275634,2021,2021-06-11,3105,2021-04-19,0734,1149,,1,5,5,3105,0,0,0,,0,003,"HARDING BL","SHADOW RIDGE",144.00,S,N,A,-,N,,,,,,,,,,,4,0,1,2,A,-,09,21804,A,N,D,C,A,A,A,H,A,D,0,,,,,Y,,A,01,0,0,1,0,0,0,0,0,0,"- ","- ",38.752498626708984,-121.26782989501953,PLACER,ROSEVILLE,-121.26767730712891,38.752876281738281
9276917,2021,2021-06-10,3103,2021-04-30,1249,BROGE,,5,5,2,3103,0,0,0,,0,,"LINCOLN AIRPARK DR","TEESIDE LN",0.00,,Y,A,-,N,,,,,,,,,,N,3,0,3,2,A,-,09,21802,A,N,A,C,A,A,H,-,A,A,0,,,,,Y,,A,07,0,2,1,0,0,0,0,0,0,"- ","- ",38.868579864501953,-121.27861785888672,PLACER,LINCOLN,-121.32743072509766,38.910610198974609
9277172,2021,2021-07-09,3105,2021-05-20,1133,188,,4,5,5,3105,0,0,0,,0,006,"FOOTHILLS BL","JUNCTION BL",850.00,N,N,A,-,N,,,,,,,,,,Y,4,0,1,2,A,-,09,21801,A,N,D,C,A,A,H,-,-,A,0,,,,,Y,,A,01,0,0,1,0,0,0,0,0,0,"- ","- ",38.759128570556641,-121.31002044677734,PLACER,ROSEVILLE,-121.31031799316406,38.761474609375
9277220,2021,2021-06-09,3105,2021-04-14,0905,185,,3,5,5,3105,0,0,0,,0,004,"WASHINGTON BL","MANGO ALLEY",0.00,,Y,A,-,N,,,,,,,,,,Y,4,0,1,1,A,-,01,23152,A,N,E,I,A,A,H,-,A,D,0,,,,,Y,,A,01,0,0,1,0,0,0,0,0,0,"- ","- ",38.753528594970703,-121.28761291503906,PLACER,ROSEVILLE,,
9278339,2021,2021-07-02,3105,2021-06-03,1726,1142,,4,5,5,3105,0,0,0,,0,007,"E BASELINE RD","WESTBROOK BL",2000.00,E,N,A,-,N,,,,,,,,,,Y,4,0,2,2,A,-,03,22350,,N,C,C,A,A,H,-,A,D,0,,,,,Y,,A,01,0,0,2,0,0,0,0,0,0,"- ","- ",38.751701354980469,-121.37294769287109,PLACER,ROSEVILLE,,
9278814,2021,2021-06-24,3105,2021-05-19,1342,1114,,3,5,5,3105,0,0,0,,0,002,"NORTH SUNRISE AV","EUREKA RD",0.00,,Y,A,-,N,,,,,,,,,,Y,3,0,2,2,A,-,12,21453,A,N,D,C,A,A,H,-,A,A,0,,,,,Y,,A,01,0,1,1,0,0,0,0,0,0,"- ","- ",38.755599975585938,-121.25511932373047,PLACER,ROSEVILLE,-121.255126953125,38.755584716796875
9278815,2021,2021-06-23,3105,2021-05-13,1607,1160,,4,5,5,3105,0,0,0,,0,005,"PLEASANT GROVE BL","HIGHLAND POINTE DR",413.00,W,N,A,-,N,,,,,,,,,,Y,3,0,2,2,A,-,08,22100,A,N,D,C,A,A,H,-,A,D,0,,,,,Y,,A,01,0,1,1,0,0,0,0,0,0,"- ","- ",38.781909942626953,-121.28852844238281,PLACER,ROSEVILLE,-121.28711700439453,38.782188415527344
9278816,2021,2021-06-24,3105,2021-05-14,1317,1114,,5,5,5,3105,0,0,0,,0,002,"NORTH SUNRISE AV","W SIERRA GARDENS DR W",0.00,,Y,A,-,N,,,,,,,,,,N,3,0,1,2,A,-,17,21208,A,N,D,G,A,A,H,-,A,A,0,,Y,,,Y,,L,04,0,1,0,0,0,0,1,0,0,"- ","- ",38.748359680175781,-121.26493835449219,PLACER,ROSEVILLE,-121.26497650146484,38.748348236083984
9279382,2021,2021-06-10,3103,2021-05-14,0759,LSAVA,L3,5,5,2,3103,0,0,0,,0,0L1,"I ST","6TH ST",21.00,W,N,A,-,N,,,,,,,,,,Y,3,0,1,2,A,-,09,21802,A,N,D,C,A,A,H,-,A,D,0,,,,,Y,,A,07,0,1,0,0,0,0,0,0,0,"- ","- ",38.893119812011719,-121.29531097412109,PLACER,LINCOLN,-121.29534149169922,38.893138885498047
9279383,2021,2021-06-10,3103,2021-05-03,1936,MPLUC,L5,1,5,2,3103,0,0,0,,0,0L3,"LINCOLN BL","2ND ST",211.00,S,N,A,-,N,,,,,,,,,,N,3,0,1,2,A,-,01,23152,A,N,C,E,A,A,H,-,A,A,0,,,,,Y,Y,A,01,0,1,0,0,0,0,0,0,0,"- ","- ",38.886539459228516,-121.29279327392578,PLACER,LINCOLN,-121.29280853271484,38.887271881103516
9279516,2021,2021-06-11,3105,2021-03-03,1500,1056,,3,5,5,3105,0,0,0,,0,004,"FOOTHILLS BL","DENIO LOOP",938.00,S,N,A,-,N,,,,,,,,,,Y,2,0,1,2,A,-,07,21658,A,N,B,C,A,A,H,-,A,A,0,,,Y,,Y,,A,01,1,0,0,0,0,0,0,0,1,"- ","- ",,,PLACER,ROSEVILLE,-121.30361175537109,38.736366271972656
9280379,2021,2021-06-28,3105,2021-06-02,2500,1123,,3,5,5,3105,0,0,0,,0,003,"RIVERSIDE AV","RT 80",0.00,,Y,A,-,Y,PLA,3,80,-,-,0.406,R,4,E,Y,3,0,2,2,A,-,09,21801,A,N,A,C,A,A,H,-,A,D,0,,,,,Y,,A,01,0,1,1,0,0,0,0,0,0,"- ",EO,,,PLACER,ROSEVILLE,-121.28860473632812,38.726207733154297
9281329,2021,2021-08-16,3104,2021-07-23,1608,301,46,5,5,4,3104,0,0,0,,0,002,"PACIFIC ST","WOODSIDE DR",0.00,,Y,A,-,N,,,,,,,,,,Y,3,0,1,2,A,-,09,21801,A,N,D,C,A,A,H,-,A,A,0,,,,,Y,,D,22,0,1,0,0,0,0,0,0,0,"- ","- ",38.777679443359375,-121.24680328369141,PLACER,ROCKLIN,-121.24683380126953,38.777679443359375
9282489,2021,2021-07-09,3105,2021-05-20,1452,1114,,4,5,5,3105,0,0,0,,0,002,"NORTH SUNRISE AV","KENSINGTON DR",200.00,N,N,A,-,N,,,,,,,,,,Y,4,0,1,2,A,-,03,22350,,N,C,C,A,A,H,-,A,A,0,,,,,Y,,A,07,0,0,1,0,0,0,0,0,0,"- ","- ",38.729488372802734,-121.27207183837891,PLACER,ROSEVILLE,-121.27207183837891,38.727710723876953
9282605,2021,2021-07-07,3105,2021-06-17,1627,1108,,4,5,5,3105,0,0,0,,0,007,"PHILLIP RD","S BREWER RD",14256.00,E,N,A,-,N,,,,,,,,,,Y,3,0,1,1,A,-,01,23152,A,N,E,I,A,A,H,-,A,A,0,,,,,Y,Y,A,01,0,1,0,0,0,0,0,0,0,"- ","- ",,,PLACER,ROSEVILLE,-121.40126800537109,38.802539825439453
9282621,2021,2021-07-15,3105,2021-06-06,1345,1135,,7,5,5,3105,0,0,0,,0,004,"FOOTHILLS BL","DENIO LOOP",1039.00,S,N,A,-,N,,,,,,,,,,Y,2,0,2,2,A,-,01,23152,A,F,C,C,A,A,H,-,A,A,0,,,,,Y,Y,A,01,1,0,1,0,0,0,0,0,0,"- ","- ",38.737380981445312,-121.30534362792969,PLACER,ROSEVILLE,-121.30335235595703,38.736175537109375
9282623,2021,2021-07-16,3105,2021-06-10,1432,1162,,4,5,5,3105,0,0,0,,0,006,"BASELINE RD","COUNTRY CLUB DR",0.00,,Y,A,-,N,,,,,,,,,,Y,4,0,3,2,A,-,09,21801,A,N,D,C,A,A,H,-,A,D,0,,,,,Y,,A,01,0,0,3,0,0,0,0,0,0,"- ","- ",38.751861572265625,-121.32881927490234,PLACER,ROSEVILLE,-121.32882690429688,38.751865386962891
9282626,2021,2021-07-20,3105,2021-06-11,1533,1114,,5,5,5,3105,0,0,0,,0,002,"SUNRISE AV","KENSINGTON DR",218.00,N,N,A,-,N,,,,,,,,,,N,3,0,1,2,A,-,08,22101,D,N,A,C,A,-,H,-,A,A,0,,,Y,,Y,,C,02,0,1,0,0,0,0,0,0,1,"- ","- ",38.729488372802734,-121.3720703125,PLACER,ROSEVILLE,-121.27207183837891,38.727760314941406
9282628,2021,2021-07-20,3105,2021-06-17,1815,1118,,4,5,5,3105,0,0,0,,0,007,"MAKEWAY ST","HOLT PW",0.00,,Y,A,-,N,,,,,,,,,,Y,4,0,1,2,A,-,12,22450,A,N,D,C,A,A,H,-,A,D,0,,,,,Y,,A,01,0,0,1,0,0,0,0,0,0,"- ","- ",38.800918579101562,-121.35784912109375,PLACER,ROSEVILLE,-121.35788726806641,38.800918579101562
9284035,2021,2021-07-23,3104,2021-06-26,0134,311,7,6,5,4,3104,0,0,0,,0,004,"W RANCH VIEW DR","W RANCH VIEW DR 500",0.00,,-,A,-,N,,,,,,,,,,Y,3,0,1,1,A,-,01,23152,A,N,E,I,A,A,H,-,C,D,0,,,,,Y,Y,A,01,0,1,0,0,0,0,0,0,0,"- ","- ",38.83782958984375,-121.29891967773438,PLACER,ROCKLIN,-121.29070281982422,38.837440490722656
9286885,2021,2021-08-27,3101,2021-07-09,1557,A737,AUA,5,5,3,3101,0,0,0,,0,0A1,"EARHART AV","EARHART AV 13020",0.00,,-,A,-,N,,,,,,,,,,Y,3,0,1,2,A,-,09,21804,A,N,B,C,A,A,H,-,A,D,0,,,,,Y,,A,01,0,1,0,0,0,0,0,0,0,"- ","- ",38.951908111572266,-121.08023834228516,PLACER,AUBURN,,
9288255,2021,2021-07-21,3101,2021-06-25,0939,A728,AU10,5,5,3,3101,0,0,0,,0,0A2,"HIGH ST","OAKWOOD DR",0.00,,Y,A,-,N,,,,,,,,,,Y,3,0,1,2,A,-,09,21801,A,N,A,C,A,A,H,-,A,A,0,,,,,Y,,D,22,0,1,0,0,0,0,0,0,0,"- ","- ",38.896739959716797,-121.07261657714844,PLACER,AUBURN,-121.07224273681641,38.896469116210938
9288861,2021,2021-07-09,3103,2021-05-31,2017,DGORB,LA,1,5,2,3103,0,0,0,,0,0L2,"BRENTFORD CIR","STANSBURY LN",0.00,,Y,A,-,N,,,,,,,,,,Y,3,0,2,2,A,-,12,22450,A,N,C,C,A,A,H,-,B,A,0,,,,,Y,,-,,0,1,1,0,0,0,0,0,0,"- ","- ",38.863861083984375,-121.30708312988281,PLACER,LINCOLN,-121.31150817871094,38.861099243164062
9288863,2021,2021-07-09,3103,2021-05-19,1312,BROGE,L6,3,5,2,3103,0,0,0,,0,0L4,"FERRARI RANCH RD","LINCOLN BL",0.00,,Y,A,-,N,,,,,,,,,,N,3,0,1,2,A,-,09,21453,B,N,B,C,A,A,H,-,A,A,0,,,Y,,Y,,A,01,0,1,0,0,0,0,0,0,1,"- ","- ",38.879631042480469,-121.29543304443359,PLACER,LINCOLN,-121.29541015625,38.879631042480469
9289672,2021,2021-07-27,3105,2021-06-10,0600,1071,,4,5,5,3105,0,0,0,,0,003,"AUBURN BL","ORLANDO DR",0.00,,Y,A,-,N,,,,,,,,,,Y,4,0,3,3,A,-,03,22350,,N,C,C,A,A,H,-,B,A,0,,,,,Y,,A,01,0,0,3,0,0,0,0,0,0,"- ","- ",38.722068786621094,-121.29042053222656,PLACER,ROSEVILLE,-121.29042816162109,38.722789764404297
9289675,2021,2021-07-27,3105,2021-06-25,1918,1009,,5,5,5,3105,0,0,0,,0,002,"E ROSEVILLE PW","EUREKA RD",0.00,,Y,A,-,N,,,,,,,,,,Y,3,0,2,2,A,-,12,21453,A,N,D,C,A,A,H,-,A,A,0,,,,,Y,,A,01,0,1,1,0,0,0,0,0,0,"- ","- ",38.736869812011719,-121.23560333251953,PLACER,ROSEVILLE,-121.23567962646484,38.736709594726562
9289918,2021,2021-08-27,3104,2021-07-09,0830,283,46,5,5,4,3104,0,0,0,,0,002,"PACIFIC ST","SUNSET BL",181.00,S,N,A,-,N,,,,,,,,,,N,3,0,1,2,A,-,03,22350,,N,C,C,A,A,H,-,A,A,0,,,,,Y,,D,72,0,1,0,0,0,0,0,0,0,"- ","- ",38.781379699707031,-121.24220275878906,PLACER,ROCKLIN,-121.24266815185547,38.781047821044922
9295281,2021,2021-08-11,3105,2021-06-22,1506,18,,2,5,5,3105,0,0,0,,0,001,"NORTH SUNRISE AV","E ROSEVILLE PW",0.00,,Y,A,-,N,,,,,,,,,,Y,4,0,1,3,A,-,08,22100,B,N,D,C,A,A,H,-,A,A,0,,,,,Y,,A,07,0,0,1,0,0,0,0,0,0,"- ","- ",38.762020111083984,-121.25147247314453,PLACER,ROSEVILLE,-121.25147247314453,38.762020111083984
9295284,2021,2021-08-11,3105,2021-06-15,0739,1109,,2,5,5,3105,0,0,0,,0,003,"FOLSOM RD",ZOLA,200.00,N,N,A,-,N,,,,,,,,,,Y,4,0,1,2,A,-,03,22350,,N,C,E,A,A,H,-,A,D,0,,,,,Y,,A,01,0,0,1,0,0,0,0,0,0,"- ","- ",38.748008728027344,-121.27760314941406,PLACER,ROSEVILLE,-121.27803802490234,38.74835205078125
9295881,2021,2021-07-30,3105,2021-06-01,1806,1115,,2,5,5,3105,0,0,0,,0,001,"CREEKSIDE RIDGE DR","ROSEVILLE PKWY",0.00,,Y,A,-,N,,,,,,,,,,N,3,0,2,2,A,-,12,21453,A,N,D,C,A,A,H,-,A,A,0,,,,,Y,,A,01,0,2,0,0,0,0,0,0,0,"- ","- ",38.767051696777344,-121.26306915283203,PLACER,ROSEVILLE,-121.26306915283203,38.767059326171875
9295885,2021,2021-07-30,3105,2021-06-10,1745,1056,,4,5,5,3105,0,0,0,,0,006,"PLEASANT GROVE BL","FAIRWAY DR",300.00,S,N,A,-,N,,,,,,,,,,N,4,0,1,2,A,-,07,21658,A,N,B,C,A,A,H,-,A,A,0,,,,,Y,,A,01,0,0,1,0,0,0,0,0,0,"- ","- ",,,PLACER,ROSEVILLE,-121.28238677978516,38.788833618164062
9297365,2021,2021-08-10,3105,2021-06-03,1147,1056,,4,5,5,3105,0,0,0,,0,004,"JUNCTION BL","FOOTHILLS BL",20.00,E,N,A,-,N,,,,,,,,,,Y,3,0,3,3,A,-,08,22107,,N,D,C,A,A,H,-,A,A,0,,,,,Y,,A,01,0,2,1,0,0,0,0,0,0,"- ","- ",,,PLACER,ROSEVILLE,-121.30989074707031,38.759178161621094
9297486,2021,2021-08-27,3104,2021-07-06,2139,315,25,2,5,4,3104,0,0,0,,0,003,"SUNSET BL","LITTLE ROCK RD",0.00,,Y,A,-,N,,,,,,,,,,N,4,0,1,2,-,-,"- ",,,N,D,C,A,A,H,-,C,A,0,,,,,Y,,A,01,0,0,1,0,0,0,0,0,0,"- ","- ",38.801239013671875,-121.26985931396484,PLACER,ROCKLIN,-121.27004241943359,38.801132202148438
9297500,2021,2021-08-27,3105,2021-07-06,1651,1131,,2,5,5,3105,0,0,0,,0,001,"GALLERIA BL","ANTELOPE CREEK DR",381.00,N,N,A,-,N,,,,,,,,,,Y,3,0,3,2,A,-,09,21801,A,N,D,C,A,A,H,-,A,D,0,,,,,Y,,A,01,0,1,2,0,0,0,0,0,0,"- ","- ",38.77471923828125,-121.26464080810547,PLACER,ROSEVILLE,-121.26586151123047,38.773166656494141
9297798,2021,2021-08-17,3103,2021-07-17,0135,ADEOL,L5,6,5,2,3103,0,0,0,,0,0L3,"VIRGINIATOWN RD","SEGO LN",0.00,,Y,A,-,N,,,,,,,,,,Y,3,0,1,1,A,-,01,23152,A,N,E,I,A,A,H,-,D,D,0,,,,,Y,Y,A,01,0,1,0,0,0,0,0,0,0,"- ","- ",38.900848388671875,-121.25187683105469,PLACER,LINCOLN,-121.25186157226562,38.900897979736328
9297799,2021,2021-08-24,3103,2021-07-18,1101,BSCHN,L5,7,5,2,3103,0,0,0,,0,0L3,"OAK TREE LN","RT 193",0.00,,Y,A,-,N,,,,,,,,,,Y,3,0,1,1,A,-,08,22107,,N,E,I,A,A,H,-,A,D,0,,,,,Y,,A,01,0,1,0,0,0,0,0,0,0,"- ","- ",38.886581420898438,-121.26876068115234,PLACER,LINCOLN,-121.26873779296875,38.886562347412109
9297956,2021,2021-08-18,3104,2021-07-12,1716,315,45,1,5,4,3104,0,0,0,,0,002,"PACIFIC ST","PACIFIC ST 5609",0.00,,-,A,-,N,,,,,,,,,,Y,4,0,1,1,D,-,00,,,N,A,I,A,A,H,-,A,D,0,,,,,Y,,-,"- ",0,0,1,0,0,0,0,0,0,"- ","- ",38.787380218505859,-121.24690246582031,PLACER,ROCKLIN,-122.19571685791016,39.276233673095703
9298373,2021,2021-09-10,3104,2021-07-30,1615,303,43,5,5,4,3104,0,0,0,,0,001,"GRANITE DR","SIERRA MEADOWS DR",0.00,,Y,A,-,N,,,,,,,,,,Y,3,0,1,2,A,-,12,21453,,N,D,C,A,A,H,-,A,A,0,,,,,Y,,A,01,0,1,0,0,0,0,0,0,0,"- ","- ",38.791530609130859,-121.22234344482422,PLACER,ROCKLIN,-121.22232055664062,38.791458129882812
9299681,2021,2021-09-13,3105,2021-07-29,1115,197,,4,5,5,3105,0,0,0,,0,006,"BLUE OAKS BL","ROSEVILLE PKWY",0.00,,Y,A,-,N,,,,,,,,,,Y,4,0,1,2,A,-,12,21453,A,N,D,C,A,A,H,-,A,A,0,,,,,Y,,A,07,0,0,1,0,0,0,0,0,0,"- ","- ",38.795501708984375,-121.32778930664062,PLACER,ROSEVILLE,,
9299781,2021,2021-10-16,3105,2021-08-05,1501,1162,,4,5,5,3105,0,0,0,,0,006,"PLEASANT GROVE BL","BIRKDALE DR",0.00,,Y,A,-,N,,,,,,,,,,Y,4,0,1,2,A,-,03,22350,,N,C,C,A,A,H,-,A,D,0,,,,,Y,,A,01,0,0,1,0,0,0,0,0,0,"- ","- ",,,PLACER,ROSEVILLE,-121.32676696777344,38.768455505371094
9299782,2021,2021-10-16,3105,2021-08-06,2500,1133,,5,5,5,3105,0,0,0,,0,002,"E DOUGLAS BL","SANTA CLARA DR",12.00,W,N,A,-,N,,,,,,,,,,N,4,0,2,2,A,-,03,22350,,N,C,C,A,A,H,-,A,A,0,,,,,Y,,A,01,0,0,2,0,0,0,0,0,0,"- ","- ",38.74420166015625,-121.26219940185547,PLACER,ROSEVILLE,-121.26222229003906,38.744190216064453
9299786,2021,2021-10-16,3105,2021-08-07,1852,1145,,6,5,5,3105,0,0,0,,0,003,"RIVERSIDE AV","CIRBY WY",695.00,N,N,A,-,N,,,,,,,,,,Y,4,0,2,2,A,-,08,22107,,N,D,C,A,A,H,-,A,D,0,,,,,Y,,A,01,0,0,2,0,0,0,0,0,0,"- ","- ",,,PLACER,ROSEVILLE,-121.29049682617188,38.731258392333984
9300684,2021,2021-08-18,3105,2021-07-09,0935,184,,5,5,5,3105,0,0,0,,0,001,"EAST ROSEVILLE PKWY","SECRET RAVINE PKWY",0.00,,Y,A,-,N,,,,,,,,,,Y,4,0,1,3,A,-,09,21804,A,N,B,C,A,A,H,-,A,A,0,,,,,Y,,A,01,0,0,1,0,0,0,0,0,0,"- ","- ",38.761749267578125,-121.24772644042969,PLACER,ROSEVILLE,-121.24774932861328,38.761756896972656
9300901,2021,2021-08-18,3105,2021-07-28,2021,1009,,3,5,5,3105,0,0,0,,0,006,"FOOTHILLS BL","PILGRIMS DR",0.00,,Y,A,-,N,,,,,,,,,,Y,4,0,2,2,A,-,12,21453,A,N,D,C,A,A,H,-,B,A,0,,,,,Y,,A,01,0,0,2,0,0,0,0,0,0,"- ","- ",38.755420684814453,-121.30999755859375,PLACER,ROSEVILLE,-121.30999755859375,38.755405426025391
9300903,2021,2021-08-18,3105,2021-07-20,1614,1015,,2,5,5,3105,0,0,0,,0,007,"CUMBERLAND LP","WHALEY ST",409.00,E,N,A,-,N,,,,,,,,,,Y,4,0,2,2,A,-,03,22350,,N,C,C,A,A,H,-,A,D,0,,,,,Y,,A,07,0,0,2,0,0,0,0,0,0,"- ","- ",38.797508239746094,-121.359619140625,PLACER,ROSEVILLE,-121.35962677001953,38.797306060791016
9300906,2021,2021-08-18,3105,2021-07-11,1105,1107,,7,5,5,3105,0,0,0,,0,007,"FIDDYMENT RD","HAYDEN PKWY",746.00,S,N,A,-,N,,,,,,,,,,N,3,0,1,2,A,-,17,21208,A,N,B,G,A,A,H,-,A,D,0,,Y,,,Y,,L,04,0,1,0,0,0,0,1,0,0,"- ","- ",38.791610717773438,-121.35867309570312,PLACER,ROSEVILLE,-121.35867309570312,38.781692504882812
9301659,2021,2021-09-24,3103,2021-08-16,1040,SGOIN,L1,1,5,2,3103,0,0,0,,0,0L1,"MEADOWLAND WY","LARKFLOWER WY",0.00,,Y,A,-,N,,,,,,,,,,N,2,0,1,1,A,-,13,22515,A,N,G,B,A,A,H,-,A,A,0,,,,,Y,,D,22,1,0,0,0,0,0,0,0,0,"- ","- ",38.905330657958984,-121.32417297363281,PLACER,LINCOLN,-121.32347869873047,38.905136108398438
9302777,2021,2021-09-07,3105,2021-07-19,0213,1132,,1,5,5,3105,0,0,0,,0,006,"PLEASANT GROVE BL","COUNTRY CLUB DR",0.00,,Y,A,-,N,,,,,,,,,,Y,4,0,1,2,A,-,12,21453,A,N,D,C,A,A,H,-,C,A,0,,,,,Y,,D,72,0,0,1,0,0,0,0,0,0,"- ","- ",,,PLACER,ROSEVILLE,-121.32279205322266,38.768218994140625
9302778,2021,2021-09-07,3105,2021-07-28,1713,3034,,3,5,5,3105,0,0,0,,0,001,"TAYLOR RD","EUREKA RD",545.00,N,N,F,-,N,,,,,,,,,,Y,4,0,2,2,A,-,09,21804,A,N,D,C,A,A,H,-,A,A,0,,,,,Y,,D,22,0,0,2,0,0,0,0,0,0,"- ","- ",38.758258819580078,-121.25940704345703,PLACER,ROSEVILLE,-121.25853729248047,38.758651733398438
9303539,2021,2021-08-28,3104,2021-07-30,1926,276,44,5,5,4,3104,0,0,0,,0,001,"PACIFIC ST","CEDAR ST",0.00,,Y,A,-,N,,,,,,,,,,Y,4,0,1,1,A,-,08,22107,,N,E,I,A,A,H,-,A,D,0,,,,,Y,,A,08,0,0,1,0,0,0,0,0,0,"- ","- ",38.794639587402344,-121.23342895507812,PLACER,ROCKLIN,-121.23348999023438,38.794330596923828
9303831,2021,2021-08-17,3105,2021-07-21,1723,3034,,3,5,5,3105,0,0,0,,0,001,"GALLERIA BL","ROSEVILLE PKWY",659.00,N,N,A,-,N,,,,,,,,,,Y,4,0,1,2,A,-,09,21801,A,N,D,C,A,A,H,-,A,A,0,,,,,Y,,A,01,0,0,1,0,0,0,0,0,0,"- ","- ",38.76885986328125,-121.26589965820312,PLACER,ROSEVILLE,-121.26589965820312,38.7705078125
9303833,2021,2021-08-17,3105,2021-07-03,2102,1065,,6,5,5,3105,0,0,0,,0,006,"BLUE OAKS BL","WOODCREEK OAKS BL",0.00,,Y,A,-,N,,,,,,,,,,Y,4,0,3,2,A,-,12,21453,A,N,D,C,A,A,H,-,C,A,0,,,,,Y,,A,01,0,0,3,0,0,0,0,0,0,"- ","- ",,,PLACER,ROSEVILLE,-121.32872772216797,38.795238494873047
9307555,2021,2021-10-12,3105,2021-08-10,0827,1159,,2,5,5,3105,0,0,0,,0,003,"AUBURN BL","WHYTE AV",0.00,,Y,A,-,N,,,,,,,,,,Y,4,0,4,2,A,-,09,21801,A,N,D,C,A,A,H,-,-,A,0,,,,,Y,,A,07,0,0,4,0,0,0,0,0,0,"- ","- ",38.722068786621094,-121.29042053222656,PLACER,ROSEVILLE,-121.29043579101562,38.722087860107422
9307558,2021,2021-10-12,3105,2021-08-14,0942,1063,,6,5,5,3105,0,0,0,,0,003,"CIRBY WAY","FOOTHILL BL",0.00,,Y,A,-,N,,,,,,,,,,Y,4,0,1,4,A,-,09,21453,B,N,D,C,A,A,H,-,A,A,0,,,,,Y,,A,01,0,0,1,0,0,0,0,0,0,"- ","- ",38.729259490966797,-121.30406188964844,PLACER,ROSEVILLE,-121.30377960205078,38.729518890380859
9309622,2021,2021-08-26,3105,2021-06-13,2112,1099,,7,5,5,3105,0,0,0,,0,002,"NORTH SUNRISE AV","DOUGLAS BL",90.00,N,N,A,-,N,,,,,,,,,,N,2,0,1,2,D,-,00,,,M,C,G,A,A,H,-,C,D,0,,Y,,,Y,,-,"- ",1,0,0,0,0,0,1,0,0,"- ","- ",,,PLACER,ROSEVILLE,-121.26622009277344,38.744346618652344
9309623,2021,2021-08-23,3105,2021-06-13,1810,1099,,7,5,5,3105,0,0,0,,0,001,"E ROSEVILLE PK","TAYLOR RD",0.00,,Y,A,-,N,,,,,,,,,,Y,4,0,2,2,A,-,09,21453,C,N,D,C,A,-,H,-,A,A,0,,,,,Y,,A,07,0,0,2,0,0,0,0,0,0,"- ","- ",,,PLACER,ROSEVILLE,-121.25586700439453,38.762008666992188
9314601,2021,2021-08-27,3100,2021-07-08,1047,62,,4,5,2,3106,0,0,0,,0,LO-P,"TAYLOR RD","WALNUT ST",75.00,N,N,A,-,N,,,,,,,,,,Y,3,0,1,2,A,-,08,22102,,N,D,C,A,A,H,-,A,D,0,,,,,Y,,-,,0,1,0,0,0,0,0,0,0,"- ","- ",,,PLACER,LOOMIS,-121.19423675537109,38.82049560546875
9314602,2021,2021-08-27,3100,2021-07-01,1735,214,PLACE,4,5,2,3106,0,0,0,,0,PAUL,"KING RD","LOS FLORES RD",40.00,,N,A,-,N,,,,,,,,,,N,3,0,2,2,A,-,03,22350,,N,D,C,A,A,H,-,A,D,0,,,,,Y,,A,01,0,2,0,0,0,0,0,0,0,"- ","- ",,,PLACER,LOOMIS,-121.1851806640625,38.825191497802734