CASE_ID,ACCIDENT_YEAR,PROC_DATE,JURIS,COLLISION_DATE,COLLISION_TIME,OFFICER_ID,REPORTING_DISTRICT,DAY_OF_WEEK,CHP_SHIFT,POPULATION,CNTY_CITY_LOC,SPECIAL_COND,BEAT_TYPE,CHP_BEAT_TYPE,CITY_DIVISION_LAPD,CHP_BEAT_CLASS,BEAT_NUMBER,PRIMARY_RD,SECONDARY_RD,DISTANCE,DIRECTION,INTERSECTION,WEATHER_1,WEATHER_2,STATE_HWY_IND,CALTRANS_COUNTY,CALTRANS_DISTRICT,STATE_ROUTE,ROUTE_SUFFIX,POSTMILE_PREFIX,POSTMILE,LOCATION_TYPE,RAMP_INTERSECTION,SIDE_OF_HWY,TOW_AWAY,COLLISION_SEVERITY,NUMBER_KILLED,NUMBER_INJURED,PARTY_COUNT,PRIMARY_COLL_FACTOR,PCF_CODE_OF_VIOL,PCF_VIOL_CATEGORY,PCF_VIOLATION,PCF_VIOL_SUBSECTION,HIT_AND_RUN,TYPE_OF_COLLISION,MVIW,PED_ACTION,ROAD_SURFACE,ROAD_COND_1,ROAD_COND_2,LIGHTING,CONTROL_DEVICE,CHP_ROAD_TYPE,PEDESTRIAN_ACCIDENT,BICYCLE_ACCIDENT,MOTORCYCLE_ACCIDENT,TRUCK_ACCIDENT,NOT_PRIVATE_PROPERTY,ALCOHOL_INVOLVED,STWD_VEHTYPE_AT_FAULT,CHP_VEHTYPE_AT_FAULT,COUNT_SEVERE_INJ,COUNT_VISIBLE_INJ,COUNT_COMPLAINT_PAIN,COUNT_PED_KILLED,COUNT_PED_INJURED,COUNT_BICYCLIST_KILLED,COUNT_BICYCLIST_INJURED,COUNT_MC_KILLED,COUNT_MC_INJURED,PRIMARY_RAMP,SECONDARY_RAMP,LATITUDE,LONGITUDE,COUNTY,CITY,POINT_X,POINT_Y
9316414,2021,2021-10-06,3104,2021-08-09,1412,257,11,1,5,4,3104,0,0,0,,0,004,"BLUE OAKS BL","LONETREE BL",0.00,,Y,A,-,N,,,,,,,,,,Y,4,0,1,2,D,-,00,,,N,A,C,A,A,H,-,A,A,0,,,,,Y,,-,"- ",0,0,1,0,0,0,0,0,0,"- ","- ",38.7958984375,-121.29158782958984,PLACER,ROCKLIN,-121.29160308837891,38.796028137207031
9316415,2021,2021-10-06,3104,2021-08-24,2025,277,7,2,5,4,3104,0,0,0,,0,004,"WHITNEY RANCH PKWY","UNIVERSITY AV",0.00,,Y,A,-,N,,,,,,,,,,Y,3,0,2,2,A,-,12,22450,A,N,D,C,A,A,H,-,C,A,0,,,,,Y,,A,01,0,2,0,0,0,0,0,0,0,"- ","- ",38.832378387451172,-121.28932189941406,PLACER,ROCKLIN,-121.29325866699219,38.830986022949219
9317263,2021,2021-09-24,3105,2021-08-10,1554,1165,,2,5,5,3105,0,0,0,,0,006,"N FOOTHILLS BL","JUNCTION BL",800.00,N,N,A,-,N,,,,,,,,,,Y,4,0,2,2,A,-,07,21658,A,N,F,C,A,A,H,-,A,A,0,,,,,Y,,A,01,0,0,2,0,0,0,0,0,0,"- ","- ",38.759128570556641,-121.31002044677734,PLACER,ROSEVILLE,-121.31026458740234,38.761344909667969
9317403,2021,2021-11-02,3105,2021-08-12,1451,1162,,4,5,5,3105,0,0,0,,0,006,"WOODCREEK OAKS BL","PLEASANT GROVE BL",550.00,N,N,A,-,N,,,,,,,,,,,4,0,1,2,A,-,05,21650,I,N,G,G,A,A,H,-,A,D,0,,Y,,,Y,,L,04,0,0,1,0,0,0,1,0,0,"- ","- ",,,PLACER,ROSEVILLE,-121.33003997802734,38.770069122314453
9317404,2021,2021-09-23,3105,2021-08-12,2005,1142,,4,5,5,3105,0,0,0,,0,007,"PIKES PEAKS WY","FOXFIELD WY",53.00,E,N,A,-,,,,,,,,,,,N,3,0,1,1,A,-,03,22350,I,N,F,A,A,A,H,-,A,D,0,,,Y,,Y,,C,03,0,1,0,0,0,0,0,0,1,"- ","- ",38.788570404052734,-121.39219665527344,PLACER,ROSEVILLE,-121.39228057861328,38.788421630859375
9317407,2021,2021-09-27,3105,2021-08-14,1535,1015,,6,5,5,3105,0,0,0,,0,007,"FIDDYMENT RD","ANGUS RD",65.00,N,N,A,-,N,,,,,,,,,,Y,4,0,1,2,A,-,09,21453,B,N,B,C,A,A,H,-,A,A,0,,,,,Y,,A,07,0,0,1,0,0,0,0,0,0,"- ","- ",38.805149078369141,-121.35044860839844,PLACER,ROSEVILLE,-121.35033416748047,38.805313110351562
9317409,2021,2021-09-23,3105,2021-08-20,1735,1123,,5,5,5,3105,0,0,0,,0,003,"VERNON ST","TAYLOR ST",0.00,,Y,A,-,N,,,,,,,,,,N,3,0,1,2,A,-,01,23152,A,N,B,C,A,A,H,-,A,A,0,,,,,Y,Y,A,01,0,1,0,0,0,0,0,0,0,"- ",TO,,,PLACER,ROSEVILLE,-121.28636169433594,38.747177124023438
9317583,2021,2021-09-10,3105,2021-07-24,2500,1138,,6,5,5,3105,0,0,0,,0,006,"FOOTHILLS BL","WINDING CREEK DR",933.00,N,N,A,-,N,,,,,,,,,,Y,4,0,1,1,A,-,03,22350,,N,E,I,A,A,H,-,C,D,0,,,,,Y,,A,01,0,0,1,0,0,0,0,0,0,"- ","- ",38.795520782470703,-121.31385803222656,PLACER,ROSEVILLE,-121.31682586669922,38.802871704101562
9317584,2021,2021-09-10,3105,2021-07-28,1417,1162,,3,5,5,3105,0,0,0,,0,006,"JUNCTION BL","WOODCREEK OAKS BL",0.00,,Y,A,-,N,,,,,,,,,,Y,3,0,2,2,A,-,09,21453,C,N,D,C,A,A,H,-,A,A,0,,,,,Y,,A,01,0,1,1,0,0,0,0,0,0,"- ","- ",38.758430480957031,-121.33470153808594,PLACER,ROSEVILLE,-121.33479309082031,38.758438110351562
9318420,2021,2021-10-12,3105,2021-08-30,1630,1157,,1,5,5,3105,0,0,0,,0,005,"NE GOLD COAST DR","W PLEASANT GROVE BL W",0.00,,Y,A,-,N,,,,,,,,,,N,3,0,1,2,A,-,11,21950,B,N,-,B,B,A,H,-,A,A,0,Y,,,,Y,,N,60,0,1,0,0,1,0,0,0,0,"- ","- ",38.775558471679688,-121.29360961914062,PLACER,ROSEVILLE,-121.29358673095703,38.775547027587891
9320687,2021,2022-05-05,3105,2021-11-29,1254,1059,,1,5,5,3105,0,0,0,,0,003,"ATLANTIC ST","BRANSTETTER ST",15.00,W,N,A,-,N,,,,,,,,,,Y,1,1,0,7,A,-,05,21460,A,N,F,E,A,A,H,-,A,A,0,,,,,Y,,A,07,0,0,0,0,0,0,0,0,0,"- ","- ",38.752311706542969,-121.28066253662109,PLACER,ROSEVILLE,-121.28050994873047,38.752765655517578
9322691,2021,2021-10-11,3105,2021-09-13,1459,1167,,1,5,5,3105,0,0,0,,0,004,"FOOTHILLS BL","MAIN ST",48.00,S,N,A,-,N,,,,,,,,,,Y,3,0,1,2,A,-,08,22107,,N,D,C,A,A,H,-,A,A,0,,,,,Y,,A,01,0,1,0,0,0,0,0,0,0,"- ","- ",,,PLACER,ROSEVILLE,-121.30938720703125,38.751697540283203
9323130,2021,2021-10-09,3105,2021-08-21,2015,1158,,6,5,5,3105,0,0,0,,0,003,"AUBURN BL","WHYTE AV",0.00,,Y,A,-,N,,,,,,,,,,N,3,0,1,2,A,-,11,21955,,N,G,B,D,-,H,-,C,D,0,Y,,,,Y,Y,N,60,0,1,0,0,1,0,0,0,0,"- ","- ",38.722820281982422,-121.29039001464844,PLACER,ROSEVILLE,-121.29043579101562,38.722087860107422
9323199,2021,2021-10-14,3105,2021-08-29,2500,1133,,7,5,5,3105,0,0,0,,0,002,"DOUGLAS BL","EUREKA RD",18.00,E,N,A,-,N,,,,,,,,,,Y,2,0,3,3,A,-,12,21453,A,N,D,C,A,A,H,-,A,A,0,,,,,Y,,A,01,2,0,1,0,0,0,0,0,0,"- ","- ",38.744350433349609,-121.24710083007812,PLACER,ROSEVILLE,-121.24703979492188,38.74420166015625
9323911,2021,2021-09-15,3105,2021-08-18,0919,197,,3,5,5,3105,0,0,0,,0,004,"MAIN ST","BITTNER ST",0.00,,Y,B,-,N,,,,,,,,,,Y,4,0,1,2,A,-,03,22350,,N,C,C,A,A,H,-,A,A,0,,,,,Y,,A,07,0,0,1,0,0,0,0,0,0,"- ","- ",38.751869201660156,-121.29828643798828,PLACER,ROSEVILLE,-121.29827117919922,38.751857757568359
9323917,2021,2021-09-15,3105,2021-08-20,2029,3034,,5,5,5,3105,0,0,0,,0,003,"RIVERSIDE AV","CIRBY WY",38.00,S,N,A,-,N,,,,,,,,,,Y,4,0,2,2,A,-,09,21453,C,N,D,C,A,A,H,-,C,A,0,,,,,Y,,A,01,0,0,2,0,0,0,0,0,0,"- ","- ",38.729339599609375,-121.29048156738281,PLACER,ROSEVILLE,-121.29045867919922,38.729244232177734
9325584,2021,2021-10-23,3105,2021-09-04,1200,1143,,6,5,5,3105,0,0,0,,0,004,"OAKLAND AV","BIRCH ST",0.00,,Y,A,-,N,,,,,,,,,,N,2,0,1,2,-,-,"- ",,,N,H,J,A,A,H,-,A,A,0,,,Y,,Y,,-,"- ",1,0,0,0,0,0,0,0,1,"- ","- ",38.749649047851562,-121.29258728027344,PLACER,ROSEVILLE,-121.29261016845703,38.749660491943359
9325586,2021,2021-10-23,3105,2021-09-08,2009,1130,,3,5,5,3105,0,0,0,,0,002,"E ROSEVILLE PW","EUREKA RD",78.00,S,N,A,-,N,,,,,,,,,,Y,3,0,2,2,A,-,08,22107,,N,B,C,A,A,H,-,C,A,0,,,,,Y,,A,01,0,2,0,0,0,0,0,0,0,"- ","- ",38.736869812011719,-121.23567199707031,PLACER,ROSEVILLE,-121.23566436767578,38.736495971679688
9325592,2021,2021-10-23,3105,2021-09-17,1655,1114,,5,5,5,3105,0,0,0,,0,002,"ROCK RIDGE DR","MEADOWLARK WY",0.00,,Y,A,-,N,,,,,,,,,,N,3,0,1,2,A,-,05,21650,1,N,D,G,A,A,H,-,A,A,0,,Y,,,Y,,-,,0,1,0,0,0,0,1,0,0,"- ","- ",38.736320495605469,-121.25292205810547,PLACER,ROSEVILLE,-121.25376892089844,38.734775543212891
9325626,2021,2021-09-30,3105,2021-08-20,1611,1160,,5,5,5,3105,0,0,0,,0,003,"ROSEVILLE RD","FIR AV",500.00,N,N,A,-,N,,,,,,,,,,Y,2,0,2,1,A,-,00,23153,5,N,E,I,A,A,H,-,A,D,0,,,,,Y,,A,01,1,0,1,0,0,0,0,0,0,"- ","- ",38.725189208984375,-121.30748748779297,PLACER,ROSEVILLE,-121.30723571777344,38.725914001464844
9325767,2021,2021-10-13,3105,2021-09-07,1154,140,,2,5,5,3105,0,0,0,,0,002,"DOUGLAS BL","SIERRA GARDENS DR",0.00,,Y,A,-,N,,,,,,,,,,Y,4,0,2,2,A,-,03,22350,I,N,C,C,A,A,H,-,A,A,0,,,,,Y,,D,22,0,0,2,0,0,0,0,0,0,"- ","- ",38.74420166015625,-121.25921630859375,PLACER,ROSEVILLE,-121.25921630859375,38.744270324707031
9325807,2021,2021-10-13,3105,2021-09-16,1618,186,,4,5,5,3105,0,0,0,,0,006,"WOODCREEK OAKS BL","BLUE OAKS BL",373.00,S,N,A,-,N,,,,,,,,,,Y,4,0,2,2,A,-,09,21801,A,N,A,C,A,A,H,-,A,A,0,,,,,Y,,A,01,0,0,2,0,0,0,0,0,0,"- ","- ",38.795478820800781,-121.32868957519531,PLACER,ROSEVILLE,-121.32871246337891,38.794216156005859
9327137,2021,2021-09-29,3105,2021-08-23,1839,1108,,1,5,5,3105,0,0,0,,0,006,"WOODCREEK OAKS BL","TRAILEE CT",0.00,,Y,A,-,N,,,,,,,,,,Y,4,0,1,3,A,-,12,21453,A,N,D,C,A,A,H,-,A,A,0,,,,Y,Y,,F,26,0,0,1,0,0,0,0,0,0,"- ","- ",,,PLACER,ROSEVILLE,-121.33250427246094,38.760940551757812
9327322,2021,2021-11-16,3104,2021-09-15,1023,236,44,3,5,4,3104,0,0,0,,0,001,"ROCKLIN RD","SOUTH GROVE",0.00,,Y,A,-,N,,,,,,,,,,N,4,0,1,2,D,-,00,,,N,E,J,F,A,H,-,A,D,0,Y,,,,Y,,-,"- ",0,0,1,0,1,0,0,0,0,"- ","- ",38.788719177246094,-121.23174285888672,PLACER,ROCKLIN,-121.23185729980469,38.788837432861328
9327326,2021,2021-10-21,3104,2021-09-07,1735,234,43,2,5,4,3104,0,0,0,,0,001,"GRRANTE DR","SIERRA MEADOWS DR",0.00,,Y,A,-,N,,,,,,,,,,N,3,0,1,2,A,-,12,21453,A,N,D,C,A,A,H,-,A,A,0,,,,,Y,,D,22,0,1,0,0,0,0,0,0,0,"- ","- ",38.791530609130859,-121.22234344482422,PLACER,ROCKLIN,,
9327350,2021,2021-11-16,3104,2021-09-29,0018,310,37,3,5,4,3104,0,0,0,,0,002,"SPRINGVIEW DR","SHANNON BAY DR",281.00,W,N,A,-,N,,,,,,,,,,Y,4,0,1,2,A,-,01,23152,A,N,C,E,A,A,H,-,C,D,0,,,,,Y,Y,A,01,0,0,1,0,0,0,0,0,0,"- ","- ",38.782890319824219,-121.24852752685547,PLACER,ROCKLIN,-121.24924468994141,38.78265380859375
9339564,2021,2021-10-14,3105,2021-09-23,2104,1149,,4,5,5,3105,0,0,0,,0,006,"INDUSTRIAL AV","WASHINGTON BL",0.00,,Y,A,-,N,,,,,,,,,,Y,4,0,2,2,A,-,08,22107,,N,D,C,A,A,H,-,C,D,0,,,,,Y,,A,01,0,0,2,0,0,0,0,0,0,"- ","- ",38.777149200439453,-121.30380249023438,PLACER,ROSEVILLE,-121.30381774902344,38.777164459228516
9340657,2021,2021-11-02,3105,2021-09-22,1009,188,,3,5,5,3105,0,0,0,,0,006,"BASELINE RD","FOOTHILLS BL",0.00,,Y,A,-,N,,,,,,,,,,N,4,0,1,2,A,-,09,21453,B,N,G,B,B,A,H,-,A,A,0,Y,,,,Y,,A,01,0,0,1,0,1,0,0,0,0,"- ","- ",38.75177001953125,-121.30943298339844,PLACER,ROSEVILLE,-121.30938720703125,38.7518310546875
9341132,2021,2021-11-05,3105,2021-09-21,0545,1132,,2,5,5,3105,0,0,0,,0,007,"FIDDYMENT RD","PLEASANT GROVE BL",0.00,,Y,A,-,N,,,,,,,,,,N,4,0,1,2,A,-,03,22350,,N,C,C,A,A,H,-,C,A,0,,,,,Y,,D,72,0,0,1,0,0,0,0,0,0,"- ","- ",,,PLACER,ROSEVILLE,-121.35873413085938,38.766292572021484
9341140,2021,2021-11-04,3105,2021-09-04,1232,1099,,6,5,5,3105,0,0,0,,0,002,"DOUGLAS BL","TARGET DRWY",65.00,W,N,A,-,N,,,,,,,,,,Y,4,0,1,3,A,-,03,22350,,N,C,C,A,A,H,-,A,A,0,,,,,Y,,A,01,0,0,1,0,0,0,0,0,0,"- ","- ",,,PLACER,ROSEVILLE,-121.25325775146484,38.745742797851562
9341365,2021,2021-11-02,3105,2021-09-03,1159,1072,,5,5,5,3105,0,0,0,,0,005,"ROSEVILLE PKWY","GIBSON DR",446.00,E,N,A,-,N,,,,,,,,,,Y,4,0,1,2,A,-,03,22350,,N,C,C,A,A,D,-,A,D,0,,,,,Y,,A,07,0,0,1,0,0,0,0,0,0,"- ","- ",38.777561187744141,-121.28481292724609,PLACER,ROSEVILLE,-121.28328704833984,38.777481079101562
9341367,2021,2021-11-02,3105,2021-09-16,1103,1015,,4,5,5,3105,0,0,0,,0,003,"WHYTE AV","AUBURN BL",0.00,,Y,A,-,N,,,,,,,,,,Y,4,0,1,2,A,-,09,21802,A,N,D,C,A,A,H,-,A,A,0,,,,,Y,,A,07,0,0,1,0,0,0,0,0,0,"- ","- ",38.721851348876953,-121.29077911376953,PLACER,ROSEVILLE,-121.29043579101562,38.722087860107422
9341430,2021,2021-11-08,3103,2021-09-20,0758,JSCHM,L3,1,5,2,3103,0,0,0,,0,0L1,"5TH ST","Q ST",0.00,,Y,A,-,N,,,,,,,,,,N,4,0,1,2,A,-,12,22450,A,N,B,C,A,A,H,-,A,D,0,,,,,Y,,A,08,0,0,1,0,0,0,0,0,0,"- ","- ",38.891738891601562,-121.30626678466797,PLACER,LINCOLN,-121.30628967285156,38.891780853271484
9341464,2021,2021-11-03,3103,2021-09-03,2109,ADEOL,L5,5,5,2,3103,0,0,0,,0,0L3,"3RD ST","R ST",0.00,,Y,A,-,N,,,,,,,,,,N,4,0,1,2,A,-,05,21651,B,M,D,C,A,A,H,-,C,D,0,,,,,Y,,A,07,0,0,1,0,0,0,0,0,0,"- ","- ",38.889179229736328,-121.29279327392578,PLACER,LINCOLN,-121.30811309814453,38.889171600341797
9342253,2021,2021-10-26,3103,2021-08-30,1512,BROGE,L4,1,5,2,3103,0,0,0,,0,0L2,"FERRARI RANCH RD","E JOINER PKWY",0.00,,Y,A,-,N,,,,,,,,,,Y,3,0,2,3,A,-,12,21453,A,N,D,C,A,A,H,-,A,A,0,,,,,Y,,-,"- ",0,2,0,0,0,0,0,0,0,"- ","- ",38.875568389892578,-121.30338287353516,PLACER,LINCOLN,-121.30360412597656,38.875598907470703
9342490,2021,2021-10-19,3103,2021-09-17,0845,BSCHN,L4,5,5,2,3103,0,0,0,,0,0L2,"MOORE RD","SORRENTO PKWY",2112.00,W,N,A,-,N,,,,,,,,,,Y,2,0,2,2,A,-,05,21460,A,N,A,C,A,A,H,-,A,D,0,,,,,Y,,A,01,1,1,0,0,0,0,0,0,0,"- ","- ",38.87384033203125,-121.32211303710938,PLACER,LINCOLN,-121.32886505126953,38.873611450195312
9343532,2021,2021-10-22,3104,2021-09-04,2125,276,42,6,5,4,3104,0,0,0,,0,001,"SIERRA COLLEGE BL","SCHRIBER WY",0.00,,Y,A,-,N,,,,,,,,,,N,4,0,1,2,A,-,12,21453,A,N,D,C,A,A,H,-,C,A,0,,,,,Y,,A,07,0,0,1,0,0,0,0,0,0,"- ","- ",38.7994384765625,-121.20542144775391,PLACER,ROCKLIN,-121.20552062988281,38.799442291259766
9343608,2021,2021-10-25,3104,2021-09-18,2232,317,38,6,5,4,3104,0,0,0,,0,003,"STANFORD RANCH RD","FAIRWAY DR",14.00,N,N,C,-,N,,,,,,,,,,Y,4,0,1,2,A,-,03,22350,,N,D,C,A,B,H,-,C,A,0,,,,,Y,,A,01,0,0,1,0,0,0,0,0,0,"- ","- ",38.783679962158203,-121.26561737060547,PLACER,ROCKLIN,-121.26570892333984,38.783676147460938
9343609,2021,2021-10-25,3104,2021-09-13,0722,283,14,1,5,4,3104,0,0,0,,0,004,"W STANFORD RANCH RD","SUNSET BL",716.00,E,N,A,-,N,,,,,,,,,,N,3,0,1,2,A,-,05,21650,1,N,H,G,A,A,H,-,A,D,0,,Y,,,Y,,L,04,0,1,0,0,0,0,1,0,0,"- ","- ",38.815101623535156,-121.28653717041016,PLACER,ROCKLIN,-121.28462982177734,38.816383361816406
9343672,2021,2021-10-20,3104,2021-08-26,1900,312,24,4,5,4,3104,0,0,0,,0,003,"SAN MIGUEL CT","SAN CARLOS WY",82.00,N,N,A,-,N,,,,,,,,,,N,2,0,1,2,A,-,17,21712,A,N,G,B,F,A,H,-,A,D,0,Y,,,,Y,Y,A,01,1,0,0,0,1,0,0,0,0,"- ","- ",38.812969207763672,-121.25251007080078,PLACER,ROCKLIN,-121.26250457763672,38.817905426025391
9343673,2021,2021-10-19,3104,2021-08-27,0959,254,37,5,5,4,3104,0,0,0,,0,002,"SUNSET BL","SPRINGVIEW DR",0.00,,Y,A,-,N,,,,,,,,,,Y,3,0,1,2,A,-,09,21453,C,N,D,C,A,A,H,-,A,A,0,,,,,Y,,A,01,0,1,0,0,0,0,0,0,0,"- ","- ",38.784690856933594,-121.24796295166016,PLACER,ROCKLIN,-121.24796295166016,38.784664154052734
9346583,2021,2021-11-03,3105,2021-09-16,1240,1169,,4,5,5,3105,0,0,0,,0,004,"CAMPO ST","CORONADO AV",25.00,S,N,A,-,N,,,,,,,,,,Y,4,0,1,1,A,-,08,22107,,N,A,I,A,A,H,-,C,D,0,,,,,Y,,A,01,0,0,1,0,0,0,0,0,0,"- ","- ",38.756629943847656,-121.27706909179688,PLACER,ROSEVILLE,-121.27687835693359,38.757530212402344
9346585,2021,2021-11-03,3105,2021-09-19,1834,1158,,7,5,5,3105,0,0,0,,0,007,"BLUE OAKS BL","FIDDYMENT RD",0.00,,Y,A,-,N,,,,,,,,,,N,4,0,1,2,A,-,03,22350,,N,C,C,A,A,H,-,A,A,0,,,,,Y,,A,01,0,0,1,0,0,0,0,0,0,"- ","- ",38.791610717773438,-121.35867309570312,PLACER,ROSEVILLE,-121.35868835449219,38.791603088378906
9346587,2021,2021-11-03,3105,2021-09-23,2055,1128,,4,5,5,3105,0,0,0,,0,006,"WASHINGTON BL","PLEASANT GROVE BL",0.00,,Y,A,-,N,,,,,,,,,,Y,4,0,3,2,A,-,12,21453,A,N,D,C,A,A,H,-,C,A,0,,,,,Y,,A,01,0,0,3,0,0,0,0,0,0,"- ","- ",,,PLACER,ROSEVILLE,-121.30375671386719,38.773899078369141
9346653,2021,2021-12-10,3105,2021-10-04,0730,1099,,1,5,5,3105,0,0,0,,0,003,"ATLANTIC ST","WILLS RD",15.00,E,N,A,-,N,,,,,,,,,,Y,4,0,2,2,A,-,03,22350,,N,C,C,A,A,H,-,A,A,0,,,,,Y,,A,01,0,0,2,0,0,0,0,0,0,"- ","- ",,,PLACER,ROSEVILLE,-121.26786041259766,38.758049011230469
9347194,2021,2021-11-16,3105,2021-10-05,0830,1099,,2,5,5,3105,0,0,0,,0,002,"SUNRISE AV","CIRBY WY",20.00,N,N,A,-,N,,,,,,,,,,Y,4,0,1,2,A,-,01,23152,F,N,C,C,A,A,H,-,A,A,0,,,,,Y,,A,01,0,0,1,0,0,0,0,0,0,"- ","- ",,,PLACER,ROSEVILLE,-121.27208709716797,38.729564666748047
9347473,2021,2021-11-22,3105,2021-10-10,1613,575,,7,5,5,3105,0,0,0,,0,004,"WASHINGTON BL","GROVE ST",0.00,,Y,A,-,N,,,,,,,,,,Y,3,0,1,2,A,-,09,21802,A,N,D,C,A,A,H,-,A,A,0,,,,,Y,,A,01,0,1,0,0,0,0,0,0,0,"- ","- ",38.7529296875,-121.28797149658203,PLACER,ROSEVILLE,-121.28788757324219,38.752937316894531
9347474,2021,2021-11-22,3105,2021-10-10,1642,1148,,7,5,5,3105,0,0,0,,0,003,"HARDING BL","ESTATES DR",0.00,,Y,A,-,N,,,,,,,,,,N,4,0,1,2,A,-,07,21658,A,N,D,C,A,A,H,-,A,D,0,,,,,Y,,A,01,0,0,1,0,0,0,0,0,0,"- ","- ",38.747039794921875,-121.27092742919922,PLACER,ROSEVILLE,-121.27184295654297,38.746879577636719
9348337,2021,2021-11-10,3105,2021-10-12,0903,1117,,2,5,5,3105,0,0,0,,0,002,"DOUGLAS BL","EUREKA RD",730.00,W,N,A,-,N,,,,,,,,,,Y,4,0,1,2,A,-,09,21804,A,N,A,C,A,A,-,-,A,A,0,,,,,Y,,A,07,0,0,1,0,0,0,0,0,0,"- ","- ",38.744338989257812,-121.2530517578125,PLACER,ROSEVILLE,-121.24965667724609,38.744190216064453
9348460,2021,2021-11-09,3105,2021-09-02,2116,1124,,4,5,5,3105,0,0,0,,0,006,"CIRBY WY","VERNON ST",0.00,,Y,A,-,N,,,,,,,,,,Y,2,0,1,2,-,-,"- ",,,N,D,C,A,-,H,-,C,A,0,,,,,Y,,-,"- ",1,0,0,0,0,0,0,0,0,"- ","- ",38.72930908203125,-121.29972839355469,PLACER,ROSEVILLE,-121.29971313476562,38.729286193847656
9349047,2021,2021-10-18,3100,2021-08-26,0814,82,,4,5,2,3106,0,0,0,,0,,"KING RD","ARCADIA AV",111.00,E,N,A,-,N,,,,,,,,,,N,4,0,1,2,A,-,05,21202,A,N,H,G,A,A,H,-,A,D,0,,Y,,,Y,,L,04,0,0,1,0,0,0,1,0,0,"- ","- ",,,PLACER,LOOMIS,-121.19364929199219,38.825130462646484
9352462,2021,2021-11-23,3105,2021-10-01,1450,140,,5,5,5,3105,0,0,0,,0,002,"DOUGLAS BL","EAST ROSEVILLE PKWY",845.00,E,N,A,-,N,,,,,,,,,,N,3,0,2,3,A,-,03,22350,,N,C,C,A,A,H,-,A,D,0,,,,,Y,,A,01,0,2,0,0,0,0,0,0,0,"- ","- ",38.744720458984375,-121.23325347900391,PLACER,ROSEVILLE,-121.23300170898438,38.743972778320312
9352463,2021,2021-11-23,3105,2021-10-08,1536,1009,,5,5,5,3105,0,0,0,,0,006,"FOOTHILLS BL","PLEASANT GROVE BL",65.00,S,N,A,-,N,,,,,,,,,,Y,3,0,1,3,A,-,01,23152,A,N,C,C,A,A,H,-,A,A,0,,,,,Y,Y,A,01,0,1,0,0,0,0,0,0,0,"- ","- ",38.772598266601562,-121.31279754638672,PLACER,ROSEVILLE,-121.31288146972656,38.772270202636719
9352464,2021,2021-11-23,3105,2021-10-13,0844,140,2,3,5,5,3105,0,0,0,,0,002,"SUNRISE AV","COLOMA WY",0.00,,Y,B,-,N,,,,,,,,,,N,4,0,1,2,A,-,03,22350,,F,C,C,A,A,H,-,A,A,0,,,,,Y,,A,01,0,0,1,0,0,0,0,0,0,"- ","- ",38.736778259277344,-121.27201080322266,PLACER,ROSEVILLE,-121.27201080322266,38.736774444580078
9352502,2021,2021-11-13,3105,2021-09-22,1420,186,,3,5,5,3105,0,0,0,,0,006,"BASELINE RD","PROSPECT POINT DR",75.00,E,N,A,-,N,,,,,,,,,,Y,3,0,1,2,A,-,03,22350,,N,C,C,A,A,H,-,A,D,0,,,,,Y,,A,01,0,1,0,0,0,0,0,0,0,"- ","- ",38.751861572265625,-121.32540130615234,PLACER,ROSEVILLE,-121.32512664794922,38.751869201660156
9352503,2021,2021-11-13,3101,2021-09-24,1454,A711,AU09,5,5,3,3101,0,0,0,,0,0A2,"AUBURN FOLSOM RD","HIGH ST",0.00,,Y,A,-,N,,,,,,,,,,Y,3,0,1,1,A,-,03,22350,,N,E,I,A,A,H,-,A,A,0,,,,,Y,,A,01,0,1,0,0,0,0,0,0,0,"- ","- ",38.892341613769531,-121.07634735107422,PLACER,AUBURN,-121.07640838623047,38.892925262451172
9353253,2021,2021-11-05,3104,2021-09-27,2054,310,11,1,5,4,3104,0,0,0,,0,004,"BLUE OAKS BL","LONETREE BL",0.00,,Y,B,C,N,,,,,,,,,,Y,3,0,2,2,A,-,12,21453,,N,D,C,A,B,H,-,C,A,0,,,,,Y,,-,"- ",0,1,1,0,0,0,0,0,0,"- ","- ",38.7958984375,-121.29158782958984,PLACER,ROCKLIN,-121.29160308837891,38.796028137207031
9353383,2021,2021-11-15,3104,2021-10-10,1304,302,42,7,5,4,3104,0,0,0,,0,001,"SIERRA COLLEGE BL","COMMONS DR",258.00,E,N,A,-,N,,,,,,,,,,Y,4,0,1,1,A,-,03,22350,,N,H,A,A,A,H,-,A,D,0,,,Y,,Y,,C,02,0,0,1,0,0,0,0,0,1,"- ","- ",38.805168151855469,-121.20552062988281,PLACER,ROCKLIN,-121.20452117919922,38.805171966552734
9357277,2021,2021-11-19,3101,2021-10-21,1900,A737,AU12,4,5,3,3101,0,0,0,,0,0A1,"GRASS VALLEY HWY","FULWEILER AV",0.00,W,N,A,-,Y,PLA,3,49,-,-,3.590,H,-,S,N,2,0,1,2,A,-,03,22350,,N,G,B,E,A,H,-,D,D,0,Y,,,,Y,,D,22,1,0,0,0,1,0,0,0,0,"- ","- ",38.904708862304688,-121.07408142089844,PLACER,AUBURN,-121.07653045654297,38.905677795410156