CASE_ID,ACCIDENT_YEAR,PROC_DATE,JURIS,COLLISION_DATE,COLLISION_TIME,OFFICER_ID,REPORTING_DISTRICT,DAY_OF_WEEK,CHP_SHIFT,POPULATION,CNTY_CITY_LOC,SPECIAL_COND,BEAT_TYPE,CHP_BEAT_TYPE,CITY_DIVISION_LAPD,CHP_BEAT_CLASS,BEAT_NUMBER,PRIMARY_RD,SECONDARY_RD,DISTANCE,DIRECTION,INTERSECTION,WEATHER_1,WEATHER_2,STATE_HWY_IND,CALTRANS_COUNTY,CALTRANS_DISTRICT,STATE_ROUTE,ROUTE_SUFFIX,POSTMILE_PREFIX,POSTMILE,LOCATION_TYPE,RAMP_INTERSECTION,SIDE_OF_HWY,TOW_AWAY,COLLISION_SEVERITY,NUMBER_KILLED,NUMBER_INJURED,PARTY_COUNT,PRIMARY_COLL_FACTOR,PCF_CODE_OF_VIOL,PCF_VIOL_CATEGORY,PCF_VIOLATION,PCF_VIOL_SUBSECTION,HIT_AND_RUN,TYPE_OF_COLLISION,MVIW,PED_ACTION,ROAD_SURFACE,ROAD_COND_1,ROAD_COND_2,LIGHTING,CONTROL_DEVICE,CHP_ROAD_TYPE,PEDESTRIAN_ACCIDENT,BICYCLE_ACCIDENT,MOTORCYCLE_ACCIDENT,TRUCK_ACCIDENT,NOT_PRIVATE_PROPERTY,ALCOHOL_INVOLVED,STWD_VEHTYPE_AT_FAULT,CHP_VEHTYPE_AT_FAULT,COUNT_SEVERE_INJ,COUNT_VISIBLE_INJ,COUNT_COMPLAINT_PAIN,COUNT_PED_KILLED,COUNT_PED_INJURED,COUNT_BICYCLIST_KILLED,COUNT_BICYCLIST_INJURED,COUNT_MC_KILLED,COUNT_MC_INJURED,PRIMARY_RAMP,SECONDARY_RAMP,LATITUDE,LONGITUDE,COUNTY,CITY,POINT_X,POINT_Y
9359509,2021,2021-12-03,3105,2021-10-14,0948,188,,4,5,5,3105,0,0,0,,0,006,"PLEASANT GROVE BL","WOODCREEK OAKS BL",800.00,W,N,C,-,N,,,,,,,,,,Y,4,0,1,2,A,-,03,22350,,N,D,C,A,B,H,-,A,A,0,,,,,Y,,D,23,0,0,1,0,0,0,0,0,0,"- ","- ",38.768741607666016,-121.33003234863281,PLACER,ROSEVILLE,-121.33287811279297,38.768562316894531
9361580,2021,2021-11-17,3105,2021-10-24,0433,1137,,7,5,5,3105,0,0,0,,0,001,"GALLERIA BL","ROSEVILLE PKWY",2.00,N,N,B,C,N,,,,,,,,,,Y,2,0,1,1,A,-,08,22107,,N,A,I,A,B,H,-,C,A,0,,,,,Y,Y,A,01,1,0,0,0,0,0,0,0,0,"- ","- ",38.76885986328125,-121.26589965820312,PLACER,ROSEVILLE,-121.26589965820312,38.768707275390625
9362448,2021,2021-12-23,3105,2021-11-04,1035,140,,4,5,5,3105,0,0,0,,0,002,"SIERRA COLLEGE BL","E ROSEVILLE PK",0.00,,Y,B,-,N,,,,,,,,,,Y,2,0,1,2,A,-,09,21801,A,N,D,C,A,A,H,-,A,D,0,,,,,Y,,A,07,1,0,0,0,0,0,0,0,0,"- ","- ",38.73114013671875,-121.22611999511719,PLACER,ROSEVILLE,-121.22586059570312,38.730976104736328
9362452,2021,2021-12-08,3105,2021-10-12,1733,3034,,2,5,5,3105,0,0,0,,0,006,"PLEASANT GROVE BL","FOOTHILLS BL",75.00,W,N,A,-,N,,,,,,,,,,N,4,0,1,2,A,-,09,21804,A,N,D,C,A,A,H,-,A,A,0,,,,,Y,,D,22,0,0,1,0,0,0,0,0,0,"- ","- ",38.772190093994141,-121.31355285644531,PLACER,ROSEVILLE,-121.31314086914062,38.772441864013672
9362460,2021,2021-12-10,3105,2021-10-22,1431,1059,,5,5,5,3105,0,0,0,,0,003,"ORLANDO AV","AUBURN BL",412.00,E,N,B,-,N,,,,,,,,,,N,2,0,1,2,A,-,06,21750,A,N,B,C,A,A,H,-,A,A,0,,,Y,Y,Y,,C,02,1,0,0,0,0,0,0,0,1,"- ","- ",38.722820281982422,-121.29039001464844,PLACER,ROSEVILLE,-121.28913879394531,38.723178863525391
9362765,2021,2021-12-07,3105,2021-09-19,0741,1170,,7,5,5,3105,0,0,0,,0,003,"ORLANDO AV","AUBURN BL",0.00,,Y,A,-,N,,,,,,,,,,N,3,0,1,2,A,-,12,21453,A,N,D,C,A,-,H,-,A,A,0,,,,,Y,,A,01,0,1,0,0,0,0,0,0,0,"- ","- ",38.722820281982422,-121.29039001464844,PLACER,ROSEVILLE,-121.29042816162109,38.722789764404297
9365377,2021,2021-12-09,3105,2021-10-28,1232,1130,,4,5,5,3105,0,0,0,,0,005,"PLEASANT GROVE BL","RT 65",46.00,W,N,A,-,N,,,,,,,,,,Y,4,0,2,3,A,-,03,22350,,N,C,C,A,A,H,-,A,A,0,,,,,Y,,A,07,0,0,2,0,0,0,0,0,0,"- ",SO,38.785671234130859,-121.28648376464844,PLACER,ROSEVILLE,-121.28422546386719,38.786354064941406
9366459,2021,2021-11-19,3105,2021-10-06,1512,1129,,3,5,5,3105,0,0,0,,0,003,"N HARDING BL","LEAD HILL BL",910.00,N,N,A,-,N,,,,,,,,,,,4,0,3,2,A,-,03,22350,,N,C,C,A,A,H,-,A,D,0,,,,,Y,,A,01,0,0,3,0,0,0,0,0,0,"- ","- ",38.752498626708984,-121.26782989501953,PLACER,ROSEVILLE,-121.26738739013672,38.754951477050781
9367953,2021,2021-12-07,3105,2021-10-22,2147,1147,,5,5,5,3105,0,0,0,,0,004,"JUNCTION BL","SAWTELL RD",0.00,,Y,B,-,N,,,,,,,,,,Y,3,0,2,2,A,-,08,22107,,N,A,C,A,A,H,-,C,A,0,,,,,Y,,A,01,0,1,1,0,0,0,0,0,0,"- ","- ",38.759178161621094,-121.30297088623047,PLACER,ROSEVILLE,-121.30297088623047,38.759193420410156
9367954,2021,2021-12-07,3105,2021-10-28,1852,1170,,4,5,5,3105,0,0,0,,0,002,"DOUGLAS BL","DOUGLAS BL ENT TARGET",0.00,,-,A,-,N,,,,,,,,,,,4,0,1,3,A,-,03,22350,,N,C,C,A,A,H,-,C,A,0,,,,,Y,,A,07,0,0,1,0,0,0,0,0,0,"- ","- ",38.743610382080078,-121.25704956054688,PLACER,ROSEVILLE,,
9369499,2021,2022-01-18,3105,2021-10-30,1312,1151,,6,5,5,3105,0,0,0,,0,006,"PAINTED DESERT DR","WOODCREEK OAKS BL",0.00,,Y,A,-,N,,,,,,,,,,Y,4,0,1,2,A,-,12,21453,A,N,D,C,A,A,H,-,A,A,0,,,,,Y,,A,01,0,0,1,0,0,0,0,0,0,"- ","- ",38.792320251464844,-121.32875823974609,PLACER,ROSEVILLE,-121.32871246337891,38.792285919189453
9369864,2021,2021-12-28,3105,2021-11-22,0138,1132,,1,5,5,3105,0,0,0,,0,006,"FOOTHILLS BL","PLEASANT GROVE BL",0.00,,Y,A,-,N,,,,,,,,,,Y,4,0,2,2,A,-,09,21453,C,N,D,C,A,A,H,-,C,A,0,,,,,Y,,A,07,0,0,2,0,0,0,0,0,0,"- ","- ",,,PLACER,ROSEVILLE,-121.31288146972656,38.772449493408203
9369865,2021,2021-12-28,3105,2021-11-09,0715,188,,2,5,5,3105,0,0,0,,0,006,"BASELINE RD","FOOTHILLS BL",591.00,W,N,B,-,N,,,,,,,,,,Y,4,0,2,2,A,-,09,21801,A,N,D,C,A,B,-,-,A,A,0,,,,,Y,,A,01,0,0,2,0,0,0,0,0,0,"- ","- ",38.753299713134766,-121.31125640869141,PLACER,ROSEVILLE,-121.31146240234375,38.751850128173828
9369871,2021,2021-12-24,3105,2021-11-11,1844,1131,,4,5,5,3105,0,0,0,,0,001,"TAYLOR RD","E RSVL PKWY",754.00,S,N,A,-,N,,,,,,,,,,Y,4,0,1,2,A,-,09,21804,A,N,D,C,A,A,H,-,B,D,0,,,,,Y,,A,01,0,0,1,0,0,0,0,0,0,"- ","- ",38.762008666992188,-121.25586700439453,PLACER,ROSEVILLE,,
9370463,2021,2021-12-31,3105,2021-11-27,1917,579,,6,5,5,3105,0,0,0,,0,004,"CHURCH ST","N GRANT ST N",0.00,,Y,A,-,N,,,,,,,,,,N,4,0,1,2,A,-,09,21802,A,N,D,C,A,A,H,-,B,D,0,,,,,Y,,A,01,0,0,1,0,0,0,0,0,0,"- ","- ",,,PLACER,ROSEVILLE,-121.28759002685547,38.749958038330078
9370467,2021,2022-01-11,3105,2021-11-18,1635,1124,,4,5,5,3105,0,0,0,,0,006,"BLUE OAKS BL","ALANTOWN DR",520.00,W,N,B,-,N,,,,,,,,,,N,4,0,1,3,A,-,03,22350,1,N,C,C,A,A,H,-,B,A,0,,,,Y,Y,,F,86,0,0,1,0,0,0,0,0,0,"- ","- ",38.795238494873047,-121.30055999755859,PLACER,ROSEVILLE,-121.30776214599609,38.795322418212891
9370649,2021,2021-12-29,3105,2021-11-12,1817,1131,,5,5,5,3105,0,0,0,,0,001,"SUNRISE AV","MADDEN LN",524.00,N,N,E,-,N,,,,,,,,,,Y,3,0,1,2,A,-,09,21801,A,N,D,C,A,A,H,-,B,D,0,,,Y,,Y,,A,01,0,1,0,0,0,0,0,0,1,"- ","- ",38.729488372802734,-121.27207183837891,PLACER,ROSEVILLE,-121.27204895019531,38.733177185058594
9370652,2021,2021-12-29,3105,2021-11-30,0745,1166,,2,5,5,3105,0,0,0,,0,001,"ORVIETTO DR","EAST ROSEVILLE PKWY",0.00,,Y,A,-,N,,,,,,,,,,N,4,0,1,2,A,-,11,21950,B,N,G,B,B,A,H,-,A,A,0,Y,,,,Y,,N,60,0,0,1,0,1,0,0,0,0,"- ","- ",38.750011444091797,-121.24210357666016,PLACER,ROSEVILLE,-121.24208831787109,38.749969482421875
9372603,2021,2021-12-20,3104,2021-11-08,0625,617,11,1,5,4,3104,0,0,0,,0,004,"SUNSET BL","BLUE OAKS BL",0.00,,Y,B,-,N,,,,,,,,,,Y,4,0,1,2,A,-,12,21453,A,N,D,C,A,A,H,-,B,A,0,,,,,Y,,D,22,0,0,1,0,0,0,0,0,0,"- ","- ",38.808509826660156,-121.27993011474609,PLACER,ROCKLIN,-121.27993774414062,38.808502197265625
9372604,2021,2021-12-31,3104,2021-11-09,1220,316,37,2,5,4,3104,0,0,0,,0,002,"SUNSET BL","SOUTH WHITNEY  BL",0.00,,Y,C,-,N,,,,,,,,,,Y,4,0,1,1,A,-,"- ",,,N,E,I,A,B,H,-,A,A,0,,,,,Y,,D,22,0,0,1,0,0,0,0,0,0,"- ","- ",38.786659240722656,-121.25270843505859,PLACER,ROCKLIN,-121.25286102294922,38.786697387695312
9373050,2021,2021-12-09,3104,2021-10-18,1234,283,44,1,5,4,3104,0,0,0,,0,001,"ROCKLIN RD","LEVISON WY",189.00,E,N,A,-,N,,,,,,,,,,N,3,0,1,2,A,-,09,21804,A,N,D,C,A,A,H,-,A,D,0,,,,,Y,,A,01,0,1,0,0,0,0,0,0,0,"- ","- ",38.788501739501953,-121.23085021972656,PLACER,ROCKLIN,-121.23012542724609,38.788543701171875
9373488,2021,2021-12-15,3105,2021-10-27,1837,1170,,3,5,5,3105,0,0,0,,0,002,"CIRBY WY","SUNRISE AV",0.00,,Y,A,-,N,,,,,,,,,,N,4,0,1,2,A,-,"- ",,,N,C,C,A,-,H,-,C,A,0,,,,,Y,,D,22,0,0,1,0,0,0,0,0,0,"- ","- ",38.729488372802734,-121.27207183837891,PLACER,ROSEVILLE,-121.27208709716797,38.729511260986328
9373873,2021,2022-01-12,3105,2021-11-05,0632,137,,5,5,5,3105,0,0,0,,0,006,"BLUE OAKS BL","WOODCREEK OAKS BL",0.00,,Y,A,-,N,,,,,,,,,,Y,3,0,2,2,A,-,09,21453,C,N,D,C,A,A,H,-,C,A,0,,,,,Y,,A,01,0,2,0,0,0,0,0,0,0,"- ","- ",38.754791259765625,-121.32868957519531,PLACER,ROSEVILLE,-121.32872772216797,38.795238494873047
9373874,2021,2022-01-12,3105,2021-11-08,0915,1117,,1,5,5,3105,0,0,0,,0,002,"CIRBY WY","SUNRISE AV",0.00,,Y,A,-,N,,,,,,,,,,N,4,0,1,2,A,-,03,22350,,N,C,C,A,A,H,-,A,A,0,,,,,Y,,A,07,0,0,1,0,0,0,0,0,0,"- ","- ",38.729488372802734,-121.27207183837891,PLACER,ROSEVILLE,-121.27208709716797,38.729511260986328
9373878,2021,2022-01-12,3105,2021-11-12,1848,1124,,5,5,5,3105,0,0,0,,0,006,"JUNCTION BL","COUNTRY CLUB DR",0.00,,Y,E,-,N,,,,,,,,,,Y,4,0,2,2,A,-,09,21801,A,N,A,C,A,A,H,-,C,A,0,,,,,Y,,A,01,0,0,2,0,0,0,0,0,0,"- ","- ",38.756229400634766,-121.32711791992188,PLACER,ROSEVILLE,-121.32712554931641,38.756233215332031
9373879,2021,2022-01-12,3105,2021-11-19,0242,1134,,5,5,5,3105,0,0,0,,0,003,"CIRBY WY","SUNRISE AV",347.00,,N,B,C,N,,,,,,,,,,Y,4,0,1,1,A,-,08,22107,,N,F,I,A,B,H,-,C,A,0,,,,,Y,,A,01,0,0,1,0,0,0,0,0,0,"- ","- ",38.730129241943359,-121.27400207519531,PLACER,ROSEVILLE,-121.27208709716797,38.729511260986328
9373880,2021,2022-01-12,3105,2021-11-03,0942,188,,3,5,5,3105,0,0,0,,0,006,"BLUE OAKS BL","ROSEVILLE PKWY",0.00,,Y,A,-,N,,,,,,,,,,Y,4,0,1,2,A,-,12,21453,A,N,D,C,A,A,H,-,A,A,0,,,Y,,Y,,A,01,0,0,1,0,0,0,0,0,1,"- ","- ",38.795501708984375,-121.32479095458984,PLACER,ROSEVILLE,,
9374017,2021,2021-12-20,3105,2021-10-27,1222,1119,,3,5,5,3105,0,0,0,,0,004,"JUNCTION BL","FOOTHILLS BL",384.00,E,N,A,-,N,,,,,,,,,,Y,3,0,1,1,C,-,18,,,N,E,I,A,A,H,-,A,D,0,,,,,Y,,-,"- ",0,1,0,0,0,0,0,0,0,"- ","- ",,,PLACER,ROSEVILLE,-121.30861663818359,38.759178161621094
9374020,2021,2021-12-13,3105,2021-10-29,1249,1130,,5,5,5,3105,0,0,0,,0,004,"JUNCTION BL","PORTER DR",0.00,,Y,A,-,N,,,,,,,,,,Y,4,0,3,2,A,-,09,21801,A,N,D,C,A,A,H,-,A,A,0,,,,,Y,,A,01,0,0,3,0,0,0,0,0,0,"- ","- ",38.759178161621094,-121.30297088623047,PLACER,ROSEVILLE,-121.30297088623047,38.759193420410156
9374394,2021,2022-01-04,3105,2021-09-17,0737,1079,,5,5,5,3105,0,0,0,,0,002,"CIRBY WY",SUNRISE,409.00,W,N,A,-,N,,,,,,,,,,Y,3,0,4,2,A,-,09,21804,A,N,A,C,A,A,H,-,A,B,0,,,,,Y,,A,01,0,2,2,0,0,0,0,0,0,"- ","- ",38.729488372802734,-121.27207183837891,PLACER,ROSEVILLE,-121.27352142333984,38.729511260986328
9376791,2021,2022-01-07,3101,2021-12-04,1726,A691,AU14,6,5,3,3101,0,0,0,,0,0A2,"FORESTHILL AV","OAK ST",0.00,,Y,A,-,N,,,,,,,,,,N,3,0,1,2,A,-,03,22350,,N,G,B,E,A,H,-,E,D,0,Y,,,,Y,,A,07,0,1,0,0,1,0,0,0,0,"- ","- ",38.906608581542969,-121.06362915039062,PLACER,AUBURN,-121.06259155273438,38.906936645507812
9377344,2021,2021-12-27,3101,2021-11-22,1951,A607,AU12,1,5,3,3101,0,0,0,,0,0A1,"FULWILER AV",3890394-12107758,0.00,,Y,A,-,N,,,,,,,,,,Y,3,0,1,2,A,-,09,21801,,N,D,D,A,A,H,-,C,D,0,,,,,Y,,A,07,0,1,0,0,0,0,0,0,0,"- ","- ",38.903949737548828,-121.07637023925781,PLACER,AUBURN,,
9378478,2021,2021-12-14,3101,2021-10-27,1700,A737,AU12,3,5,3,3101,0,0,0,,0,0A1,"GRASS VALLEY HWY","PALM AV",0.00,N,N,A,-,Y,PLA,3,49,-,-,3.860,H,-,S,N,3,0,1,3,A,-,03,22350,,F,C,C,A,A,H,-,D,D,0,,,,,Y,,A,07,0,1,0,0,0,0,0,0,0,"- ","- ",38.908390045166016,-121.07695770263672,PLACER,AUBURN,-121.07710266113281,38.9095458984375
9379483,2021,2022-01-26,3105,2021-12-26,1757,1115,,7,5,5,3105,0,0,0,,0,001,"EAST ROSEVILLE PKWY","TAYLOR RD",19.00,E,N,C,-,N,,,,,,,,,,N,4,0,1,2,A,-,11,21456,B,N,G,B,B,B,H,-,C,A,0,Y,,,,Y,,N,60,0,0,1,0,1,0,0,0,0,"- ","- ",38.762008666992188,-121.25586700439453,PLACER,ROSEVILLE,-121.25580596923828,38.762008666992188
9380622,2021,2022-01-25,3105,2021-12-17,1415,186,,5,5,5,3105,0,0,0,,0,006,"WASHINGTON BL","PLEASANT GROVE BL",500.00,N,N,A,-,N,,,,,,,,,,,4,0,4,2,A,-,09,21801,A,N,A,C,A,A,H,-,A,D,0,,,,,Y,,A,01,0,0,4,0,0,0,0,0,0,"- ","- ",38.775489807128906,-121.30441284179688,PLACER,ROSEVILLE,-121.30397033691406,38.775260925292969
9380623,2021,2022-01-25,3105,2021-12-23,0003,1149,,4,5,5,3105,0,0,0,,0,006,"FOOTHILLS BL","PILGRIMS DR",0.00,,Y,C,-,N,,,,,,,,,,Y,3,0,2,2,A,-,12,21453,,N,D,C,A,B,H,-,C,A,0,,,,,Y,,A,01,0,1,1,0,0,0,0,0,0,"- ","- ",38.755428314208984,-121.31005859375,PLACER,ROSEVILLE,-121.30999755859375,38.755405426025391
9380624,2021,2022-01-25,3105,2021-12-28,2500,1133,,2,5,5,3105,0,0,0,,0,002,"S CIRBY WY","OLD AUBURN RD",629.00,N,N,A,-,N,,,,,,,,,,Y,4,0,4,1,A,-,03,22350,,N,E,I,A,A,H,-,C,D,0,,,,,Y,,A,01,0,0,4,0,0,0,0,0,0,"- ","- ",38.721588134765625,-121.2451171875,PLACER,ROSEVILLE,-121.24617004394531,38.723121643066406
9380894,2021,2022-01-25,3105,2021-12-18,1427,588,,6,5,5,3105,0,0,0,,0,001,"ROSEVILLE PKWY","WEST DR",0.00,,Y,B,-,N,,,,,,,,,,N,4,0,1,2,A,-,03,22350,,N,C,C,A,A,H,-,A,A,0,,,,,Y,,A,81,0,0,1,0,0,0,0,0,0,"- ","- ",38.772369384765625,-121.27304840087891,PLACER,ROSEVILLE,-121.27301788330078,38.772350311279297
9380898,2021,2022-01-25,3104,2021-12-30,1803,300,43,4,5,4,3104,0,0,0,,0,001,"GRANITE DR","WARREN DR",0.00,,Y,A,-,N,,,,,,,,,,Y,3,0,1,2,A,-,09,21802,A,N,D,C,A,A,H,-,C,A,0,,,Y,,Y,,D,72,0,1,0,0,0,0,0,0,1,"- ","- ",38.790740966796875,-121.21160888671875,PLACER,ROCKLIN,-121.21470642089844,38.797660827636719
9385225,2021,2022-01-12,3104,2021-12-25,0416,254,43,6,5,4,3104,0,0,0,,0,001,"GRANITE DR","SIERRA MEADOWS DR",210.00,W,N,B,-,N,,,,,,,,,,Y,3,0,1,1,A,-,08,22107,,N,E,I,A,B,H,-,C,D,0,,,,,Y,,A,01,0,1,0,0,0,0,0,0,0,"- ","- ",38.791530609130859,-121.22234344482422,PLACER,ROCKLIN,-121.22287750244141,38.791084289550781
9385228,2021,2022-01-12,3104,2021-12-16,0953,283,37,4,5,4,3104,0,0,0,,0,002,"SPRINGVIEW DR","CHRISTOPHER CT",66.00,E,N,A,-,N,,,,,,,,,,N,4,0,1,2,A,-,21,22106,,N,G,B,E,A,H,-,A,D,0,Y,,,,Y,,A,01,0,0,1,0,1,0,0,0,0,"- ","- ",38.777908325195312,-121.25779724121094,PLACER,ROCKLIN,-121.25762939453125,38.777797698974609
9385483,2021,2022-01-10,3103,2021-11-09,1349,BROGR,L4,2,5,2,3103,0,0,0,,0,0L2,"STANMARK LN","E JOINER PKWY",0.00,,Y,C,-,N,,,,,,,,,,N,4,0,1,2,A,-,03,22350,,N,C,C,A,B,H,-,A,A,0,,,,,Y,,D,22,0,0,1,0,0,0,0,0,0,"- ","- ",38.875129699707031,-121.30097198486328,PLACER,LINCOLN,-121.30095672607422,38.875129699707031
9385487,2021,2022-01-31,3103,2021-11-06,1843,JMORR,L5,6,5,2,3103,0,0,0,,0,0L3,"LINCOLN BL","1ST ST",119.00,S,N,A,-,N,,,,,,,,,,N,3,0,1,2,A,-,11,21954,A,N,G,B,D,A,H,-,C,D,0,Y,,,,Y,,N,60,0,1,0,0,1,0,0,0,0,"- ","- ",38.886539459228516,-121.29279327392578,PLACER,LINCOLN,-121.29283142089844,38.886215209960938
9385513,2021,2022-01-12,3104,2021-12-09,1203,301,11,4,5,4,3104,0,0,0,,0,004,"SUNSET BL","WEST OAKS BL",140.00,S,N,B,-,N,,,,,,,,,,Y,4,0,2,2,A,-,03,22350,,N,D,C,A,B,H,-,A,D,0,,,,,Y,,D,22,0,0,2,0,0,0,0,0,0,"- ","- ",38.8106689453125,-121.2830810546875,PLACER,ROCKLIN,-121.28350067138672,38.810749053955078
9385517,2021,2022-01-12,3104,2021-12-29,1706,277,38,3,5,4,3104,0,0,0,,0,003,"FAIRWAY DR","SUMMERFIELD DR",0.00,,Y,C,-,N,,,,,,,,,,Y,4,0,1,2,A,-,03,22350,,N,C,C,A,B,H,-,C,D,0,,,,,Y,,A,01,0,0,1,0,0,0,0,0,0,"- ","- ",38.789390563964844,-121.26357269287109,PLACER,ROCKLIN,-121.26358795166016,38.789371490478516
9385541,2021,2022-01-19,3105,2021-11-12,1710,1170,,5,5,5,3105,0,0,0,,0,002,"ATLANTIC ST","RT 80",0.00,,Y,E,-,Y,PLA,3,80,-,-,3.181,R,4,W,Y,4,0,1,4,A,-,07,21658,A,N,C,-,A,B,-,-,B,A,0,,,,,Y,,A,01,0,0,1,0,0,0,0,0,0,"- ","- ",38.758049011230469,-121.26165008544922,PLACER,ROSEVILLE,-121.26048278808594,38.760066986083984
9385543,2021,2022-01-11,3103,2021-11-30,1508,BROGR,L5,2,5,2,3103,0,0,0,,0,0L3,"GATEWAY DR","LINCOLN BL",0.00,,Y,A,-,N,,,,,,,,,,Y,3,0,1,3,A,-,03,22350,,N,D,C,A,A,H,-,A,A,0,,,,,Y,,A,01,0,1,0,0,0,0,0,0,0,"- ","- ",38.884380340576172,-121.29344177246094,PLACER,LINCOLN,-121.29347991943359,38.8843994140625
9386690,2021,2022-01-13,3105,2021-12-16,1928,1108,,4,5,5,3105,0,0,0,,0,002,"EUREKA RD","NORTH SUNRISE AV",0.00,,Y,A,-,N,,,,,,,,,,Y,4,0,3,2,A,-,12,21453,A,N,D,C,A,A,H,-,C,A,0,,,,,Y,,A,01,0,0,3,0,0,0,0,0,0,"- ","- ",,,PLACER,ROSEVILLE,-121.255126953125,38.755584716796875
9386692,2021,2022-01-13,3105,2021-12-06,1650,143,,1,5,5,3105,0,0,0,,0,002,"NORTH SUNRISE AV","LEAD HILL BL",55.00,S,N,B,-,N,,,,,,,,,,N,4,0,1,3,A,-,03,22350,,N,C,C,A,B,H,-,C,A,0,,,,,Y,,A,01,0,0,1,0,0,0,0,0,0,"- ","- ",38.750820159912109,-121.26334381103516,PLACER,ROSEVILLE,-121.26345062255859,38.750705718994141
9387948,2021,2022-01-21,3105,2021-12-29,0059,1138,,3,5,5,3105,0,0,0,,0,007,"PLEASANT GROVE BL","FIDDYMENT RD",0.00,,Y,C,-,N,,,,,,,,,,Y,3,0,2,2,A,-,12,21453,A,N,D,C,A,B,H,-,C,A,0,,,,,Y,,D,22,0,2,0,0,0,0,0,0,0,"- ","- ",38.766159057617188,-121.35871124267578,PLACER,ROSEVILLE,-121.35873413085938,38.766292572021484
9387960,2021,2022-03-11,3105,2021-12-28,1435,180,,2,5,5,3105,0,0,0,,0,006,"BLUE OAKS BL","DIAMOND CREEK BL",0.00,,Y,A,-,N,,,,,,,,,,Y,4,0,2,2,A,-,12,21453,A,N,D,C,A,A,H,-,A,A,0,,,,,Y,,D,22,0,0,2,0,0,0,0,0,0,"- ","- ",38.795211791992188,-121.33399963378906,PLACER,ROSEVILLE,-121.333984375,38.795482635498047
9388665,2021,2022-01-14,3105,2021-12-10,1355,3034,,5,5,5,3105,0,0,0,,0,003,"VERNON ST","S GRANT ST",6.00,E,N,A,-,N,,,,,,,,,,N,4,0,1,2,A,-,08,22107,,N,D,G,A,A,H,-,A,A,0,,Y,,,Y,,L,04,0,0,1,0,0,0,1,0,0,"- ","- ",38.7489013671875,-121.28471374511719,PLACER,ROSEVILLE,-121.28519439697266,38.748092651367188
9388666,2021,2022-01-14,3105,2021-12-09,1359,1172,,4,5,5,3105,0,0,0,,0,002,"DOUGLAS BL","SANTA CLARA DR",214.00,E,N,A,-,N,,,,,,,,,,Y,4,0,2,2,B,-,22,,,N,C,C,A,A,H,-,A,A,0,,,,,Y,,A,01,0,0,2,0,0,0,0,0,0,"- ","- ",38.743820190429688,-121.26143646240234,PLACER,ROSEVILLE,-121.26142883300781,38.744228363037109
9389282,2021,2022-01-25,3105,2021-11-28,0241,1138,,7,5,5,3105,0,0,0,,0,006,"INDUSTRIAL AV","GALILEE RD",0.00,,Y,A,-,N,,,,,,,,,,Y,3,0,1,1,A,-,01,23152,A,N,F,J,A,A,H,-,C,D,0,,,,,Y,Y,A,01,0,1,0,0,0,0,0,0,0,"- ","- ",38.777149200439453,-121.30380249023438,PLACER,ROSEVILLE,-121.30606079101562,38.778640747070312
9389642,2021,2022-01-19,3105,2021-12-17,1738,1170,,5,5,5,3105,0,0,0,,0,002,"SUNRISE AV","SUN DOWN LN",0.00,,Y,A,-,N,,,,,,,,,,N,3,0,2,2,A,-,09,21801,B,N,D,G,A,A,H,-,C,D,0,,Y,,,Y,,L,04,0,2,0,0,0,0,1,0,0,"- ","- ",38.733180999755859,-121.27204895019531,PLACER,ROSEVILLE,-121.27204895019531,38.733200073242188
9389654,2021,2022-01-13,3105,2021-12-05,0818,1117,,7,5,5,3105,0,0,0,,0,004,"VINEYARD RD","ATKINSON ST",0.00,,Y,B,-,N,,,,,,,,,,N,4,0,1,2,A,-,09,21804,B,N,D,C,A,B,H,-,A,D,0,,,,,Y,,-,"- ",0,0,1,0,0,0,0,0,0,"- ","- ",38.744010925292969,-121.29971313476562,PLACER,ROSEVILLE,-121.29972839355469,38.743999481201172
9390087,2021,2022-01-14,3105,2021-11-19,2150,1172,,5,5,5,3105,0,0,0,,0,003,"DOUGLAS BL","HARDING BL",547.00,E,N,A,-,N,,,,,,,,,,Y,4,0,1,2,D,-,00,,,F,C,C,A,A,H,-,C,A,0,,,,,Y,,-,"- ",0,0,1,0,0,0,0,0,0,"- ","- ",38.743289947509766,-121.27037811279297,PLACER,ROSEVILLE,-121.27244567871094,38.744029998779297
9392466,2021,2022-01-27,3105,2021-12-29,1451,180,,3,5,5,3105,0,0,0,,0,002,"DOUGLAS BL","SIERRA COLLEGE BL",921.00,E,N,C,-,N,,,,,,,,,,Y,3,0,1,2,A,-,03,22350,,N,C,C,A,B,H,-,A,D,0,,,,,Y,,A,01,0,1,0,0,0,0,0,0,0,"- ","- ",38.743858337402344,-121.22617340087891,PLACER,ROSEVILLE,-121.22299194335938,38.743858337402344
9400322,2021,2022-02-08,3105,2021-12-23,1240,1121,,4,5,5,3105,0,0,0,,0,003,"CIRBY WY","RIVERSIDE AV",160.00,W,N,B,-,N,,,,,,,,,,N,4,0,1,2,A,-,03,22350,,M,C,C,A,B,H,-,A,A,0,,,,,Y,,-,,0,0,1,0,0,0,0,0,0,"- ","- ",38.729339599609375,-121.29048156738281,PLACER,ROSEVILLE,-121.29102325439453,38.729343414306641